<?xml version="1.0" encoding="UTF-8"?>
<kml xmlns="http://www.opengis.net/kml/2.2"><Document>
  <name>Olifant</name><description>Boucles de 10 a 15 km autour de Metz, et dix balades d'une heure au depart de la rue des Parmentiers. Celles qui partent a pied se retrouvent sur le parvis de la gare ; les autres demandent une demi-heure de voiture. Deux trajets en plus, qui vont aux commerces de Borny a pied, et trois boucles d'une matinee qui partent du Centre Pompidou vers des quartiers que les autres ne traversent pas.</description>
  <Style id="depart"><IconStyle><scale>1.2</scale><Icon><href>http://maps.google.com/mapfiles/kml/paddle/grn-circle.png</href></Icon></IconStyle></Style>
  <Style id="etape"><IconStyle><Icon><href>http://maps.google.com/mapfiles/kml/paddle/wht-blank.png</href></Icon></IconStyle></Style>
  <Folder><name>La Seille et les commerces de Borny</name><description>10.3 km. D+ 55 m. 36 % de chemins. Une course a pied plutot qu'une escapade : on descend la Seille et son parc, on traverse le Technopole jusqu'au centre commercial de Borny, et on rentre par le plus court. La seule boucle qui ne se referme pas sur la campagne.</description>
    <Placemark><name>Depart : Rue des Parmentiers, Metz</name><description>Depart des deux boucles vers Borny, dans la Nouvelle Ville. A dix minutes a pied de la gare, dont il partage les commodites.</description><styleUrl>#depart</styleUrl><Point><coordinates>6.1768700,49.1153870,0</coordinates></Point></Placemark>
    <Placemark><name>1. Parc de la Seille</name><description>Prairies humides et roselieres au bord de la Seille. Herons.</description><styleUrl>#etape</styleUrl><Point><coordinates>6.1849680,49.1066100,0</coordinates></Point></Placemark>
    <Placemark><name>2. Centre commercial de Borny</name><description>L'ancien Cora, passe sous l'enseigne Carrefour ; galerie, cafe et toilettes. Le seul ravitaillement a mi-parcours des deux boucles de l'est.</description><styleUrl>#etape</styleUrl><Point><coordinates>6.2272340,49.1057150,0</coordinates></Point></Placemark>
    <Style id="t1"><LineStyle><color>ff4A6B8C</color><width>4</width></LineStyle></Style>
    <Placemark><name>La Seille et les commerces de Borny</name><description>10.3 km. D+ 55 m. 36 % de chemins. Une course a pied plutot qu'une escapade : on descend la Seille et son parc, on traverse le Technopole jusqu'au centre commercial de Borny, et on rentre par le plus court. La seule boucle qui ne se referme pas sur la campagne.</description><styleUrl>#t1</styleUrl><LineString><tessellate>1</tessellate><coordinates>6.1768670,49.1153870,174 6.1766270,49.1151930,174 6.1763740,49.1150400,174 6.1761790,49.1149300,174 6.1761630,49.1149200,174 6.1759210,49.1147900,174 6.1763650,49.1146430,174 6.1766400,49.1145180,174 6.1770090,49.1143590,174 6.1771560,49.1143000,173 6.1773110,49.1142490,172 6.1780590,49.1140180,171 6.1780930,49.1140020,171 6.1781230,49.1139770,171 6.1781770,49.1139240,171 6.1782120,49.1138680,171 6.1782300,49.1138140,171 6.1782480,49.1136600,171 6.1782470,49.1135520,171 6.1783200,49.1134780,171 6.1783750,49.1133740,171 6.1784080,49.1133240,171 6.1784310,49.1132230,171 6.1784810,49.1129500,171 6.1785030,49.1128520,171 6.1785190,49.1127060,171 6.1784930,49.1126750,171 6.1784890,49.1126550,171 6.1784850,49.1126330,171 6.1784690,49.1125350,171 6.1784690,49.1125250,171 6.1784750,49.1123560,172 6.1784370,49.1123030,172 6.1784020,49.1122710,172 6.1784030,49.1122030,172 6.1785410,49.1118160,172 6.1785990,49.1118250,172 6.1786240,49.1118290,172 6.1786900,49.1118380,172 6.1787140,49.1118060,172 6.1787390,49.1117920,172 6.1787570,49.1117320,172 6.1787750,49.1116760,172 6.1788020,49.1115870,172 6.1788200,49.1115270,172 6.1789100,49.1112790,172 6.1789390,49.1111550,172 6.1790080,49.1111160,172 6.1790440,49.1110830,172 6.1791430,49.1109830,172 6.1790250,49.1109300,172 6.1790420,49.1109020,172 6.1790850,49.1108380,172 6.1798980,49.1094690,173 6.1801350,49.1090570,173 6.1801890,49.1089850,173 6.1801370,49.1089690,172 6.1800570,49.1089470,172 6.1801180,49.1088420,172 6.1801550,49.1088080,172 6.1802210,49.1087830,172 6.1802700,49.1086080,172 6.1803450,49.1086530,172 6.1806420,49.1081610,171 6.1807420,49.1080150,171 6.1809290,49.1077440,171 6.1809750,49.1077000,171 6.1810350,49.1076610,171 6.1811230,49.1076290,171 6.1811800,49.1076210,171 6.1812390,49.1076120,171 6.1825490,49.1076960,171 6.1829870,49.1077260,173 6.1829890,49.1077060,172 6.1829990,49.1076110,172 6.1830050,49.1075710,172 6.1830140,49.1075180,171 6.1831850,49.1075310,170 6.1832290,49.1075150,170 6.1832440,49.1074910,170 6.1833290,49.1074970,170 6.1834120,49.1075020,170 6.1836170,49.1075120,170 6.1836340,49.1074180,170 6.1838590,49.1074340,170 6.1839010,49.1074370,170 6.1847110,49.1066060,170 6.1849620,49.1066240,170 6.1849640,49.1066090,169 6.1849620,49.1066240,170 6.1850780,49.1066320,169 6.1851400,49.1067400,169 6.1852140,49.1069500,168 6.1852240,49.1070160,168 6.1852320,49.1075280,169 6.1860800,49.1075910,168 6.1861100,49.1074060,168 6.1861190,49.1073520,168 6.1861450,49.1073240,168 6.1863250,49.1062780,167 6.1863420,49.1062490,167 6.1863460,49.1062100,168 6.1864140,49.1062100,168 6.1866520,49.1061880,168 6.1870000,49.1061450,168 6.1873180,49.1061070,168 6.1873730,49.1061000,168 6.1874010,49.1060970,168 6.1874490,49.1060910,169 6.1874620,49.1061530,169 6.1874760,49.1061990,169 6.1875290,49.1061890,169 6.1875620,49.1061820,169 6.1876220,49.1061700,169 6.1885280,49.1059800,174 6.1885690,49.1059730,174 6.1889190,49.1059060,177 6.1890500,49.1058590,178 6.1892320,49.1058170,180 6.1893830,49.1058150,180 6.1895080,49.1057930,182 6.1896140,49.1057750,183 6.1897140,49.1057670,184 6.1900440,49.1057920,186 6.1902460,49.1057980,189 6.1904640,49.1057780,190 6.1904710,49.1058250,190 6.1904890,49.1059420,190 6.1905040,49.1060450,190 6.1906170,49.1068070,194 6.1907100,49.1068020,194 6.1909670,49.1067890,196 6.1911080,49.1068030,196 6.1912780,49.1068710,196 6.1913920,49.1069250,196 6.1915940,49.1067700,197 6.1916690,49.1066980,197 6.1917450,49.1067190,198 6.1918820,49.1067560,198 6.1920200,49.1068040,198 6.1922660,49.1069270,198 6.1922910,49.1069400,198 6.1924730,49.1070480,199 6.1925360,49.1070850,199 6.1925860,49.1071150,199 6.1932020,49.1074820,202 6.1935060,49.1076630,199 6.1935400,49.1076810,198 6.1935600,49.1076910,198 6.1937950,49.1077860,198 6.1938920,49.1078120,200 6.1940000,49.1078310,201 6.1940690,49.1078410,202 6.1941300,49.1078580,202 6.1943160,49.1079200,203 6.1949140,49.1081780,204 6.1949970,49.1082120,204 6.1951030,49.1082510,204 6.1959880,49.1085820,206 6.1961970,49.1086600,206 6.1962500,49.1086800,206 6.1966690,49.1088370,207 6.1967850,49.1088900,207 6.1968130,49.1088560,207 6.1968360,49.1088280,207 6.1974480,49.1081660,208 6.1975150,49.1080940,209 6.1978550,49.1077130,210 6.1979540,49.1076010,210 6.1980040,49.1076250,210 6.1981420,49.1076770,210 6.1983830,49.1077670,210 6.1994910,49.1081780,210 6.2001410,49.1084210,208 6.2001930,49.1083590,209 6.2003220,49.1084010,208 6.2004210,49.1084380,208 6.2005160,49.1084740,208 6.2006120,49.1085100,207 6.2008900,49.1081950,208 6.2009410,49.1082160,208 6.2009870,49.1082350,208 6.2010250,49.1082520,208 6.2013510,49.1078630,209 6.2014920,49.1078330,209 6.2019450,49.1073800,210 6.2024390,49.1068910,212 6.2025100,49.1068630,212 6.2025780,49.1068670,212 6.2026100,49.1068410,212 6.2031660,49.1065450,212 6.2032070,49.1065130,213 6.2032350,49.1064980,213 6.2032420,49.1064840,213 6.2032370,49.1064670,213 6.2031880,49.1064240,213 6.2031550,49.1063930,214 6.2033120,49.1063150,213 6.2033610,49.1062870,213 6.2033920,49.1062700,213 6.2034380,49.1062440,214 6.2034670,49.1062280,214 6.2038280,49.1059750,214 6.2043350,49.1056160,214 6.2044250,49.1056010,214 6.2045280,49.1055570,214 6.2046020,49.1055030,214 6.2047190,49.1054080,214 6.2048040,49.1053210,214 6.2048880,49.1053170,214 6.2051720,49.1052980,214 6.2052520,49.1052920,214 6.2054150,49.1052810,213 6.2057200,49.1052610,212 6.2061920,49.1052320,211 6.2063290,49.1052230,210 6.2063860,49.1052240,210 6.2065620,49.1052120,210 6.2065940,49.1052100,210 6.2067110,49.1051970,209 6.2068370,49.1051860,209 6.2075600,49.1051340,207 6.2079510,49.1051060,206 6.2080570,49.1050990,206 6.2084710,49.1050690,205 6.2085790,49.1050610,205 6.2086610,49.1050770,204 6.2087320,49.1051050,204 6.2088070,49.1051630,204 6.2088700,49.1052020,204 6.2091640,49.1053360,204 6.2092580,49.1053790,203 6.2093470,49.1054620,203 6.2093380,49.1054740,203 6.2093140,49.1054860,203 6.2093870,49.1055440,203 6.2094440,49.1055900,203 6.2094810,49.1056190,202 6.2095780,49.1055920,202 6.2097000,49.1055980,202 6.2097920,49.1056160,202 6.2099610,49.1056620,202 6.2103160,49.1057960,201 6.2106120,49.1059220,200 6.2114940,49.1062750,199 6.2117130,49.1063590,199 6.2121280,49.1065030,198 6.2125080,49.1066050,198 6.2130230,49.1067120,197 6.2133820,49.1067630,196 6.2136260,49.1067890,196 6.2143410,49.1068440,194 6.2155030,49.1069230,194 6.2168980,49.1070220,193 6.2176180,49.1070660,194 6.2176650,49.1070710,194 6.2179960,49.1071770,194 6.2182700,49.1071790,195 6.2185510,49.1071970,196 6.2188380,49.1072190,196 6.2191940,49.1072230,196 6.2193810,49.1072350,196 6.2196340,49.1072640,196 6.2197600,49.1072670,197 6.2199320,49.1072800,197 6.2203690,49.1072890,198 6.2204950,49.1073070,198 6.2205620,49.1073150,198 6.2207150,49.1073140,198 6.2207980,49.1073290,198 6.2209370,49.1073230,198 6.2209750,49.1073310,198 6.2210300,49.1073240,198 6.2212070,49.1073340,198 6.2212950,49.1073400,199 6.2214190,49.1073490,199 6.2215610,49.1073570,199 6.2216690,49.1072640,199 6.2217200,49.1072090,199 6.2217490,49.1071690,199 6.2216900,49.1071640,199 6.2217130,49.1071400,199 6.2217550,49.1070950,199 6.2218240,49.1070170,199 6.2219800,49.1070140,199 6.2224850,49.1070250,200 6.2226750,49.1070160,200 6.2228110,49.1070300,200 6.2239240,49.1071020,202 6.2244660,49.1071090,202 6.2246460,49.1071360,203 6.2248980,49.1071480,203 6.2260120,49.1071690,204 6.2260620,49.1071860,205 6.2261160,49.1071990,205 6.2262160,49.1072030,205 6.2263300,49.1072080,205 6.2263960,49.1072110,205 6.2266480,49.1072180,206 6.2268860,49.1072170,207 6.2268930,49.1071530,207 6.2269010,49.1070160,207 6.2269350,49.1070170,207 6.2269810,49.1064070,209 6.2269820,49.1063880,209 6.2270060,49.1063880,209 6.2271960,49.1063930,209 6.2272210,49.1063930,209 6.2273490,49.1063970,209 6.2274150,49.1062960,209 6.2274270,49.1061550,209 6.2274150,49.1062960,209 6.2273490,49.1063970,209 6.2272210,49.1063930,209 6.2271960,49.1063930,209 6.2270060,49.1063880,209 6.2269820,49.1063880,209 6.2269810,49.1064070,209 6.2269350,49.1070170,207 6.2269010,49.1070160,207 6.2268930,49.1071530,207 6.2268860,49.1072170,207 6.2266480,49.1072180,206 6.2263960,49.1072110,205 6.2263300,49.1072080,205 6.2262160,49.1072030,205 6.2261160,49.1071990,205 6.2260620,49.1071860,205 6.2260120,49.1071690,204 6.2248980,49.1071480,203 6.2246460,49.1071360,203 6.2244660,49.1071090,202 6.2239240,49.1071020,202 6.2228110,49.1070300,200 6.2226750,49.1070160,200 6.2224850,49.1070250,200 6.2219800,49.1070140,199 6.2218240,49.1070170,199 6.2217550,49.1070950,199 6.2217130,49.1071400,199 6.2216900,49.1071640,199 6.2217490,49.1071690,199 6.2217200,49.1072090,199 6.2216690,49.1072640,199 6.2215610,49.1073570,199 6.2214190,49.1073490,199 6.2212950,49.1073400,199 6.2212070,49.1073340,198 6.2210300,49.1073240,198 6.2209750,49.1073310,198 6.2209370,49.1073230,198 6.2207980,49.1073290,198 6.2207150,49.1073140,198 6.2205620,49.1073150,198 6.2204950,49.1073070,198 6.2203690,49.1072890,198 6.2199320,49.1072800,197 6.2197600,49.1072670,197 6.2196340,49.1072640,196 6.2193810,49.1072350,196 6.2191940,49.1072230,196 6.2188380,49.1072190,196 6.2185510,49.1071970,196 6.2182700,49.1071790,195 6.2179960,49.1071770,194 6.2176650,49.1070710,194 6.2176180,49.1070660,194 6.2168980,49.1070220,193 6.2167890,49.1070330,193 6.2167150,49.1070600,193 6.2166680,49.1070920,192 6.2166230,49.1071360,192 6.2166000,49.1072660,191 6.2166020,49.1073700,191 6.2166140,49.1074600,191 6.2166280,49.1075870,190 6.2166210,49.1076300,190 6.2165820,49.1076790,190 6.2165540,49.1077310,189 6.2165530,49.1077640,189 6.2165860,49.1078130,189 6.2166690,49.1078870,190 6.2166880,49.1079370,190 6.2166840,49.1079900,190 6.2166500,49.1080490,190 6.2165570,49.1081690,189 6.2164660,49.1083170,189 6.2163410,49.1085870,190 6.2162680,49.1087130,190 6.2162600,49.1087540,190 6.2162830,49.1088280,190 6.2162800,49.1088710,190 6.2161770,49.1089970,189 6.2161590,49.1090570,189 6.2161980,49.1092300,189 6.2161770,49.1093010,189 6.2161350,49.1093680,189 6.2160900,49.1094070,189 6.2160460,49.1094280,188 6.2159510,49.1094790,188 6.2157740,49.1096320,188 6.2153540,49.1098840,188 6.2152860,49.1099360,188 6.2152180,49.1100100,188 6.2151000,49.1100980,188 6.2148110,49.1102720,188 6.2145570,49.1104050,188 6.2144290,49.1104950,188 6.2143260,49.1106120,188 6.2142910,49.1106630,188 6.2142700,49.1107460,188 6.2142670,49.1108040,189 6.2142780,49.1108740,190 6.2142760,49.1109780,190 6.2142280,49.1110750,190 6.2141730,49.1111510,190 6.2141270,49.1111810,190 6.2139740,49.1112290,189 6.2138670,49.1112370,188 6.2137070,49.1112350,187 6.2136480,49.1112500,186 6.2134630,49.1113300,188 6.2133410,49.1113500,188 6.2132390,49.1113480,187 6.2130430,49.1113260,186 6.2129450,49.1113210,186 6.2128980,49.1113330,186 6.2128630,49.1113530,186 6.2128370,49.1113640,186 6.2128120,49.1113980,186 6.2125900,49.1113220,186 6.2123370,49.1112250,186 6.2122620,49.1112810,185 6.2122100,49.1113230,185 6.2120770,49.1113650,184 6.2119810,49.1113830,184 6.2114200,49.1114730,184 6.2111360,49.1115240,184 6.2107420,49.1116050,183 6.2104500,49.1116890,183 6.2103060,49.1117540,184 6.2102360,49.1118070,184 6.2101950,49.1118640,184 6.2101990,49.1119230,184 6.2101880,49.1119570,184 6.2101570,49.1119880,184 6.2093940,49.1124660,182 6.2083810,49.1132080,181 6.2079050,49.1135340,181 6.2077760,49.1135890,181 6.2075360,49.1136750,180 6.2072530,49.1137670,180 6.2071840,49.1137970,180 6.2069510,49.1139390,180 6.2066270,49.1141560,179 6.2061240,49.1144140,179 6.2056270,49.1146910,179 6.2053160,49.1148420,179 6.2051420,49.1149010,180 6.2049790,49.1149420,180 6.2049100,49.1149770,180 6.2048720,49.1150260,180 6.2048170,49.1150210,180 6.2047580,49.1150010,181 6.2047130,49.1149770,181 6.2046600,49.1149370,181 6.2045770,49.1149140,182 6.2044930,49.1149180,182 6.2044040,49.1149440,182 6.2042900,49.1149310,183 6.2041720,49.1148920,183 6.2041320,49.1148940,183 6.2041080,49.1148960,183 6.2040700,49.1148540,184 6.2039690,49.1148890,183 6.2039160,49.1149070,183 6.2038860,49.1148670,183 6.2038370,49.1148840,183 6.2037190,49.1149240,183 6.2034670,49.1149300,183 6.2011380,49.1145420,184 6.2009620,49.1145150,184 6.1994520,49.1142940,184 6.1993360,49.1142760,184 6.1993250,49.1142740,184 6.1990880,49.1142360,184 6.1986620,49.1141740,183 6.1985970,49.1141650,183 6.1983810,49.1141340,183 6.1982600,49.1141190,182 6.1981210,49.1141180,182 6.1976170,49.1141080,182 6.1974760,49.1141000,181 6.1969400,49.1140480,180 6.1968190,49.1140390,180 6.1964320,49.1139980,180 6.1963840,49.1139960,180 6.1963380,49.1139940,180 6.1962410,49.1139900,180 6.1947790,49.1139770,178 6.1944390,49.1139880,178 6.1940120,49.1140010,178 6.1938280,49.1140230,178 6.1930250,49.1141090,178 6.1925640,49.1141570,178 6.1920010,49.1142150,178 6.1918330,49.1142280,178 6.1917290,49.1142130,178 6.1916160,49.1141820,179 6.1915220,49.1142950,178 6.1913790,49.1144130,177 6.1912330,49.1145260,177 6.1911510,49.1145620,178 6.1910470,49.1145900,177 6.1909460,49.1146050,177 6.1905050,49.1146290,177 6.1898650,49.1146690,175 6.1897630,49.1146600,175 6.1896470,49.1146240,175 6.1894610,49.1145450,175 6.1893370,49.1145050,175 6.1885620,49.1143560,173 6.1883300,49.1143160,172 6.1881520,49.1142900,173 6.1877680,49.1142910,172 6.1877360,49.1142840,172 6.1874970,49.1141540,172 6.1873780,49.1140880,172 6.1872260,49.1139870,173 6.1869630,49.1138120,171 6.1866980,49.1136350,171 6.1864460,49.1134680,171 6.1863560,49.1134430,171 6.1862840,49.1134200,171 6.1862370,49.1134060,171 6.1860810,49.1133510,171 6.1858300,49.1132630,170 6.1857430,49.1132240,169 6.1857050,49.1131960,168 6.1853460,49.1129400,169 6.1853180,49.1129060,170 6.1853030,49.1128700,170 6.1853170,49.1127050,170 6.1852170,49.1126990,171 6.1851650,49.1126980,171 6.1851030,49.1126960,171 6.1850330,49.1127300,171 6.1849860,49.1127590,171 6.1849230,49.1127270,171 6.1848730,49.1127110,172 6.1847900,49.1127030,172 6.1847160,49.1127180,172 6.1846850,49.1127340,172 6.1843210,49.1130000,172 6.1842810,49.1130760,172 6.1842690,49.1131250,171 6.1840280,49.1132690,170 6.1839270,49.1133210,170 6.1838920,49.1133250,170 6.1838380,49.1132890,170 6.1837490,49.1132210,170 6.1837020,49.1131800,170 6.1835790,49.1132190,170 6.1835430,49.1132380,170 6.1834450,49.1132920,170 6.1833560,49.1133410,170 6.1833030,49.1133700,170 6.1832120,49.1134190,170 6.1831170,49.1133500,170 6.1830500,49.1133470,170 6.1829330,49.1133420,170 6.1829010,49.1133450,169 6.1828110,49.1134460,169 6.1827230,49.1135630,169 6.1826720,49.1136440,169 6.1824760,49.1139090,169 6.1821880,49.1142930,169 6.1820490,49.1144920,168 6.1819950,49.1145160,168 6.1820030,49.1145300,168 6.1820260,49.1145750,168 6.1819340,49.1145940,168 6.1818970,49.1146020,168 6.1818140,49.1146130,168 6.1813870,49.1145480,169 6.1812700,49.1145300,169 6.1812220,49.1145230,169 6.1811960,49.1145540,169 6.1811580,49.1146180,169 6.1811330,49.1146890,169 6.1810110,49.1150540,169 6.1809620,49.1151830,169 6.1809120,49.1152480,169 6.1808400,49.1152730,169 6.1807950,49.1152720,169 6.1801280,49.1151760,170 6.1800240,49.1151620,170 6.1799290,49.1151380,170 6.1796650,49.1151010,170 6.1792870,49.1150440,170 6.1791810,49.1150290,170 6.1791060,49.1150170,170 6.1790670,49.1151530,170 6.1790270,49.1152440,171 6.1789690,49.1152370,171 6.1789320,49.1153480,171 6.1788590,49.1153520,171 6.1786040,49.1153680,171 6.1785200,49.1153910,172 6.1785410,49.1155690,172 6.1785220,49.1155990,172 6.1784910,49.1156250,172 6.1781300,49.1156960,174 6.1778990,49.1157770,174 6.1776380,49.1158940,174 6.1774070,49.1160140,174 6.1772820,49.1158090,174 6.1770330,49.1155220,175 6.1768670,49.1153870,174</coordinates></LineString></Placemark>
  </Folder>
  <Folder><name>Borny par le plus court</name><description>9.6 km. D+ 38 m. 39 % de chemins. Le meme but en trois quarts d'heure de moins : l'aller et le retour par le meme trace, celui que le routeur juge le plus court. Assume comme un aller-retour, pas comme une boucle.</description>
    <Placemark><name>Depart : Rue des Parmentiers, Metz</name><description>Depart des deux boucles vers Borny, dans la Nouvelle Ville. A dix minutes a pied de la gare, dont il partage les commodites.</description><styleUrl>#depart</styleUrl><Point><coordinates>6.1768700,49.1153870,0</coordinates></Point></Placemark>
    <Placemark><name>1. Centre commercial de Borny</name><description>L'ancien Cora, passe sous l'enseigne Carrefour ; galerie, cafe et toilettes. Le seul ravitaillement a mi-parcours des deux boucles de l'est.</description><styleUrl>#etape</styleUrl><Point><coordinates>6.2272340,49.1057150,0</coordinates></Point></Placemark>
    <Style id="t2"><LineStyle><color>ffA0455B</color><width>4</width></LineStyle></Style>
    <Placemark><name>Borny par le plus court</name><description>9.6 km. D+ 38 m. 39 % de chemins. Le meme but en trois quarts d'heure de moins : l'aller et le retour par le meme trace, celui que le routeur juge le plus court. Assume comme un aller-retour, pas comme une boucle.</description><styleUrl>#t2</styleUrl><LineString><tessellate>1</tessellate><coordinates>6.1768670,49.1153870,174 6.1770330,49.1155220,175 6.1772820,49.1158090,174 6.1774070,49.1160140,174 6.1776380,49.1158940,174 6.1778990,49.1157770,174 6.1781300,49.1156960,174 6.1784910,49.1156250,172 6.1785220,49.1155990,172 6.1785410,49.1155690,172 6.1785200,49.1153910,172 6.1786040,49.1153680,171 6.1788590,49.1153520,171 6.1789320,49.1153480,171 6.1789690,49.1152370,171 6.1790270,49.1152440,171 6.1790670,49.1151530,170 6.1791060,49.1150170,170 6.1791810,49.1150290,170 6.1792870,49.1150440,170 6.1796650,49.1151010,170 6.1799290,49.1151380,170 6.1800240,49.1151620,170 6.1801280,49.1151760,170 6.1807950,49.1152720,169 6.1808400,49.1152730,169 6.1809120,49.1152480,169 6.1809620,49.1151830,169 6.1810110,49.1150540,169 6.1811330,49.1146890,169 6.1811580,49.1146180,169 6.1811960,49.1145540,169 6.1812220,49.1145230,169 6.1812700,49.1145300,169 6.1813870,49.1145480,169 6.1818140,49.1146130,168 6.1818970,49.1146020,168 6.1819340,49.1145940,168 6.1820260,49.1145750,168 6.1820030,49.1145300,168 6.1819950,49.1145160,168 6.1820490,49.1144920,168 6.1821880,49.1142930,169 6.1824760,49.1139090,169 6.1826720,49.1136440,169 6.1827230,49.1135630,169 6.1828110,49.1134460,169 6.1829010,49.1133450,169 6.1829330,49.1133420,170 6.1830500,49.1133470,170 6.1831170,49.1133500,170 6.1832120,49.1134190,170 6.1833030,49.1133700,170 6.1833560,49.1133410,170 6.1834450,49.1132920,170 6.1835430,49.1132380,170 6.1835790,49.1132190,170 6.1837020,49.1131800,170 6.1837490,49.1132210,170 6.1838380,49.1132890,170 6.1838920,49.1133250,170 6.1839270,49.1133210,170 6.1840280,49.1132690,170 6.1842690,49.1131250,171 6.1842810,49.1130760,172 6.1843210,49.1130000,172 6.1846850,49.1127340,172 6.1847160,49.1127180,172 6.1847900,49.1127030,172 6.1848730,49.1127110,172 6.1849230,49.1127270,171 6.1849860,49.1127590,171 6.1850330,49.1127300,171 6.1851030,49.1126960,171 6.1851650,49.1126980,171 6.1852170,49.1126990,171 6.1853170,49.1127050,170 6.1853030,49.1128700,170 6.1853180,49.1129060,170 6.1853460,49.1129400,169 6.1857050,49.1131960,168 6.1857430,49.1132240,169 6.1858300,49.1132630,170 6.1860810,49.1133510,171 6.1862370,49.1134060,171 6.1862840,49.1134200,171 6.1863560,49.1134430,171 6.1864460,49.1134680,171 6.1866980,49.1136350,171 6.1869630,49.1138120,171 6.1872260,49.1139870,173 6.1873780,49.1140880,172 6.1874970,49.1141540,172 6.1877360,49.1142840,172 6.1877680,49.1142910,172 6.1881520,49.1142900,173 6.1883300,49.1143160,172 6.1885620,49.1143560,173 6.1893370,49.1145050,175 6.1894610,49.1145450,175 6.1896470,49.1146240,175 6.1897630,49.1146600,175 6.1898650,49.1146690,175 6.1905050,49.1146290,177 6.1909460,49.1146050,177 6.1910470,49.1145900,177 6.1911510,49.1145620,178 6.1912330,49.1145260,177 6.1913790,49.1144130,177 6.1915220,49.1142950,178 6.1916160,49.1141820,179 6.1917290,49.1142130,178 6.1918330,49.1142280,178 6.1920010,49.1142150,178 6.1925640,49.1141570,178 6.1930250,49.1141090,178 6.1938280,49.1140230,178 6.1940120,49.1140010,178 6.1944390,49.1139880,178 6.1947790,49.1139770,178 6.1962410,49.1139900,180 6.1963380,49.1139940,180 6.1963840,49.1139960,180 6.1964320,49.1139980,180 6.1968190,49.1140390,180 6.1969400,49.1140480,180 6.1974760,49.1141000,181 6.1976170,49.1141080,182 6.1981210,49.1141180,182 6.1982600,49.1141190,182 6.1983810,49.1141340,183 6.1985970,49.1141650,183 6.1986620,49.1141740,183 6.1990880,49.1142360,184 6.1993250,49.1142740,184 6.1993360,49.1142760,184 6.1994520,49.1142940,184 6.2009620,49.1145150,184 6.2011380,49.1145420,184 6.2034670,49.1149300,183 6.2037190,49.1149240,183 6.2038370,49.1148840,183 6.2038860,49.1148670,183 6.2039160,49.1149070,183 6.2039690,49.1148890,183 6.2040700,49.1148540,184 6.2041080,49.1148960,183 6.2041320,49.1148940,183 6.2041720,49.1148920,183 6.2042900,49.1149310,183 6.2044040,49.1149440,182 6.2044930,49.1149180,182 6.2045770,49.1149140,182 6.2046600,49.1149370,181 6.2047130,49.1149770,181 6.2047580,49.1150010,181 6.2048170,49.1150210,180 6.2048720,49.1150260,180 6.2049100,49.1149770,180 6.2049790,49.1149420,180 6.2051420,49.1149010,180 6.2053160,49.1148420,179 6.2056270,49.1146910,179 6.2061240,49.1144140,179 6.2066270,49.1141560,179 6.2069510,49.1139390,180 6.2071840,49.1137970,180 6.2072530,49.1137670,180 6.2075360,49.1136750,180 6.2077760,49.1135890,181 6.2079050,49.1135340,181 6.2083810,49.1132080,181 6.2093940,49.1124660,182 6.2101570,49.1119880,184 6.2101880,49.1119570,184 6.2101990,49.1119230,184 6.2101950,49.1118640,184 6.2102360,49.1118070,184 6.2103060,49.1117540,184 6.2104500,49.1116890,183 6.2107420,49.1116050,183 6.2111360,49.1115240,184 6.2114200,49.1114730,184 6.2119810,49.1113830,184 6.2120770,49.1113650,184 6.2122100,49.1113230,185 6.2122620,49.1112810,185 6.2123370,49.1112250,186 6.2125900,49.1113220,186 6.2128120,49.1113980,186 6.2128370,49.1113640,186 6.2128630,49.1113530,186 6.2128980,49.1113330,186 6.2129450,49.1113210,186 6.2130430,49.1113260,186 6.2132390,49.1113480,187 6.2133410,49.1113500,188 6.2134630,49.1113300,188 6.2136480,49.1112500,186 6.2137070,49.1112350,187 6.2138670,49.1112370,188 6.2139740,49.1112290,189 6.2141270,49.1111810,190 6.2141730,49.1111510,190 6.2142280,49.1110750,190 6.2142760,49.1109780,190 6.2142780,49.1108740,190 6.2142670,49.1108040,189 6.2142700,49.1107460,188 6.2142910,49.1106630,188 6.2143260,49.1106120,188 6.2144290,49.1104950,188 6.2145570,49.1104050,188 6.2148110,49.1102720,188 6.2151000,49.1100980,188 6.2152180,49.1100100,188 6.2152860,49.1099360,188 6.2153540,49.1098840,188 6.2157740,49.1096320,188 6.2159510,49.1094790,188 6.2160460,49.1094280,188 6.2160900,49.1094070,189 6.2161350,49.1093680,189 6.2161770,49.1093010,189 6.2161980,49.1092300,189 6.2161590,49.1090570,189 6.2161770,49.1089970,189 6.2162800,49.1088710,190 6.2162830,49.1088280,190 6.2162600,49.1087540,190 6.2162680,49.1087130,190 6.2163410,49.1085870,190 6.2164660,49.1083170,189 6.2165570,49.1081690,189 6.2166500,49.1080490,190 6.2166840,49.1079900,190 6.2166880,49.1079370,190 6.2166690,49.1078870,190 6.2165860,49.1078130,189 6.2165530,49.1077640,189 6.2165540,49.1077310,189 6.2165820,49.1076790,190 6.2166210,49.1076300,190 6.2166280,49.1075870,190 6.2166140,49.1074600,191 6.2166020,49.1073700,191 6.2166000,49.1072660,191 6.2166230,49.1071360,192 6.2166680,49.1070920,192 6.2167150,49.1070600,193 6.2167890,49.1070330,193 6.2168980,49.1070220,193 6.2176180,49.1070660,194 6.2176650,49.1070710,194 6.2179960,49.1071770,194 6.2182700,49.1071790,195 6.2185510,49.1071970,196 6.2188380,49.1072190,196 6.2191940,49.1072230,196 6.2193810,49.1072350,196 6.2196340,49.1072640,196 6.2197600,49.1072670,197 6.2199320,49.1072800,197 6.2203690,49.1072890,198 6.2204950,49.1073070,198 6.2205620,49.1073150,198 6.2207150,49.1073140,198 6.2207980,49.1073290,198 6.2209370,49.1073230,198 6.2209750,49.1073310,198 6.2210300,49.1073240,198 6.2212070,49.1073340,198 6.2212950,49.1073400,199 6.2214190,49.1073490,199 6.2215610,49.1073570,199 6.2216690,49.1072640,199 6.2217200,49.1072090,199 6.2217490,49.1071690,199 6.2216900,49.1071640,199 6.2217130,49.1071400,199 6.2217550,49.1070950,199 6.2218240,49.1070170,199 6.2219800,49.1070140,199 6.2224850,49.1070250,200 6.2226750,49.1070160,200 6.2228110,49.1070300,200 6.2239240,49.1071020,202 6.2244660,49.1071090,202 6.2246460,49.1071360,203 6.2248980,49.1071480,203 6.2260120,49.1071690,204 6.2260620,49.1071860,205 6.2261160,49.1071990,205 6.2262160,49.1072030,205 6.2263300,49.1072080,205 6.2263960,49.1072110,205 6.2266480,49.1072180,206 6.2268860,49.1072170,207 6.2268930,49.1071530,207 6.2269010,49.1070160,207 6.2269350,49.1070170,207 6.2269810,49.1064070,209 6.2269820,49.1063880,209 6.2270060,49.1063880,209 6.2271960,49.1063930,209 6.2272210,49.1063930,209 6.2273490,49.1063970,209 6.2274150,49.1062960,209 6.2274270,49.1061550,209 6.2274150,49.1062960,209 6.2273490,49.1063970,209 6.2272210,49.1063930,209 6.2271960,49.1063930,209 6.2270060,49.1063880,209 6.2269820,49.1063880,209 6.2269810,49.1064070,209 6.2269350,49.1070170,207 6.2269010,49.1070160,207 6.2268930,49.1071530,207 6.2268860,49.1072170,207 6.2266480,49.1072180,206 6.2263960,49.1072110,205 6.2263300,49.1072080,205 6.2262160,49.1072030,205 6.2261160,49.1071990,205 6.2260620,49.1071860,205 6.2260120,49.1071690,204 6.2248980,49.1071480,203 6.2246460,49.1071360,203 6.2244660,49.1071090,202 6.2239240,49.1071020,202 6.2228110,49.1070300,200 6.2226750,49.1070160,200 6.2224850,49.1070250,200 6.2219800,49.1070140,199 6.2218240,49.1070170,199 6.2217550,49.1070950,199 6.2217130,49.1071400,199 6.2216900,49.1071640,199 6.2217490,49.1071690,199 6.2217200,49.1072090,199 6.2216690,49.1072640,199 6.2215610,49.1073570,199 6.2214190,49.1073490,199 6.2212950,49.1073400,199 6.2212070,49.1073340,198 6.2210300,49.1073240,198 6.2209750,49.1073310,198 6.2209370,49.1073230,198 6.2207980,49.1073290,198 6.2207150,49.1073140,198 6.2205620,49.1073150,198 6.2204950,49.1073070,198 6.2203690,49.1072890,198 6.2199320,49.1072800,197 6.2197600,49.1072670,197 6.2196340,49.1072640,196 6.2193810,49.1072350,196 6.2191940,49.1072230,196 6.2188380,49.1072190,196 6.2185510,49.1071970,196 6.2182700,49.1071790,195 6.2179960,49.1071770,194 6.2176650,49.1070710,194 6.2176180,49.1070660,194 6.2168980,49.1070220,193 6.2167890,49.1070330,193 6.2167150,49.1070600,193 6.2166680,49.1070920,192 6.2166230,49.1071360,192 6.2166000,49.1072660,191 6.2166020,49.1073700,191 6.2166140,49.1074600,191 6.2166280,49.1075870,190 6.2166210,49.1076300,190 6.2165820,49.1076790,190 6.2165540,49.1077310,189 6.2165530,49.1077640,189 6.2165860,49.1078130,189 6.2166690,49.1078870,190 6.2166880,49.1079370,190 6.2166840,49.1079900,190 6.2166500,49.1080490,190 6.2165570,49.1081690,189 6.2164660,49.1083170,189 6.2163410,49.1085870,190 6.2162680,49.1087130,190 6.2162600,49.1087540,190 6.2162830,49.1088280,190 6.2162800,49.1088710,190 6.2161770,49.1089970,189 6.2161590,49.1090570,189 6.2161980,49.1092300,189 6.2161770,49.1093010,189 6.2161350,49.1093680,189 6.2160900,49.1094070,189 6.2160460,49.1094280,188 6.2159510,49.1094790,188 6.2157740,49.1096320,188 6.2153540,49.1098840,188 6.2152860,49.1099360,188 6.2152180,49.1100100,188 6.2151000,49.1100980,188 6.2148110,49.1102720,188 6.2145570,49.1104050,188 6.2144290,49.1104950,188 6.2143260,49.1106120,188 6.2142910,49.1106630,188 6.2142700,49.1107460,188 6.2142670,49.1108040,189 6.2142780,49.1108740,190 6.2142760,49.1109780,190 6.2142280,49.1110750,190 6.2141730,49.1111510,190 6.2141270,49.1111810,190 6.2139740,49.1112290,189 6.2138670,49.1112370,188 6.2137070,49.1112350,187 6.2136480,49.1112500,186 6.2134630,49.1113300,188 6.2133410,49.1113500,188 6.2132390,49.1113480,187 6.2130430,49.1113260,186 6.2129450,49.1113210,186 6.2128980,49.1113330,186 6.2128630,49.1113530,186 6.2128370,49.1113640,186 6.2128120,49.1113980,186 6.2125900,49.1113220,186 6.2123370,49.1112250,186 6.2122620,49.1112810,185 6.2122100,49.1113230,185 6.2120770,49.1113650,184 6.2119810,49.1113830,184 6.2114200,49.1114730,184 6.2111360,49.1115240,184 6.2107420,49.1116050,183 6.2104500,49.1116890,183 6.2103060,49.1117540,184 6.2102360,49.1118070,184 6.2101950,49.1118640,184 6.2101990,49.1119230,184 6.2101880,49.1119570,184 6.2101570,49.1119880,184 6.2093940,49.1124660,182 6.2083810,49.1132080,181 6.2079050,49.1135340,181 6.2077760,49.1135890,181 6.2075360,49.1136750,180 6.2072530,49.1137670,180 6.2071840,49.1137970,180 6.2069510,49.1139390,180 6.2066270,49.1141560,179 6.2061240,49.1144140,179 6.2056270,49.1146910,179 6.2053160,49.1148420,179 6.2051420,49.1149010,180 6.2049790,49.1149420,180 6.2049100,49.1149770,180 6.2048720,49.1150260,180 6.2048170,49.1150210,180 6.2047580,49.1150010,181 6.2047130,49.1149770,181 6.2046600,49.1149370,181 6.2045770,49.1149140,182 6.2044930,49.1149180,182 6.2044040,49.1149440,182 6.2042900,49.1149310,183 6.2041720,49.1148920,183 6.2041320,49.1148940,183 6.2041080,49.1148960,183 6.2040700,49.1148540,184 6.2039690,49.1148890,183 6.2039160,49.1149070,183 6.2038860,49.1148670,183 6.2038370,49.1148840,183 6.2037190,49.1149240,183 6.2034670,49.1149300,183 6.2011380,49.1145420,184 6.2009620,49.1145150,184 6.1994520,49.1142940,184 6.1993360,49.1142760,184 6.1993250,49.1142740,184 6.1990880,49.1142360,184 6.1986620,49.1141740,183 6.1985970,49.1141650,183 6.1983810,49.1141340,183 6.1982600,49.1141190,182 6.1981210,49.1141180,182 6.1976170,49.1141080,182 6.1974760,49.1141000,181 6.1969400,49.1140480,180 6.1968190,49.1140390,180 6.1964320,49.1139980,180 6.1963840,49.1139960,180 6.1963380,49.1139940,180 6.1962410,49.1139900,180 6.1947790,49.1139770,178 6.1944390,49.1139880,178 6.1940120,49.1140010,178 6.1938280,49.1140230,178 6.1930250,49.1141090,178 6.1925640,49.1141570,178 6.1920010,49.1142150,178 6.1918330,49.1142280,178 6.1917290,49.1142130,178 6.1916160,49.1141820,179 6.1915220,49.1142950,178 6.1913790,49.1144130,177 6.1912330,49.1145260,177 6.1911510,49.1145620,178 6.1910470,49.1145900,177 6.1909460,49.1146050,177 6.1905050,49.1146290,177 6.1898650,49.1146690,175 6.1897630,49.1146600,175 6.1896470,49.1146240,175 6.1894610,49.1145450,175 6.1893370,49.1145050,175 6.1885620,49.1143560,173 6.1883300,49.1143160,172 6.1881520,49.1142900,173 6.1877680,49.1142910,172 6.1877360,49.1142840,172 6.1874970,49.1141540,172 6.1873780,49.1140880,172 6.1872260,49.1139870,173 6.1869630,49.1138120,171 6.1866980,49.1136350,171 6.1864460,49.1134680,171 6.1863560,49.1134430,171 6.1862840,49.1134200,171 6.1862370,49.1134060,171 6.1860810,49.1133510,171 6.1858300,49.1132630,170 6.1857430,49.1132240,169 6.1857050,49.1131960,168 6.1853460,49.1129400,169 6.1853180,49.1129060,170 6.1853030,49.1128700,170 6.1853170,49.1127050,170 6.1852170,49.1126990,171 6.1851650,49.1126980,171 6.1851030,49.1126960,171 6.1850330,49.1127300,171 6.1849860,49.1127590,171 6.1849230,49.1127270,171 6.1848730,49.1127110,172 6.1847900,49.1127030,172 6.1847160,49.1127180,172 6.1846850,49.1127340,172 6.1843210,49.1130000,172 6.1842810,49.1130760,172 6.1842690,49.1131250,171 6.1840280,49.1132690,170 6.1839270,49.1133210,170 6.1838920,49.1133250,170 6.1838380,49.1132890,170 6.1837490,49.1132210,170 6.1837020,49.1131800,170 6.1835790,49.1132190,170 6.1835430,49.1132380,170 6.1834450,49.1132920,170 6.1833560,49.1133410,170 6.1833030,49.1133700,170 6.1832120,49.1134190,170 6.1831170,49.1133500,170 6.1830500,49.1133470,170 6.1829330,49.1133420,170 6.1829010,49.1133450,169 6.1828110,49.1134460,169 6.1827230,49.1135630,169 6.1826720,49.1136440,169 6.1824760,49.1139090,169 6.1821880,49.1142930,169 6.1820490,49.1144920,168 6.1819950,49.1145160,168 6.1820030,49.1145300,168 6.1820260,49.1145750,168 6.1819340,49.1145940,168 6.1818970,49.1146020,168 6.1818140,49.1146130,168 6.1813870,49.1145480,169 6.1812700,49.1145300,169 6.1812220,49.1145230,169 6.1811960,49.1145540,169 6.1811580,49.1146180,169 6.1811330,49.1146890,169 6.1810110,49.1150540,169 6.1809620,49.1151830,169 6.1809120,49.1152480,169 6.1808400,49.1152730,169 6.1807950,49.1152720,169 6.1801280,49.1151760,170 6.1800240,49.1151620,170 6.1799290,49.1151380,170 6.1796650,49.1151010,170 6.1792870,49.1150440,170 6.1791810,49.1150290,170 6.1791060,49.1150170,170 6.1790670,49.1151530,170 6.1790270,49.1152440,171 6.1789690,49.1152370,171 6.1789320,49.1153480,171 6.1788590,49.1153520,171 6.1786040,49.1153680,171 6.1785200,49.1153910,172 6.1785410,49.1155690,172 6.1785220,49.1155990,172 6.1784910,49.1156250,172 6.1781300,49.1156960,174 6.1778990,49.1157770,174 6.1776380,49.1158940,174 6.1774070,49.1160140,174 6.1772820,49.1158090,174 6.1770330,49.1155220,175 6.1768670,49.1153870,174</coordinates></LineString></Placemark>
  </Folder>
  <Folder><name>La Seille et le fort de Queuleu</name><description>10.3 km. D+ 61 m. 47 % de chemins. La plus courte, et deja presque moitie chemin : les roselieres de la Seille, le bois du fort de Queuleu, le coteau du Pas du Loup, retour par les jardins de Montigny.</description>
    <Placemark><name>Depart : Gare de Metz, parvis</name><description>Point de ralliement des boucles a pied : a moins d'un quart d'heure de marche pour tout le monde. Abrite, cafe ouvert tot, toilettes.</description><styleUrl>#depart</styleUrl><Point><coordinates>6.1770130,49.1092770,0</coordinates></Point></Placemark>
    <Placemark><name>1. Parc de la Seille</name><description>Prairies humides et roselieres au bord de la Seille. Herons.</description><styleUrl>#etape</styleUrl><Point><coordinates>6.1849680,49.1066100,0</coordinates></Point></Placemark>
    <Placemark><name>2. Fort de Queuleu</name><description>Fort du XIXe siecle, memorial de la Resistance. Le bois autour est ouvert et sillonne de chemins.</description><styleUrl>#etape</styleUrl><Point><coordinates>6.1954340,49.0984520,0</coordinates></Point></Placemark>
    <Placemark><name>3. Parc du Pas du Loup</name><description>Coteau boise au sud du fort de Queuleu, sentiers en terre.</description><styleUrl>#etape</styleUrl><Point><coordinates>6.1900890,49.0893650,0</coordinates></Point></Placemark>
    <Placemark><name>4. Montigny-les-Metz</name><description>Retour par le sud, jardins ouvriers et bord de Moselle.</description><styleUrl>#etape</styleUrl><Point><coordinates>6.1631230,49.0874750,0</coordinates></Point></Placemark>
    <Style id="t3"><LineStyle><color>ff1E3B34</color><width>4</width></LineStyle></Style>
    <Placemark><name>La Seille et le fort de Queuleu</name><description>10.3 km. D+ 61 m. 47 % de chemins. La plus courte, et deja presque moitie chemin : les roselieres de la Seille, le bois du fort de Queuleu, le coteau du Pas du Loup, retour par les jardins de Montigny.</description><styleUrl>#t3</styleUrl><LineString><tessellate>1</tessellate><coordinates>6.1769770,49.1093080,180 6.1771540,49.1093930,180 6.1771030,49.1094370,180 6.1771660,49.1094690,180 6.1772910,49.1095290,180 6.1773130,49.1095400,180 6.1773630,49.1095730,180 6.1774310,49.1096070,180 6.1774510,49.1095900,180 6.1776440,49.1094230,179 6.1777310,49.1093450,179 6.1778550,49.1092350,179 6.1779350,49.1091650,179 6.1781230,49.1090000,179 6.1785370,49.1086340,176 6.1785780,49.1085970,176 6.1789650,49.1086370,174 6.1790320,49.1086290,174 6.1792300,49.1086030,172 6.1794770,49.1085900,172 6.1795900,49.1084890,172 6.1799530,49.1086990,172 6.1800090,49.1087230,172 6.1800320,49.1087070,172 6.1800720,49.1086810,172 6.1801050,49.1086560,172 6.1801210,49.1086420,172 6.1801710,49.1085990,172 6.1801950,49.1085640,172 6.1803040,49.1083640,172 6.1804210,49.1081720,172 6.1804690,49.1081500,172 6.1805360,49.1080360,171 6.1806140,49.1080420,171 6.1807420,49.1080150,171 6.1809290,49.1077440,171 6.1809750,49.1077000,171 6.1810350,49.1076610,171 6.1811230,49.1076290,171 6.1811800,49.1076210,171 6.1812390,49.1076120,171 6.1825490,49.1076960,171 6.1829870,49.1077260,173 6.1829890,49.1077060,172 6.1829990,49.1076110,172 6.1830050,49.1075710,172 6.1830140,49.1075180,171 6.1831850,49.1075310,170 6.1832290,49.1075150,170 6.1832440,49.1074910,170 6.1833290,49.1074970,170 6.1834120,49.1075020,170 6.1836170,49.1075120,170 6.1836340,49.1074180,170 6.1838590,49.1074340,170 6.1839010,49.1074370,170 6.1847110,49.1066060,170 6.1849620,49.1066240,170 6.1849640,49.1066090,169 6.1850090,49.1063120,169 6.1851430,49.1061660,169 6.1852270,49.1060850,169 6.1855070,49.1058050,167 6.1857570,49.1055370,166 6.1856800,49.1053470,166 6.1856370,49.1051920,166 6.1856370,49.1049580,166 6.1856480,49.1048890,166 6.1856840,49.1047800,166 6.1857520,49.1046910,165 6.1858460,49.1045240,165 6.1858970,49.1043850,166 6.1859790,49.1042080,166 6.1860670,49.1039590,165 6.1860860,49.1034710,166 6.1863350,49.1031920,165 6.1864150,49.1025860,165 6.1864740,49.1021940,166 6.1864800,49.1021550,166 6.1864820,49.1021370,166 6.1864840,49.1021220,167 6.1864870,49.1021060,167 6.1864900,49.1020830,167 6.1864920,49.1020640,168 6.1864950,49.1020450,168 6.1864980,49.1020230,168 6.1865010,49.1020040,168 6.1865050,49.1019670,168 6.1864960,49.1019350,169 6.1867280,49.1018920,168 6.1868080,49.1018400,168 6.1868500,49.1017250,169 6.1869180,49.1013120,169 6.1870680,49.1013220,169 6.1870870,49.1012120,169 6.1871300,49.1009570,169 6.1872290,49.1008470,169 6.1874520,49.1006410,170 6.1874980,49.1006450,170 6.1875000,49.1006370,170 6.1875120,49.1005900,170 6.1875180,49.1005390,170 6.1875850,49.1005420,168 6.1884670,49.1006100,169 6.1884960,49.1005760,169 6.1885710,49.1006010,170 6.1886570,49.1006110,170 6.1887110,49.1006260,170 6.1893440,49.1006890,174 6.1894840,49.1006970,174 6.1897220,49.1006930,175 6.1899800,49.1006880,175 6.1902010,49.1006920,175 6.1905000,49.1007160,176 6.1911310,49.1008020,176 6.1912260,49.1004680,175 6.1912440,49.1004040,174 6.1912920,49.1002020,174 6.1913320,49.1001980,174 6.1913780,49.1001830,175 6.1915380,49.1001410,176 6.1916010,49.1001030,176 6.1917820,49.1000510,177 6.1922070,49.0999620,179 6.1923330,49.0999160,179 6.1923760,49.0998850,179 6.1924630,49.0998380,179 6.1926080,49.0997980,179 6.1927750,49.0997850,179 6.1929260,49.0997990,180 6.1930810,49.0998340,180 6.1935910,49.1000280,182 6.1936250,49.1000410,182 6.1940260,49.0995470,180 6.1940650,49.0994980,180 6.1940790,49.0994790,180 6.1940940,49.0994590,180 6.1944260,49.0991140,182 6.1946190,49.0989540,182 6.1946840,49.0989180,183 6.1947850,49.0988850,183 6.1948910,49.0988640,183 6.1949670,49.0988690,184 6.1950220,49.0988870,184 6.1950980,49.0987100,183 6.1952140,49.0985050,182 6.1952350,49.0984270,180 6.1952140,49.0985050,182 6.1950340,49.0985100,181 6.1948850,49.0985050,180 6.1947710,49.0985150,180 6.1946390,49.0985610,180 6.1943170,49.0986270,178 6.1942190,49.0986510,178 6.1941860,49.0986540,178 6.1941490,49.0985800,178 6.1937840,49.0983820,178 6.1936930,49.0983510,178 6.1936310,49.0983420,178 6.1935260,49.0983520,178 6.1934860,49.0983660,178 6.1933910,49.0984250,178 6.1932360,49.0985060,177 6.1931400,49.0985370,177 6.1930510,49.0985910,177 6.1928660,49.0986330,177 6.1927790,49.0986090,177 6.1926990,49.0986040,176 6.1926610,49.0986100,176 6.1926100,49.0986280,176 6.1925880,49.0985980,176 6.1925560,49.0985750,176 6.1927170,49.0984850,177 6.1927790,49.0984500,178 6.1929740,49.0983490,178 6.1929350,49.0983070,178 6.1929040,49.0982740,178 6.1921610,49.0975010,185 6.1921020,49.0974510,186 6.1920060,49.0974070,186 6.1918720,49.0973440,187 6.1918030,49.0973010,187 6.1917620,49.0972470,188 6.1917410,49.0971430,188 6.1917510,49.0967020,190 6.1917510,49.0966150,190 6.1917700,49.0958860,190 6.1918610,49.0947700,193 6.1919490,49.0938080,192 6.1919660,49.0933360,189 6.1921280,49.0928670,186 6.1921800,49.0927980,185 6.1922950,49.0927160,185 6.1925050,49.0926440,186 6.1926680,49.0924590,186 6.1928080,49.0922260,186 6.1929000,49.0921520,186 6.1929680,49.0919710,188 6.1930420,49.0917390,188 6.1931400,49.0916400,188 6.1934200,49.0914590,189 6.1934730,49.0914110,190 6.1934900,49.0913740,190 6.1934960,49.0913290,190 6.1934590,49.0912830,190 6.1933780,49.0912670,191 6.1932820,49.0912760,192 6.1931800,49.0912970,192 6.1930330,49.0913050,193 6.1929410,49.0912940,194 6.1928770,49.0912730,194 6.1928310,49.0912340,195 6.1928280,49.0911820,195 6.1928900,49.0910780,196 6.1930640,49.0908360,197 6.1930600,49.0907950,197 6.1928220,49.0908370,198 6.1925430,49.0908630,201 6.1923060,49.0908720,202 6.1921890,49.0908700,202 6.1919990,49.0908000,203 6.1919370,49.0907450,203 6.1916020,49.0907220,203 6.1914910,49.0906890,203 6.1913860,49.0906270,203 6.1912830,49.0905440,203 6.1911660,49.0903640,202 6.1911200,49.0902270,202 6.1910450,49.0898550,202 6.1909690,49.0897650,200 6.1908350,49.0897530,199 6.1906600,49.0897560,198 6.1904450,49.0897790,196 6.1901750,49.0898260,194 6.1900410,49.0898180,194 6.1899040,49.0897900,193 6.1897570,49.0896440,192 6.1896360,49.0894580,191 6.1896250,49.0894220,190 6.1896360,49.0894580,191 6.1897570,49.0896440,192 6.1899040,49.0897900,193 6.1897860,49.0898040,193 6.1895460,49.0898100,192 6.1893760,49.0897730,190 6.1885010,49.0896660,188 6.1883230,49.0896380,186 6.1881940,49.0896140,185 6.1880300,49.0895600,184 6.1878870,49.0894640,185 6.1877720,49.0893620,185 6.1876280,49.0891900,184 6.1875800,49.0891130,184 6.1875260,49.0889980,184 6.1874740,49.0890060,184 6.1874070,49.0891690,181 6.1873930,49.0892500,180 6.1873730,49.0893060,178 6.1871820,49.0893460,176 6.1870980,49.0893470,176 6.1870130,49.0893370,175 6.1868340,49.0892780,175 6.1865860,49.0892060,174 6.1864800,49.0891920,173 6.1862970,49.0891850,172 6.1860950,49.0891410,171 6.1859800,49.0891340,170 6.1859440,49.0891260,170 6.1859090,49.0891940,169 6.1858830,49.0892250,169 6.1858150,49.0892820,169 6.1857730,49.0893050,169 6.1857150,49.0893330,169 6.1855460,49.0892290,169 6.1853500,49.0894050,168 6.1852320,49.0894370,168 6.1851180,49.0894490,168 6.1849750,49.0894450,168 6.1848780,49.0894360,168 6.1847000,49.0894070,168 6.1844360,49.0893570,167 6.1842230,49.0892920,167 6.1841080,49.0892390,167 6.1829350,49.0886270,168 6.1825680,49.0884580,168 6.1824190,49.0884240,168 6.1822950,49.0884020,169 6.1821830,49.0883940,169 6.1821380,49.0883970,169 6.1819930,49.0884310,169 6.1819160,49.0884660,168 6.1818680,49.0884740,168 6.1818660,49.0885020,168 6.1818400,49.0889180,169 6.1818390,49.0889430,169 6.1818730,49.0889970,170 6.1819450,49.0889890,170 6.1822910,49.0889970,168 6.1822790,49.0889420,168 6.1821820,49.0889010,168 6.1820120,49.0888700,168 6.1816480,49.0888630,168 6.1815350,49.0888470,169 6.1814260,49.0888120,169 6.1810360,49.0885520,170 6.1805580,49.0884010,168 6.1803940,49.0883040,167 6.1800810,49.0880770,167 6.1796750,49.0877560,167 6.1795450,49.0876970,167 6.1793560,49.0876400,168 6.1780390,49.0873270,168 6.1776570,49.0872470,169 6.1776090,49.0872460,169 6.1775450,49.0872440,169 6.1775550,49.0873290,169 6.1775190,49.0875100,169 6.1772040,49.0881880,171 6.1771600,49.0882220,171 6.1771140,49.0882310,171 6.1770700,49.0882350,171 6.1769830,49.0882250,172 6.1768910,49.0881910,171 6.1767520,49.0880960,171 6.1764140,49.0878210,171 6.1762070,49.0876970,170 6.1759500,49.0875610,170 6.1756920,49.0874430,171 6.1754740,49.0873650,171 6.1749770,49.0872180,171 6.1724470,49.0864340,172 6.1711480,49.0860160,174 6.1711000,49.0859920,174 6.1708200,49.0863250,178 6.1703580,49.0869840,183 6.1701740,49.0872680,184 6.1698170,49.0877760,186 6.1697780,49.0877660,186 6.1697700,49.0877640,186 6.1697480,49.0877670,186 6.1697320,49.0877930,186 6.1697280,49.0877990,186 6.1697250,49.0878040,186 6.1697100,49.0878300,186 6.1696880,49.0878680,186 6.1696840,49.0878740,186 6.1696670,49.0878810,186 6.1695280,49.0879420,186 6.1688520,49.0882290,186 6.1687090,49.0882000,186 6.1685790,49.0881730,186 6.1684490,49.0881460,186 6.1679820,49.0883710,186 6.1676760,49.0883480,186 6.1676590,49.0884370,186 6.1675370,49.0885350,186 6.1673260,49.0885250,186 6.1668900,49.0884930,187 6.1666300,49.0884750,188 6.1663330,49.0884530,187 6.1662500,49.0884470,187 6.1658420,49.0884180,186 6.1658160,49.0883550,186 6.1657170,49.0882650,186 6.1656800,49.0882210,186 6.1656000,49.0882350,186 6.1655610,49.0881320,186 6.1654880,49.0879690,186 6.1654040,49.0878090,186 6.1653920,49.0877880,186 6.1651130,49.0875770,186 6.1650360,49.0875190,187 6.1649790,49.0874710,187 6.1649320,49.0874930,187 6.1648800,49.0875040,186 6.1647910,49.0875010,186 6.1639920,49.0874410,186 6.1638890,49.0874330,186 6.1638150,49.0874270,186 6.1633870,49.0873930,186 6.1631400,49.0873740,186 6.1633870,49.0873930,186 6.1638150,49.0874270,186 6.1638890,49.0874330,186 6.1639920,49.0874410,186 6.1647910,49.0875010,186 6.1648800,49.0875040,186 6.1649320,49.0874930,187 6.1649790,49.0874710,187 6.1650360,49.0875190,187 6.1651130,49.0875770,186 6.1653920,49.0877880,186 6.1654040,49.0878090,186 6.1654880,49.0879690,186 6.1655610,49.0881320,186 6.1656000,49.0882350,186 6.1656420,49.0884030,186 6.1656570,49.0885180,186 6.1656620,49.0886850,187 6.1656470,49.0889010,187 6.1656500,49.0889640,187 6.1656750,49.0890310,187 6.1657030,49.0891020,187 6.1657460,49.0891680,187 6.1657870,49.0892340,187 6.1660790,49.0896950,187 6.1662420,49.0900200,186 6.1663040,49.0901610,186 6.1663480,49.0902570,186 6.1663600,49.0902790,186 6.1664960,49.0905160,186 6.1665060,49.0905340,186 6.1666460,49.0907750,186 6.1667710,49.0910070,186 6.1670350,49.0914980,186 6.1672830,49.0919000,186 6.1673280,49.0918880,186 6.1673750,49.0918790,186 6.1679120,49.0918130,186 6.1681070,49.0917970,186 6.1682590,49.0917930,186 6.1687460,49.0917850,186 6.1692690,49.0917790,186 6.1697140,49.0917970,186 6.1697590,49.0917990,186 6.1697710,49.0919410,186 6.1697960,49.0921410,185 6.1698510,49.0925960,185 6.1698740,49.0930000,184 6.1698820,49.0931260,184 6.1699680,49.0931460,184 6.1700350,49.0931620,184 6.1700540,49.0931710,184 6.1700820,49.0931460,184 6.1711940,49.0934520,185 6.1711980,49.0934710,185 6.1712300,49.0934900,184 6.1712520,49.0934900,184 6.1712850,49.0934750,184 6.1714990,49.0935350,184 6.1715990,49.0935510,184 6.1717850,49.0936040,184 6.1720130,49.0936700,184 6.1720730,49.0936940,184 6.1720980,49.0936720,184 6.1721250,49.0936480,184 6.1723110,49.0934880,184 6.1725180,49.0932940,184 6.1729180,49.0928980,185 6.1730750,49.0927430,185 6.1731530,49.0926740,186 6.1732000,49.0926480,186 6.1732920,49.0926060,186 6.1733800,49.0926500,186 6.1735380,49.0926980,186 6.1735820,49.0927110,186 6.1736300,49.0927240,186 6.1736620,49.0927340,186 6.1736550,49.0927720,186 6.1737750,49.0928160,186 6.1742720,49.0929720,185 6.1745240,49.0931050,185 6.1746850,49.0932070,185 6.1747230,49.0932510,185 6.1747250,49.0932880,186 6.1748130,49.0932390,184 6.1749200,49.0931950,184 6.1750120,49.0932410,184 6.1750680,49.0932780,185 6.1751330,49.0933570,186 6.1752820,49.0934860,185 6.1755380,49.0937240,185 6.1758700,49.0940230,184 6.1762650,49.0943880,181 6.1763080,49.0944180,181 6.1764680,49.0945650,180 6.1764840,49.0945930,180 6.1764990,49.0946360,180 6.1765770,49.0946830,179 6.1765700,49.0947220,179 6.1765570,49.0947940,179 6.1765490,49.0948980,179 6.1768100,49.0950680,177 6.1770370,49.0952730,175 6.1770360,49.0953280,175 6.1771870,49.0955160,174 6.1773740,49.0957510,173 6.1778220,49.0962880,172 6.1779440,49.0964880,172 6.1780210,49.0965860,171 6.1780500,49.0966360,171 6.1781220,49.0968480,171 6.1781570,49.0969580,171 6.1781930,49.0970990,170 6.1782150,49.0972430,170 6.1782250,49.0973390,170 6.1782220,49.0975440,170 6.1782250,49.0976650,170 6.1782180,49.0977860,170 6.1782020,49.0978570,170 6.1781250,49.0981690,171 6.1780970,49.0982660,171 6.1779700,49.0987800,171 6.1779500,49.0988950,171 6.1779010,49.0990510,171 6.1778420,49.0991790,171 6.1776080,49.0998490,172 6.1775670,49.0999550,172 6.1775200,49.0999720,172 6.1775140,49.0999900,172 6.1775010,49.1000350,172 6.1774910,49.1000730,172 6.1774790,49.1001210,172 6.1774540,49.1002970,172 6.1774230,49.1005370,171 6.1774280,49.1005910,171 6.1774370,49.1006770,171 6.1774380,49.1008100,171 6.1774080,49.1009100,171 6.1773890,49.1011020,171 6.1773960,49.1011490,171 6.1773800,49.1012010,171 6.1773780,49.1015010,171 6.1773810,49.1015520,171 6.1773840,49.1016020,171 6.1774260,49.1016160,171 6.1774260,49.1016370,171 6.1774300,49.1018030,171 6.1774400,49.1023550,171 6.1773860,49.1023890,171 6.1774270,49.1027580,171 6.1774810,49.1030510,171 6.1774970,49.1030750,171 6.1775140,49.1031000,171 6.1775290,49.1031510,171 6.1775380,49.1031830,171 6.1775410,49.1031910,171 6.1775570,49.1032330,171 6.1775940,49.1033310,171 6.1775870,49.1033650,171 6.1776090,49.1035040,170 6.1776350,49.1035970,170 6.1776620,49.1036890,170 6.1776890,49.1037880,170 6.1777200,49.1038950,170 6.1777560,49.1040230,170 6.1777970,49.1041410,170 6.1778640,49.1043220,170 6.1778780,49.1043410,170 6.1778950,49.1043880,170 6.1778990,49.1044200,170 6.1779200,49.1044620,170 6.1779900,49.1046160,170 6.1780210,49.1046760,170 6.1780570,49.1046950,170 6.1780890,49.1047120,170 6.1781140,49.1047660,170 6.1781740,49.1048840,170 6.1781960,49.1049330,170 6.1782230,49.1050560,170 6.1783100,49.1051920,170 6.1784140,49.1053480,170 6.1784870,49.1054230,170 6.1785180,49.1054540,170 6.1785480,49.1054960,169 6.1785940,49.1055450,169 6.1786180,49.1055780,169 6.1786500,49.1056310,169 6.1788870,49.1059190,169 6.1789410,49.1059530,169 6.1789930,49.1059670,169 6.1789310,49.1064140,169 6.1789090,49.1064410,169 6.1780970,49.1069090,170 6.1782550,49.1070150,170 6.1784050,49.1070880,170 6.1784740,49.1071130,170 6.1785570,49.1071240,170 6.1790740,49.1071570,170 6.1791200,49.1071560,170 6.1791450,49.1071530,170 6.1791320,49.1072050,170 6.1791730,49.1072070,170 6.1792250,49.1072090,170 6.1792680,49.1072110,170 6.1792830,49.1072120,170 6.1792880,49.1072430,170 6.1793190,49.1072750,170 6.1793180,49.1072870,171 6.1793120,49.1073310,171 6.1793070,49.1073610,172 6.1793030,49.1073940,172 6.1792990,49.1074160,172 6.1791980,49.1074090,172 6.1791970,49.1074210,173 6.1791920,49.1074580,173 6.1791850,49.1075080,174 6.1791790,49.1075560,174 6.1791580,49.1075590,174 6.1791480,49.1075750,174 6.1791160,49.1077560,175 6.1791290,49.1077910,175 6.1791630,49.1078230,175 6.1792570,49.1078480,174 6.1792220,49.1079530,172 6.1791090,49.1080580,170 6.1794600,49.1082810,172 6.1796610,49.1084180,172 6.1796210,49.1084460,172 6.1795900,49.1084890,172 6.1794770,49.1085900,172 6.1792300,49.1086030,172 6.1790320,49.1086290,174 6.1789650,49.1086370,174 6.1785780,49.1085970,176 6.1785370,49.1086340,176 6.1781230,49.1090000,179 6.1779350,49.1091650,179 6.1778550,49.1092350,179 6.1777310,49.1093450,179 6.1776440,49.1094230,179 6.1774510,49.1095900,180 6.1774310,49.1096070,180 6.1773630,49.1095730,180 6.1773130,49.1095400,180 6.1772910,49.1095290,180 6.1771660,49.1094690,180 6.1771030,49.1094370,180 6.1771540,49.1093930,180 6.1769770,49.1093080,179</coordinates></LineString></Placemark>
  </Folder>
  <Folder><name>Les bois de l'est</name><description>12.3 km. D+ 71 m. 38 % de chemins. La meme entree en matiere, puis on pousse jusqu'au bois de la Macabee, le plus grand massif qu'on puisse atteindre a pied depuis la gare, et on rentre par les parcs de Borny.</description>
    <Placemark><name>Depart : Gare de Metz, parvis</name><description>Point de ralliement des boucles a pied : a moins d'un quart d'heure de marche pour tout le monde. Abrite, cafe ouvert tot, toilettes.</description><styleUrl>#depart</styleUrl><Point><coordinates>6.1770130,49.1092770,0</coordinates></Point></Placemark>
    <Placemark><name>1. Parc de la Seille</name><description>Prairies humides et roselieres au bord de la Seille. Herons.</description><styleUrl>#etape</styleUrl><Point><coordinates>6.1849680,49.1066100,0</coordinates></Point></Placemark>
    <Placemark><name>2. Fort de Queuleu</name><description>Fort du XIXe siecle, memorial de la Resistance. Le bois autour est ouvert et sillonne de chemins.</description><styleUrl>#etape</styleUrl><Point><coordinates>6.1954340,49.0984520,0</coordinates></Point></Placemark>
    <Placemark><name>3. Bois de la Macabee</name><description>Le plus grand massif accessible a pied depuis Metz, hetres et charmes.</description><styleUrl>#etape</styleUrl><Point><coordinates>6.2321060,49.1013970,0</coordinates></Point></Placemark>
    <Placemark><name>4. Parc de Gloucester</name><description>Allees en terre et pieces d'eau, a la lisiere est de Borny.</description><styleUrl>#etape</styleUrl><Point><coordinates>6.2261210,49.1132260,0</coordinates></Point></Placemark>
    <Placemark><name>5. Parc de la Cheneau</name><description>Grand parc boise a l'est de Metz, etang et allees en terre.</description><styleUrl>#etape</styleUrl><Point><coordinates>6.2079150,49.1132910,0</coordinates></Point></Placemark>
    <Style id="t4"><LineStyle><color>ff3E6B4F</color><width>4</width></LineStyle></Style>
    <Placemark><name>Les bois de l'est</name><description>12.3 km. D+ 71 m. 38 % de chemins. La meme entree en matiere, puis on pousse jusqu'au bois de la Macabee, le plus grand massif qu'on puisse atteindre a pied depuis la gare, et on rentre par les parcs de Borny.</description><styleUrl>#t4</styleUrl><LineString><tessellate>1</tessellate><coordinates>6.1769770,49.1093080,180 6.1771540,49.1093930,180 6.1771030,49.1094370,180 6.1771660,49.1094690,180 6.1772910,49.1095290,180 6.1773130,49.1095400,180 6.1773630,49.1095730,180 6.1774310,49.1096070,180 6.1774510,49.1095900,180 6.1776440,49.1094230,179 6.1777310,49.1093450,179 6.1778550,49.1092350,179 6.1779350,49.1091650,179 6.1781230,49.1090000,179 6.1785370,49.1086340,176 6.1785780,49.1085970,176 6.1789650,49.1086370,174 6.1790320,49.1086290,174 6.1792300,49.1086030,172 6.1794770,49.1085900,172 6.1795900,49.1084890,172 6.1799530,49.1086990,172 6.1800090,49.1087230,172 6.1800320,49.1087070,172 6.1800720,49.1086810,172 6.1801050,49.1086560,172 6.1801210,49.1086420,172 6.1801710,49.1085990,172 6.1801950,49.1085640,172 6.1803040,49.1083640,172 6.1804210,49.1081720,172 6.1804690,49.1081500,172 6.1805360,49.1080360,171 6.1806140,49.1080420,171 6.1807420,49.1080150,171 6.1809290,49.1077440,171 6.1809750,49.1077000,171 6.1810350,49.1076610,171 6.1811230,49.1076290,171 6.1811800,49.1076210,171 6.1812390,49.1076120,171 6.1825490,49.1076960,171 6.1829870,49.1077260,173 6.1829890,49.1077060,172 6.1829990,49.1076110,172 6.1830050,49.1075710,172 6.1830140,49.1075180,171 6.1831850,49.1075310,170 6.1832290,49.1075150,170 6.1832440,49.1074910,170 6.1833290,49.1074970,170 6.1834120,49.1075020,170 6.1836170,49.1075120,170 6.1836340,49.1074180,170 6.1838590,49.1074340,170 6.1839010,49.1074370,170 6.1847110,49.1066060,170 6.1849620,49.1066240,170 6.1849640,49.1066090,169 6.1850090,49.1063120,169 6.1851430,49.1061660,169 6.1852270,49.1060850,169 6.1855070,49.1058050,167 6.1857570,49.1055370,166 6.1856800,49.1053470,166 6.1856370,49.1051920,166 6.1856370,49.1049580,166 6.1856480,49.1048890,166 6.1856840,49.1047800,166 6.1857520,49.1046910,165 6.1858460,49.1045240,165 6.1858970,49.1043850,166 6.1859790,49.1042080,166 6.1860670,49.1039590,165 6.1860860,49.1034710,166 6.1863350,49.1031920,165 6.1864150,49.1025860,165 6.1864740,49.1021940,166 6.1864800,49.1021550,166 6.1864820,49.1021370,166 6.1864840,49.1021220,167 6.1864870,49.1021060,167 6.1864900,49.1020830,167 6.1864920,49.1020640,168 6.1864950,49.1020450,168 6.1864980,49.1020230,168 6.1865010,49.1020040,168 6.1865050,49.1019670,168 6.1864960,49.1019350,169 6.1867280,49.1018920,168 6.1868080,49.1018400,168 6.1868500,49.1017250,169 6.1869180,49.1013120,169 6.1870680,49.1013220,169 6.1870870,49.1012120,169 6.1871300,49.1009570,169 6.1872290,49.1008470,169 6.1874520,49.1006410,170 6.1874980,49.1006450,170 6.1875000,49.1006370,170 6.1875120,49.1005900,170 6.1875180,49.1005390,170 6.1875850,49.1005420,168 6.1884670,49.1006100,169 6.1884960,49.1005760,169 6.1885710,49.1006010,170 6.1886570,49.1006110,170 6.1887110,49.1006260,170 6.1893440,49.1006890,174 6.1894840,49.1006970,174 6.1897220,49.1006930,175 6.1899800,49.1006880,175 6.1902010,49.1006920,175 6.1905000,49.1007160,176 6.1911310,49.1008020,176 6.1912260,49.1004680,175 6.1912440,49.1004040,174 6.1912920,49.1002020,174 6.1913320,49.1001980,174 6.1913780,49.1001830,175 6.1915380,49.1001410,176 6.1916010,49.1001030,176 6.1917820,49.1000510,177 6.1922070,49.0999620,179 6.1923330,49.0999160,179 6.1923760,49.0998850,179 6.1924630,49.0998380,179 6.1926080,49.0997980,179 6.1927750,49.0997850,179 6.1929260,49.0997990,180 6.1930810,49.0998340,180 6.1935910,49.1000280,182 6.1936250,49.1000410,182 6.1940260,49.0995470,180 6.1940650,49.0994980,180 6.1940790,49.0994790,180 6.1940940,49.0994590,180 6.1944260,49.0991140,182 6.1946190,49.0989540,182 6.1946840,49.0989180,183 6.1947850,49.0988850,183 6.1948910,49.0988640,183 6.1949670,49.0988690,184 6.1950220,49.0988870,184 6.1950980,49.0987100,183 6.1952140,49.0985050,182 6.1952350,49.0984270,180 6.1952140,49.0985050,182 6.1950980,49.0987100,183 6.1950220,49.0988870,184 6.1951090,49.0989250,185 6.1951460,49.0989750,185 6.1951690,49.0990510,185 6.1951660,49.0991600,186 6.1951330,49.0992900,184 6.1950910,49.0994120,184 6.1948950,49.0997020,182 6.1948830,49.0997200,182 6.1948710,49.0997390,182 6.1949480,49.0997610,182 6.1956500,49.0999440,184 6.1958210,49.0999740,184 6.1961260,49.1000150,185 6.1964300,49.1000770,187 6.1971230,49.1002570,190 6.1973020,49.1003140,190 6.1973480,49.1003270,190 6.1976740,49.1004040,192 6.1979750,49.1004480,193 6.1982620,49.1004570,194 6.1984180,49.1004630,194 6.1984210,49.1004950,194 6.1984210,49.1005350,194 6.1984050,49.1007410,194 6.1983890,49.1009450,194 6.1983780,49.1010800,194 6.1983680,49.1012130,194 6.1983600,49.1013130,194 6.1983480,49.1014540,194 6.1983460,49.1014780,194 6.1983440,49.1015530,193 6.1984820,49.1015560,194 6.1985450,49.1015570,194 6.1988980,49.1015780,195 6.1990560,49.1015830,196 6.1991940,49.1015850,196 6.1993440,49.1015770,197 6.1994600,49.1015820,197 6.1998490,49.1015910,198 6.1998730,49.1016040,198 6.2000090,49.1016090,199 6.2002310,49.1016140,200 6.2003690,49.1016220,200 6.2004250,49.1016300,200 6.2004760,49.1016390,200 6.2006130,49.1016530,201 6.2006580,49.1016700,201 6.2007280,49.1016980,202 6.2014320,49.1019760,204 6.2014870,49.1019980,204 6.2015270,49.1020140,204 6.2028300,49.1025280,211 6.2032410,49.1027050,213 6.2032830,49.1027290,214 6.2033100,49.1027500,214 6.2033400,49.1027630,214 6.2034110,49.1027300,214 6.2034550,49.1027330,214 6.2035140,49.1027660,214 6.2035640,49.1027850,214 6.2036650,49.1028180,214 6.2037200,49.1028310,214 6.2037120,49.1029120,214 6.2037690,49.1030010,214 6.2038210,49.1030410,214 6.2038950,49.1030710,214 6.2040760,49.1030880,214 6.2041690,49.1030810,215 6.2046270,49.1031130,215 6.2046870,49.1031140,215 6.2051940,49.1030800,214 6.2062610,49.1030010,211 6.2063160,49.1029960,211 6.2063210,49.1030220,211 6.2064640,49.1030550,210 6.2068640,49.1030280,209 6.2069260,49.1030240,209 6.2074190,49.1029910,208 6.2074300,49.1029900,207 6.2079220,49.1029570,206 6.2082790,49.1029300,206 6.2084000,49.1029230,205 6.2085380,49.1029080,205 6.2087210,49.1028600,204 6.2088480,49.1028030,204 6.2089680,49.1027230,204 6.2090660,49.1026400,204 6.2092160,49.1025200,204 6.2093880,49.1023820,203 6.2096780,49.1021500,203 6.2108800,49.1027470,202 6.2112740,49.1028940,202 6.2114950,49.1029990,201 6.2115930,49.1030620,201 6.2117090,49.1031220,201 6.2117640,49.1031580,201 6.2118100,49.1032040,200 6.2118420,49.1032660,200 6.2118610,49.1033310,200 6.2119110,49.1033570,201 6.2120120,49.1034090,200 6.2120480,49.1034260,200 6.2120760,49.1034350,200 6.2121170,49.1034410,200 6.2126020,49.1034370,200 6.2126450,49.1034090,200 6.2127950,49.1033170,201 6.2128340,49.1033020,201 6.2128870,49.1033000,200 6.2129340,49.1033110,200 6.2131170,49.1033940,200 6.2132810,49.1034100,200 6.2134260,49.1034470,200 6.2135130,49.1035200,200 6.2136030,49.1036480,199 6.2136920,49.1037400,198 6.2137620,49.1037770,198 6.2138600,49.1038060,198 6.2140660,49.1039630,198 6.2143320,49.1041030,198 6.2145500,49.1042410,197 6.2146950,49.1043230,197 6.2148630,49.1043700,196 6.2150750,49.1041110,197 6.2153870,49.1037190,198 6.2154660,49.1035960,198 6.2155590,49.1034130,198 6.2156640,49.1031130,198 6.2158680,49.1025360,199 6.2158780,49.1025060,199 6.2159090,49.1024470,199 6.2159140,49.1024140,199 6.2159550,49.1023180,199 6.2161980,49.1018650,199 6.2163450,49.1016360,199 6.2164850,49.1014340,199 6.2166540,49.1012190,198 6.2167220,49.1012430,198 6.2167790,49.1012630,198 6.2170160,49.1011670,198 6.2172730,49.1010930,197 6.2173670,49.1010610,197 6.2174590,49.1010590,196 6.2175860,49.1010730,196 6.2176530,49.1010800,196 6.2177980,49.1010940,196 6.2179200,49.1011130,196 6.2179450,49.1011170,196 6.2180010,49.1010720,196 6.2186070,49.1007050,198 6.2186430,49.1006830,198 6.2188000,49.1006890,198 6.2194580,49.1007080,201 6.2201130,49.1007240,202 6.2211950,49.1007440,204 6.2212790,49.1007460,204 6.2214510,49.1007510,205 6.2216680,49.1007120,205 6.2217530,49.1006890,206 6.2218540,49.1006350,206 6.2220760,49.1006230,206 6.2224870,49.1006170,207 6.2227100,49.1006160,207 6.2235280,49.1006640,209 6.2240790,49.1006840,210 6.2240760,49.1007730,210 6.2241660,49.1007750,210 6.2241780,49.1007760,210 6.2242260,49.1007770,210 6.2243600,49.1007820,210 6.2244220,49.1007840,210 6.2244410,49.1007850,210 6.2244460,49.1006860,210 6.2249300,49.1006850,210 6.2250760,49.1006920,210 6.2253070,49.1007200,211 6.2255430,49.1007830,211 6.2257120,49.1008510,211 6.2258650,49.1009400,211 6.2263680,49.1012970,212 6.2273870,49.1020270,214 6.2274520,49.1019890,214 6.2274430,49.1019820,214 6.2282440,49.1015220,214 6.2287720,49.1018960,215 6.2296810,49.1020980,214 6.2302460,49.1022580,215 6.2308710,49.1025170,217 6.2312110,49.1027200,218 6.2314340,49.1029470,218 6.2316360,49.1030940,219 6.2319330,49.1032050,220 6.2321370,49.1028630,219 6.2326710,49.1021820,218 6.2329370,49.1018100,216 6.2330380,49.1015590,215 6.2329370,49.1018100,216 6.2326710,49.1021820,218 6.2321370,49.1028630,219 6.2319330,49.1032050,220 6.2316810,49.1035000,218 6.2315140,49.1039980,218 6.2315450,49.1042470,218 6.2314920,49.1043180,217 6.2314130,49.1043880,218 6.2311970,49.1045740,217 6.2310280,49.1047020,216 6.2310380,49.1047180,216 6.2310510,49.1047980,216 6.2310310,49.1048740,216 6.2311230,49.1049520,215 6.2311880,49.1050150,215 6.2312800,49.1051280,214 6.2314660,49.1053620,214 6.2315110,49.1054360,214 6.2315570,49.1055530,214 6.2315680,49.1056770,214 6.2315520,49.1058970,213 6.2317070,49.1059800,214 6.2317480,49.1060570,213 6.2317480,49.1061160,213 6.2317480,49.1061770,214 6.2315420,49.1063210,213 6.2314960,49.1067380,212 6.2315440,49.1070100,212 6.2315530,49.1070640,212 6.2315500,49.1071360,212 6.2315230,49.1071780,212 6.2315360,49.1072310,212 6.2315700,49.1072760,212 6.2317140,49.1073320,212 6.2318100,49.1073900,212 6.2319210,49.1074330,212 6.2319000,49.1074790,212 6.2318980,49.1075110,212 6.2319180,49.1075930,212 6.2319080,49.1076810,212 6.2318980,49.1077150,212 6.2318850,49.1077590,212 6.2316870,49.1078750,212 6.2315050,49.1079430,212 6.2314570,49.1079980,211 6.2313940,49.1081100,211 6.2313660,49.1081830,211 6.2312690,49.1085980,212 6.2312440,49.1087170,212 6.2311570,49.1087210,212 6.2309990,49.1087270,212 6.2309380,49.1087250,212 6.2309100,49.1088510,212 6.2308080,49.1093610,212 6.2307820,49.1094160,212 6.2307750,49.1094570,212 6.2307570,49.1095440,212 6.2307550,49.1095940,212 6.2306460,49.1101140,210 6.2305940,49.1101990,210 6.2305760,49.1102540,210 6.2305250,49.1102540,210 6.2304230,49.1102540,210 6.2302550,49.1102540,210 6.2300290,49.1102530,210 6.2299670,49.1102520,210 6.2296390,49.1102400,210 6.2294240,49.1102170,210 6.2294090,49.1102990,210 6.2294110,49.1103310,210 6.2294100,49.1105760,210 6.2293940,49.1106710,209 6.2293280,49.1109220,208 6.2292020,49.1113040,207 6.2291660,49.1114540,207 6.2291430,49.1116380,207 6.2291500,49.1116840,207 6.2292000,49.1118930,207 6.2288220,49.1120970,207 6.2285830,49.1122160,206 6.2283590,49.1123060,206 6.2280980,49.1123050,205 6.2277360,49.1123600,205 6.2275470,49.1124200,205 6.2273750,49.1124900,204 6.2272010,49.1125860,204 6.2270990,49.1126570,204 6.2269950,49.1127540,203 6.2268690,49.1129480,203 6.2268260,49.1130370,204 6.2267900,49.1132290,204 6.2267950,49.1133020,204 6.2268110,49.1133630,204 6.2264920,49.1134080,203 6.2264690,49.1133390,203 6.2264210,49.1132610,203 6.2263700,49.1132190,203 6.2262880,49.1131740,202 6.2262310,49.1131520,202 6.2261600,49.1131370,202 6.2259890,49.1131190,202 6.2258800,49.1130900,201 6.2257550,49.1130330,200 6.2256210,49.1129510,200 6.2254350,49.1128260,200 6.2253650,49.1127970,200 6.2247890,49.1126450,200 6.2247150,49.1125080,200 6.2246980,49.1124810,200 6.2244880,49.1122360,201 6.2243160,49.1122780,200 6.2241450,49.1123320,200 6.2238660,49.1124520,199 6.2236830,49.1125410,198 6.2236090,49.1125940,198 6.2234750,49.1127360,198 6.2234210,49.1128250,198 6.2234090,49.1128600,198 6.2232580,49.1129280,198 6.2230640,49.1130770,198 6.2228630,49.1130630,198 6.2228300,49.1131170,198 6.2227730,49.1132110,198 6.2227200,49.1132990,199 6.2226770,49.1132870,199 6.2226440,49.1132770,199 6.2225970,49.1132580,198 6.2225580,49.1132310,198 6.2221800,49.1129340,198 6.2221320,49.1129090,198 6.2220030,49.1128710,198 6.2219050,49.1128470,198 6.2215310,49.1127530,198 6.2214310,49.1127510,198 6.2212640,49.1127080,198 6.2208310,49.1125990,198 6.2207780,49.1125760,198 6.2207130,49.1126450,199 6.2206390,49.1126090,199 6.2204080,49.1125490,199 6.2203640,49.1125380,199 6.2197820,49.1123860,199 6.2190390,49.1121930,200 6.2186180,49.1120840,200 6.2185470,49.1120640,199 6.2184200,49.1120300,199 6.2183330,49.1121750,200 6.2182700,49.1121630,200 6.2181990,49.1121670,199 6.2181340,49.1121780,199 6.2180530,49.1122350,199 6.2179510,49.1123240,199 6.2175930,49.1124850,199 6.2175190,49.1125020,199 6.2174590,49.1125320,199 6.2174060,49.1125920,199 6.2172840,49.1125930,199 6.2172490,49.1125750,199 6.2161800,49.1121650,196 6.2161490,49.1121470,196 6.2161040,49.1121200,196 6.2159980,49.1121960,196 6.2158940,49.1121390,195 6.2158590,49.1121200,195 6.2156880,49.1122390,195 6.2156290,49.1122610,195 6.2153490,49.1123210,194 6.2152790,49.1123080,194 6.2152160,49.1122840,194 6.2150990,49.1122260,193 6.2149770,49.1123230,193 6.2145000,49.1120770,192 6.2143560,49.1120020,192 6.2141650,49.1119030,191 6.2140320,49.1118340,191 6.2136920,49.1116580,190 6.2134880,49.1115740,189 6.2128370,49.1113640,186 6.2128120,49.1113980,186 6.2125900,49.1113220,186 6.2123370,49.1112250,186 6.2122620,49.1112810,185 6.2122100,49.1113230,185 6.2120770,49.1113650,184 6.2119810,49.1113830,184 6.2114200,49.1114730,184 6.2111360,49.1115240,184 6.2107420,49.1116050,183 6.2104500,49.1116890,183 6.2103060,49.1117540,184 6.2102360,49.1118070,184 6.2101950,49.1118640,184 6.2101990,49.1119230,184 6.2101880,49.1119570,184 6.2101570,49.1119880,184 6.2093940,49.1124660,182 6.2083810,49.1132080,181 6.2079070,49.1132390,182 6.2076390,49.1132570,182 6.2074020,49.1132790,182 6.2072770,49.1133040,182 6.2071640,49.1133430,182 6.2067900,49.1134500,184 6.2067120,49.1134570,184 6.2066520,49.1134530,184 6.2065480,49.1135230,184 6.2064370,49.1135990,184 6.2063070,49.1136640,184 6.2060810,49.1137630,184 6.2058930,49.1138300,185 6.2057200,49.1138800,185 6.2051850,49.1141180,185 6.2049670,49.1142480,184 6.2048660,49.1143300,184 6.2046080,49.1145390,184 6.2042650,49.1147740,184 6.2040700,49.1148540,184 6.2039690,49.1148890,183 6.2039160,49.1149070,183 6.2038860,49.1148670,183 6.2038370,49.1148840,183 6.2037190,49.1149240,183 6.2034670,49.1149300,183 6.2011380,49.1145420,184 6.2009620,49.1145150,184 6.1994520,49.1142940,184 6.1993360,49.1142760,184 6.1993250,49.1142740,184 6.1990880,49.1142360,184 6.1986620,49.1141740,183 6.1985970,49.1141650,183 6.1983810,49.1141340,183 6.1982600,49.1141190,182 6.1981210,49.1141180,182 6.1976170,49.1141080,182 6.1974760,49.1141000,181 6.1969400,49.1140480,180 6.1968190,49.1140390,180 6.1964320,49.1139980,180 6.1963840,49.1139960,180 6.1963380,49.1139940,180 6.1962410,49.1139900,180 6.1947790,49.1139770,178 6.1944390,49.1139880,178 6.1940120,49.1140010,178 6.1938280,49.1140230,178 6.1930250,49.1141090,178 6.1925640,49.1141570,178 6.1920010,49.1142150,178 6.1918330,49.1142280,178 6.1917290,49.1142130,178 6.1916160,49.1141820,179 6.1915220,49.1142950,178 6.1913790,49.1144130,177 6.1912330,49.1145260,177 6.1911510,49.1145620,178 6.1910470,49.1145900,177 6.1909460,49.1146050,177 6.1905050,49.1146290,177 6.1898650,49.1146690,175 6.1897630,49.1146600,175 6.1896470,49.1146240,175 6.1894610,49.1145450,175 6.1893370,49.1145050,175 6.1885620,49.1143560,173 6.1883300,49.1143160,172 6.1881520,49.1142900,173 6.1877680,49.1142910,172 6.1877360,49.1142840,172 6.1874970,49.1141540,172 6.1873780,49.1140880,172 6.1872260,49.1139870,173 6.1869630,49.1138120,171 6.1866980,49.1136350,171 6.1864460,49.1134680,171 6.1863560,49.1134430,171 6.1862840,49.1134200,171 6.1862370,49.1134060,171 6.1860810,49.1133510,171 6.1858300,49.1132630,170 6.1857430,49.1132240,169 6.1857050,49.1131960,168 6.1853460,49.1129400,169 6.1853180,49.1129060,170 6.1853030,49.1128700,170 6.1853170,49.1127050,170 6.1852170,49.1126990,171 6.1851650,49.1126980,171 6.1851030,49.1126960,171 6.1850330,49.1127300,171 6.1849860,49.1127590,171 6.1849230,49.1127270,171 6.1848730,49.1127110,172 6.1847900,49.1127030,172 6.1847160,49.1127180,172 6.1846850,49.1127340,172 6.1843210,49.1130000,172 6.1842810,49.1130760,172 6.1842690,49.1131250,171 6.1840280,49.1132690,170 6.1839270,49.1133210,170 6.1838920,49.1133250,170 6.1838380,49.1132890,170 6.1837490,49.1132210,170 6.1837020,49.1131800,170 6.1836970,49.1131310,171 6.1836940,49.1130850,171 6.1835910,49.1130840,172 6.1834810,49.1130720,171 6.1833850,49.1130430,170 6.1831790,49.1129530,172 6.1817060,49.1122640,172 6.1803420,49.1116260,173 6.1802510,49.1115640,174 6.1799200,49.1113420,174 6.1792030,49.1110110,172 6.1791430,49.1109830,172 6.1790250,49.1109300,172 6.1789790,49.1109080,172 6.1789540,49.1108970,172 6.1787990,49.1108290,172 6.1781710,49.1105310,173 6.1780280,49.1104680,173 6.1779730,49.1104560,173 6.1779720,49.1104250,173 6.1779670,49.1103840,173 6.1779440,49.1103370,173 6.1779420,49.1103320,173 6.1779210,49.1103120,173 6.1778360,49.1102710,173 6.1775550,49.1101370,174 6.1774250,49.1101120,174 6.1771670,49.1101030,174 6.1769620,49.1100150,174 6.1770100,49.1099770,174 6.1770060,49.1099000,176 6.1770370,49.1098720,176 6.1771340,49.1097880,178 6.1773040,49.1096300,180 6.1773630,49.1095730,180 6.1773130,49.1095400,180 6.1772910,49.1095290,180 6.1771660,49.1094690,180 6.1771030,49.1094370,180 6.1771540,49.1093930,180 6.1769770,49.1093080,179</coordinates></LineString></Placemark>
  </Folder>
  <Folder><name>Les deux rives</name><description>14.2 km. D+ 28 m. 42 % de chemins. La Moselle dans les deux sens : on descend par l'Esplanade et l'ile du Saulcy, on remonte par les bras morts de Longeville et les prairies Jean-Marie Pelt.</description>
    <Placemark><name>Depart : Gare de Metz, parvis</name><description>Point de ralliement des boucles a pied : a moins d'un quart d'heure de marche pour tout le monde. Abrite, cafe ouvert tot, toilettes.</description><styleUrl>#depart</styleUrl><Point><coordinates>6.1770130,49.1092770,0</coordinates></Point></Placemark>
    <Placemark><name>1. Jardin de l'Esplanade</name><description>Terrasse au-dessus de la Moselle, vue sur le Mont Saint-Quentin.</description><styleUrl>#etape</styleUrl><Point><coordinates>6.1705190,49.1159680,0</coordinates></Point></Placemark>
    <Placemark><name>2. Ile du Saulcy</name><description>Ile universitaire, tres calme hors semestre. Cygnes sur les deux bras.</description><styleUrl>#etape</styleUrl><Point><coordinates>6.1612490,49.1201090,0</coordinates></Point></Placemark>
    <Placemark><name>3. Le Grand Patural, Ban-Saint-Martin</name><description>Prairie et promenade au bord de la Moselle, juste avant de quitter la ville.</description><styleUrl>#etape</styleUrl><Point><coordinates>6.1510520,49.1179290,0</coordinates></Point></Placemark>
    <Placemark><name>4. Longeville-les-Metz</name><description>Rive droite, entre les jardins et le bras de la Moselle.</description><styleUrl>#etape</styleUrl><Point><coordinates>6.1361240,49.1152450,0</coordinates></Point></Placemark>
    <Placemark><name>5. Prairies Jean-Marie Pelt</name><description></description><styleUrl>#etape</styleUrl><Point><coordinates>6.1316900,49.1030600,0</coordinates></Point></Placemark>
    <Style id="t5"><LineStyle><color>ff316E7C</color><width>4</width></LineStyle></Style>
    <Placemark><name>Les deux rives</name><description>14.2 km. D+ 28 m. 42 % de chemins. La Moselle dans les deux sens : on descend par l'Esplanade et l'ile du Saulcy, on remonte par les bras morts de Longeville et les prairies Jean-Marie Pelt.</description><styleUrl>#t5</styleUrl><LineString><tessellate>1</tessellate><coordinates>6.1769770,49.1093080,180 6.1771540,49.1093930,180 6.1771030,49.1094370,180 6.1771660,49.1094690,180 6.1772910,49.1095290,180 6.1773130,49.1095400,180 6.1773630,49.1095730,180 6.1773040,49.1096300,180 6.1771340,49.1097880,178 6.1770370,49.1098720,176 6.1770060,49.1099000,176 6.1770100,49.1099770,174 6.1769620,49.1100150,174 6.1767800,49.1101280,174 6.1767370,49.1101660,174 6.1766610,49.1102330,174 6.1766380,49.1102540,174 6.1769440,49.1104060,174 6.1769460,49.1104880,174 6.1769430,49.1105460,174 6.1769420,49.1105880,174 6.1769420,49.1107760,174 6.1769320,49.1109300,174 6.1769010,49.1110900,174 6.1768730,49.1110950,174 6.1767280,49.1112160,174 6.1766730,49.1112620,174 6.1766220,49.1112360,174 6.1765850,49.1112620,174 6.1765680,49.1112740,174 6.1765350,49.1112590,174 6.1763860,49.1113670,174 6.1763820,49.1114120,174 6.1763780,49.1114630,174 6.1763740,49.1115080,174 6.1764020,49.1115770,174 6.1763990,49.1116130,174 6.1761850,49.1116290,174 6.1761840,49.1116900,174 6.1761830,49.1117440,174 6.1760760,49.1117450,174 6.1760360,49.1117550,174 6.1759870,49.1117520,174 6.1758160,49.1118440,174 6.1754290,49.1121200,174 6.1753510,49.1121760,175 6.1752560,49.1122440,175 6.1752280,49.1122640,175 6.1751970,49.1122860,175 6.1750360,49.1123910,175 6.1749870,49.1124260,175 6.1749130,49.1124800,175 6.1743900,49.1128640,175 6.1741470,49.1130430,176 6.1738630,49.1131750,176 6.1736650,49.1132550,176 6.1734400,49.1133710,176 6.1733580,49.1134200,176 6.1733170,49.1134420,176 6.1732810,49.1134630,176 6.1725200,49.1138540,179 6.1724910,49.1138690,179 6.1724540,49.1138870,179 6.1724230,49.1139040,179 6.1725710,49.1140160,179 6.1726370,49.1140750,179 6.1725120,49.1141140,179 6.1724550,49.1141370,179 6.1723000,49.1141700,180 6.1718690,49.1143650,181 6.1712700,49.1146240,182 6.1713420,49.1147090,182 6.1713320,49.1147550,182 6.1713210,49.1148080,182 6.1713900,49.1148830,182 6.1714130,49.1149050,182 6.1712740,49.1149660,182 6.1713990,49.1151010,182 6.1710400,49.1152560,182 6.1707310,49.1153780,182 6.1708020,49.1154460,182 6.1701110,49.1157780,182 6.1702420,49.1158950,181 6.1702820,49.1159310,181 6.1703340,49.1159120,181 6.1703910,49.1159050,181 6.1704500,49.1159090,181 6.1705030,49.1159250,181 6.1705470,49.1159500,181 6.1705520,49.1159550,181 6.1705780,49.1159870,181 6.1705890,49.1160280,181 6.1705790,49.1160690,181 6.1705480,49.1161050,181 6.1705010,49.1161330,181 6.1705340,49.1161620,181 6.1706320,49.1162500,182 6.1701230,49.1164970,182 6.1695730,49.1167630,180 6.1695940,49.1167820,180 6.1695190,49.1168160,179 6.1694000,49.1168860,178 6.1689920,49.1171220,177 6.1690250,49.1171900,178 6.1690450,49.1172320,178 6.1690670,49.1172730,178 6.1691300,49.1174580,178 6.1692370,49.1176820,178 6.1692620,49.1177110,178 6.1693850,49.1178250,177 6.1697350,49.1181230,178 6.1697150,49.1181330,178 6.1696660,49.1181570,176 6.1696170,49.1181770,175 6.1696050,49.1182230,174 6.1696190,49.1182870,172 6.1696410,49.1183320,172 6.1699730,49.1187420,171 6.1705280,49.1191200,169 6.1706080,49.1191790,169 6.1706860,49.1192490,169 6.1706990,49.1192690,169 6.1707080,49.1192920,169 6.1707070,49.1193310,169 6.1706930,49.1193740,169 6.1706420,49.1194130,169 6.1701830,49.1196950,169 6.1701110,49.1197260,169 6.1699540,49.1197580,169 6.1698830,49.1197540,168 6.1696660,49.1197480,168 6.1694680,49.1197510,168 6.1691990,49.1197730,167 6.1687090,49.1199040,167 6.1682170,49.1201480,166 6.1681300,49.1202660,166 6.1681070,49.1203080,166 6.1680840,49.1203160,166 6.1680550,49.1203120,166 6.1680210,49.1203080,166 6.1675010,49.1200240,167 6.1674380,49.1199850,167 6.1673880,49.1200110,167 6.1673200,49.1199740,168 6.1672160,49.1199490,168 6.1671220,49.1199400,168 6.1670250,49.1199400,168 6.1669530,49.1199650,168 6.1668450,49.1200160,168 6.1667070,49.1198940,168 6.1666300,49.1198260,168 6.1665620,49.1198630,168 6.1664940,49.1198980,168 6.1663850,49.1199570,168 6.1663160,49.1199800,168 6.1662610,49.1199880,168 6.1661750,49.1199910,168 6.1661250,49.1199720,168 6.1660010,49.1199260,168 6.1659350,49.1199470,168 6.1659370,49.1199840,168 6.1659190,49.1200120,168 6.1657680,49.1201160,168 6.1656830,49.1201550,168 6.1655510,49.1201850,168 6.1654300,49.1202040,168 6.1650630,49.1202330,168 6.1647530,49.1202690,168 6.1644890,49.1203080,168 6.1643110,49.1203410,168 6.1642400,49.1203630,167 6.1641210,49.1203880,167 6.1636870,49.1204150,168 6.1632550,49.1203940,167 6.1631900,49.1203880,167 6.1631110,49.1203640,167 6.1630880,49.1203720,167 6.1630360,49.1203710,167 6.1628970,49.1203660,167 6.1628100,49.1203380,167 6.1623910,49.1202790,167 6.1619570,49.1202160,167 6.1615810,49.1201620,167 6.1612450,49.1201140,167 6.1612430,49.1201090,168 6.1611120,49.1197950,168 6.1609040,49.1197000,167 6.1608030,49.1196830,167 6.1608800,49.1194620,168 6.1608890,49.1194370,168 6.1608360,49.1193830,168 6.1608110,49.1193110,168 6.1607540,49.1192360,169 6.1606800,49.1191870,170 6.1606310,49.1191400,170 6.1605930,49.1190810,170 6.1605840,49.1190320,170 6.1606150,49.1188230,168 6.1607230,49.1182470,169 6.1607770,49.1181150,170 6.1608430,49.1182340,168 6.1607530,49.1183730,168 6.1604360,49.1183120,168 6.1601360,49.1182310,168 6.1600500,49.1182070,168 6.1599080,49.1181380,168 6.1593070,49.1178830,168 6.1591480,49.1178280,168 6.1589450,49.1177680,168 6.1583190,49.1176420,167 6.1579790,49.1175980,167 6.1576990,49.1176110,167 6.1572550,49.1176590,168 6.1566650,49.1177530,167 6.1562680,49.1178020,166 6.1562090,49.1177910,166 6.1561370,49.1177690,166 6.1560450,49.1177550,166 6.1557120,49.1177760,166 6.1556250,49.1177890,166 6.1553810,49.1177960,166 6.1551300,49.1177960,167 6.1550950,49.1178060,167 6.1548610,49.1177000,167 6.1547520,49.1176760,167 6.1545830,49.1176610,167 6.1544150,49.1176580,167 6.1543170,49.1176720,167 6.1541800,49.1177120,167 6.1535600,49.1177530,167 6.1529020,49.1178190,168 6.1526330,49.1178560,168 6.1522690,49.1178930,168 6.1519000,49.1179380,167 6.1516560,49.1179630,167 6.1512970,49.1179490,167 6.1511750,49.1179340,167 6.1510580,49.1179120,168 6.1510240,49.1179060,168 6.1508730,49.1178670,168 6.1507730,49.1178580,168 6.1506800,49.1178310,167 6.1505670,49.1177820,167 6.1503840,49.1176770,167 6.1503190,49.1176640,167 6.1502590,49.1176520,167 6.1500910,49.1177250,167 6.1500440,49.1177570,167 6.1499250,49.1178880,167 6.1498900,49.1179120,167 6.1498450,49.1179350,167 6.1495810,49.1180280,167 6.1495170,49.1180780,167 6.1491490,49.1180160,167 6.1490270,49.1179940,167 6.1484560,49.1179090,167 6.1487780,49.1172930,168 6.1487030,49.1172540,168 6.1486820,49.1172340,168 6.1486250,49.1171800,169 6.1486020,49.1171590,169 6.1485420,49.1171040,170 6.1484950,49.1170450,170 6.1484550,49.1169890,170 6.1483300,49.1170370,170 6.1483140,49.1170200,170 6.1475900,49.1172900,169 6.1445040,49.1184410,170 6.1445270,49.1184640,170 6.1440720,49.1186270,170 6.1440430,49.1186560,170 6.1439190,49.1187220,170 6.1438610,49.1187730,170 6.1439520,49.1187550,170 6.1441590,49.1186940,170 6.1441320,49.1187170,170 6.1442280,49.1188060,170 6.1442740,49.1187830,170 6.1443050,49.1188130,170 6.1441520,49.1188820,168 6.1437410,49.1190760,169 6.1437350,49.1190800,169 6.1439650,49.1192510,168 6.1440420,49.1192030,169 6.1438120,49.1190280,170 6.1437470,49.1189790,170 6.1433300,49.1191670,168 6.1432020,49.1190610,168 6.1429210,49.1187760,168 6.1427930,49.1187390,168 6.1426690,49.1186850,168 6.1425810,49.1186060,168 6.1419600,49.1189290,168 6.1418620,49.1189640,168 6.1418770,49.1188020,168 6.1418550,49.1187730,168 6.1417380,49.1186590,168 6.1416820,49.1186040,168 6.1419150,49.1184690,168 6.1419980,49.1183850,168 6.1420030,49.1182700,168 6.1419740,49.1182030,168 6.1418740,49.1181480,167 6.1419090,49.1181220,167 6.1419490,49.1180930,167 6.1415480,49.1178830,168 6.1413560,49.1178120,168 6.1410570,49.1177190,169 6.1409350,49.1176680,169 6.1404880,49.1174350,170 6.1403510,49.1173820,170 6.1403240,49.1173730,170 6.1402860,49.1173610,170 6.1402330,49.1173530,170 6.1401290,49.1173360,170 6.1400340,49.1173110,170 6.1382690,49.1164430,170 6.1382260,49.1164230,170 6.1381570,49.1163900,170 6.1373880,49.1158710,171 6.1372620,49.1158020,170 6.1371290,49.1157470,170 6.1360470,49.1154230,174 6.1359560,49.1153720,174 6.1358440,49.1153090,174 6.1357930,49.1152790,174 6.1357610,49.1152530,175 6.1357090,49.1152130,175 6.1351210,49.1148450,176 6.1344160,49.1145380,179 6.1343660,49.1145220,179 6.1342810,49.1144930,179 6.1335750,49.1143080,178 6.1337430,49.1139520,175 6.1339110,49.1136540,170 6.1339320,49.1136360,170 6.1339660,49.1136060,170 6.1339520,49.1135800,170 6.1339040,49.1135790,170 6.1338780,49.1135790,170 6.1329570,49.1135060,171 6.1328350,49.1134940,171 6.1326750,49.1134700,171 6.1322150,49.1133690,170 6.1317820,49.1132560,170 6.1313920,49.1131380,170 6.1313620,49.1131290,170 6.1312960,49.1131060,170 6.1312560,49.1130930,170 6.1311540,49.1130550,170 6.1308790,49.1129230,170 6.1302330,49.1125850,170 6.1301420,49.1125360,170 6.1299230,49.1124420,170 6.1296410,49.1123350,170 6.1292670,49.1122180,169 6.1291350,49.1121860,169 6.1289000,49.1121330,168 6.1281690,49.1120050,170 6.1279800,49.1119240,169 6.1277840,49.1119420,169 6.1276540,49.1119330,169 6.1273870,49.1118940,169 6.1271520,49.1118860,169 6.1269880,49.1118940,169 6.1267810,49.1119250,169 6.1262780,49.1119990,169 6.1260980,49.1120110,169 6.1259500,49.1120120,169 6.1257800,49.1120040,169 6.1254690,49.1119650,169 6.1251840,49.1118950,169 6.1249800,49.1118370,170 6.1245090,49.1116550,169 6.1234920,49.1112640,170 6.1228230,49.1110010,169 6.1226910,49.1109630,169 6.1226060,49.1109500,170 6.1226810,49.1107930,169 6.1227040,49.1107680,169 6.1226500,49.1107360,169 6.1225510,49.1107050,169 6.1220290,49.1105880,169 6.1220400,49.1105350,169 6.1220150,49.1104980,169 6.1220660,49.1104700,169 6.1222030,49.1101930,169 6.1221180,49.1101730,169 6.1218160,49.1097600,169 6.1217440,49.1097390,169 6.1217060,49.1097300,169 6.1209820,49.1095620,169 6.1208890,49.1095270,169 6.1208410,49.1094900,169 6.1207760,49.1093790,169 6.1207550,49.1093460,170 6.1206570,49.1091940,170 6.1205850,49.1091430,170 6.1205320,49.1091070,170 6.1206690,49.1090000,169 6.1207080,49.1089710,169 6.1210670,49.1087690,169 6.1212640,49.1085990,169 6.1213910,49.1085010,169 6.1214990,49.1083930,168 6.1216680,49.1081060,168 6.1216830,49.1080470,168 6.1216650,49.1079970,168 6.1216000,49.1079360,168 6.1215060,49.1078860,168 6.1214050,49.1078500,168 6.1210370,49.1077150,168 6.1208800,49.1076710,168 6.1200460,49.1074320,168 6.1199830,49.1073990,168 6.1199370,49.1073590,168 6.1199010,49.1073240,168 6.1198790,49.1072760,168 6.1198740,49.1071840,168 6.1203270,49.1055400,169 6.1203540,49.1054820,169 6.1203940,49.1054280,169 6.1203450,49.1053950,169 6.1202490,49.1053850,169 6.1201890,49.1053690,168 6.1201390,49.1053420,168 6.1200430,49.1052660,168 6.1199440,49.1052140,168 6.1198510,49.1051770,167 6.1197900,49.1051630,167 6.1197270,49.1051610,167 6.1196320,49.1051790,167 6.1195700,49.1051720,167 6.1195220,49.1051540,167 6.1193470,49.1051340,167 6.1191600,49.1050860,167 6.1191270,49.1050590,167 6.1191270,49.1049880,167 6.1191250,49.1048930,166 6.1191500,49.1048340,166 6.1191510,49.1047970,166 6.1191330,49.1047620,166 6.1190860,49.1047280,166 6.1189960,49.1047040,166 6.1187450,49.1046930,166 6.1184880,49.1047130,166 6.1184150,49.1047050,166 6.1183520,49.1046860,167 6.1182690,49.1046810,166 6.1181710,49.1046830,166 6.1181150,49.1046730,166 6.1180630,49.1046450,166 6.1180250,49.1046340,166 6.1179780,49.1046350,166 6.1179240,49.1046560,166 6.1178710,49.1046640,166 6.1176370,49.1046380,166 6.1172110,49.1046380,166 6.1171370,49.1046270,167 6.1170590,49.1046040,167 6.1170070,49.1045990,167 6.1169550,49.1046070,167 6.1168820,49.1046320,167 6.1167980,49.1046480,167 6.1167490,49.1046450,167 6.1167220,49.1046320,167 6.1167110,49.1046120,167 6.1167040,49.1045200,167 6.1166650,49.1044860,167 6.1165770,49.1044310,167 6.1164900,49.1044000,167 6.1163900,49.1043740,166 6.1161190,49.1043310,166 6.1159060,49.1042740,167 6.1156430,49.1041840,167 6.1154690,49.1040880,167 6.1153250,49.1040390,167 6.1151820,49.1039620,167 6.1150960,49.1038870,167 6.1149020,49.1038010,167 6.1148090,49.1037310,167 6.1147660,49.1036560,167 6.1147570,49.1035720,167 6.1147380,49.1035400,167 6.1146450,49.1034660,167 6.1145540,49.1032730,168 6.1145100,49.1032200,168 6.1145010,49.1031250,168 6.1145540,49.1030200,167 6.1147030,49.1028900,167 6.1148280,49.1028260,168 6.1150760,49.1028370,168 6.1152170,49.1028290,168 6.1153250,49.1027790,168 6.1154180,49.1026830,168 6.1152540,49.1025990,167 6.1149850,49.1024240,167 6.1147550,49.1022890,167 6.1145410,49.1021860,167 6.1142580,49.1020370,167 6.1136320,49.1016280,168 6.1133360,49.1013710,167 6.1130810,49.1011810,168 6.1129520,49.1011930,168 6.1128080,49.1012250,168 6.1126320,49.1013070,168 6.1125440,49.1013600,168 6.1117580,49.1019290,173 6.1118120,49.1019480,174 6.1126680,49.1015000,171 6.1152320,49.1001480,172 6.1153360,49.1000880,173 6.1153510,49.1000690,173 6.1153530,49.1000350,173 6.1153420,49.0999920,173 6.1153220,49.0999560,173 6.1152920,49.0999300,173 6.1149430,49.0998670,171 6.1148320,49.0998630,170 6.1147450,49.0998780,170 6.1146600,49.0999130,169 6.1146080,49.0999670,169 6.1145750,49.1000230,168 6.1145790,49.1000760,168 6.1146120,49.1001040,168 6.1145340,49.1001380,168 6.1144720,49.1001660,168 6.1150300,49.1006290,168 6.1151750,49.1007310,168 6.1152340,49.1007650,168 6.1153140,49.1007830,168 6.1153430,49.1008540,168 6.1156300,49.1010700,168 6.1159510,49.1012610,167 6.1161290,49.1013230,167 6.1162360,49.1013900,167 6.1163850,49.1014690,167 6.1164450,49.1015140,167 6.1165730,49.1015680,167 6.1167270,49.1016060,167 6.1169850,49.1016540,168 6.1172090,49.1017220,168 6.1173220,49.1017730,168 6.1174030,49.1017990,168 6.1176610,49.1018670,167 6.1179120,49.1019140,168 6.1181280,49.1019740,168 6.1183560,49.1020180,167 6.1186390,49.1021130,167 6.1188630,49.1022360,167 6.1189920,49.1022850,167 6.1191410,49.1023140,167 6.1193610,49.1023220,167 6.1195310,49.1023480,167 6.1200220,49.1025510,167 6.1200870,49.1025650,167 6.1201750,49.1025710,166 6.1202650,49.1025890,166 6.1205750,49.1026950,166 6.1207910,49.1027400,167 6.1209800,49.1027900,167 6.1210780,49.1028330,167 6.1212800,49.1029680,166 6.1213520,49.1030090,167 6.1214250,49.1030350,167 6.1217040,49.1030810,167 6.1218910,49.1030900,167 6.1220330,49.1031280,167 6.1221250,49.1031350,167 6.1222410,49.1031300,166 6.1223320,49.1031350,166 6.1224040,49.1031520,166 6.1224530,49.1031850,166 6.1225440,49.1032120,166 6.1226580,49.1032310,166 6.1227830,49.1032250,166 6.1228610,49.1032330,166 6.1229950,49.1032830,166 6.1233340,49.1033480,167 6.1238580,49.1034040,166 6.1239590,49.1034240,166 6.1240590,49.1034690,166 6.1242140,49.1035030,166 6.1244130,49.1035190,166 6.1253440,49.1035580,166 6.1256170,49.1035450,167 6.1259840,49.1035610,166 6.1266010,49.1035210,166 6.1268010,49.1035180,166 6.1272020,49.1034920,167 6.1279780,49.1034110,167 6.1283740,49.1033890,167 6.1288230,49.1033670,167 6.1289400,49.1033490,167 6.1290780,49.1033440,167 6.1291100,49.1033320,167 6.1290980,49.1032730,167 6.1291030,49.1032220,168 6.1291980,49.1030260,169 6.1292550,49.1028730,169 6.1292960,49.1027980,169 6.1296440,49.1028410,169 6.1298010,49.1028550,169 6.1301150,49.1028490,168 6.1303510,49.1028190,168 6.1306390,49.1027410,168 6.1307710,49.1028060,168 6.1314450,49.1029100,168 6.1316870,49.1029080,168 6.1314450,49.1029100,168 6.1307710,49.1028060,168 6.1306390,49.1027410,168 6.1307850,49.1026790,168 6.1317430,49.1021760,170 6.1322210,49.1019060,173 6.1325560,49.1016650,174 6.1330350,49.1012810,170 6.1331530,49.1011810,172 6.1332550,49.1010830,174 6.1333310,49.1009840,173 6.1333630,49.1009450,172 6.1335630,49.1007070,172 6.1336810,49.1005630,172 6.1337300,49.1005780,172 6.1337950,49.1006000,172 6.1338410,49.1006470,172 6.1338490,49.1006990,172 6.1338670,49.1007330,171 6.1339430,49.1008170,171 6.1339430,49.1008360,171 6.1344940,49.1009970,171 6.1345870,49.1010560,172 6.1346690,49.1011160,173 6.1347140,49.1011370,174 6.1348280,49.1011720,174 6.1348840,49.1011830,174 6.1349830,49.1011910,173 6.1351170,49.1011830,172 6.1352010,49.1011880,171 6.1357450,49.1013290,170 6.1403530,49.1025710,170 6.1404030,49.1025840,170 6.1406940,49.1026610,169 6.1434150,49.1033930,170 6.1463470,49.1041850,170 6.1489770,49.1048910,169 6.1494350,49.1050130,171 6.1494650,49.1050240,171 6.1495480,49.1050880,171 6.1496500,49.1051130,170 6.1497590,49.1051000,170 6.1498100,49.1050980,170 6.1499310,49.1051330,169 6.1519490,49.1056250,169 6.1522100,49.1056760,169 6.1522310,49.1056860,169 6.1539600,49.1061030,170 6.1550550,49.1063680,170 6.1554090,49.1064530,169 6.1555960,49.1064870,168 6.1560950,49.1065400,169 6.1562700,49.1065460,169 6.1574080,49.1065310,170 6.1577180,49.1065330,170 6.1581960,49.1065550,170 6.1584840,49.1066020,170 6.1587310,49.1066840,170 6.1588490,49.1067320,170 6.1589550,49.1067850,170 6.1590830,49.1068630,171 6.1593780,49.1070990,170 6.1596360,49.1073390,170 6.1597310,49.1074090,170 6.1599470,49.1075460,170 6.1600510,49.1075910,171 6.1605230,49.1078390,171 6.1607310,49.1079760,171 6.1612210,49.1083630,171 6.1614750,49.1085880,171 6.1616010,49.1085440,173 6.1616730,49.1085530,174 6.1621180,49.1086670,176 6.1623600,49.1088380,176 6.1624090,49.1088820,176 6.1626800,49.1090680,177 6.1633810,49.1096130,177 6.1634780,49.1097190,178 6.1635170,49.1098270,177 6.1636160,49.1098140,178 6.1637000,49.1097850,178 6.1637770,49.1097460,178 6.1638790,49.1097840,179 6.1639460,49.1097970,179 6.1639930,49.1097880,179 6.1640270,49.1097490,179 6.1641720,49.1096570,179 6.1646700,49.1093770,180 6.1647100,49.1093760,180 6.1647750,49.1093430,180 6.1648630,49.1094020,180 6.1649640,49.1094600,181 6.1653670,49.1096980,181 6.1656560,49.1098330,181 6.1658060,49.1098900,182 6.1658740,49.1099160,182 6.1661050,49.1099760,182 6.1663640,49.1100290,182 6.1666150,49.1100750,182 6.1668690,49.1101080,182 6.1670840,49.1101430,182 6.1672230,49.1101650,183 6.1673810,49.1102140,183 6.1673870,49.1102660,183 6.1673890,49.1102800,183 6.1675450,49.1103210,183 6.1677980,49.1103280,182 6.1693510,49.1104380,182 6.1705060,49.1105200,180 6.1706010,49.1105660,180 6.1706670,49.1105650,180 6.1707240,49.1105640,180 6.1707830,49.1105490,180 6.1708360,49.1105350,180 6.1713030,49.1105230,179 6.1718080,49.1105100,179 6.1718680,49.1105080,179 6.1719520,49.1104920,179 6.1720450,49.1104710,179 6.1723840,49.1104130,179 6.1727810,49.1103670,178 6.1730170,49.1103700,178 6.1732230,49.1103870,177 6.1737140,49.1104280,177 6.1738500,49.1104310,176 6.1739670,49.1104400,176 6.1741070,49.1104430,176 6.1742460,49.1104380,176 6.1744300,49.1104160,176 6.1745770,49.1103850,176 6.1746420,49.1103640,176 6.1747350,49.1103310,176 6.1748830,49.1103020,175 6.1759170,49.1100190,174 6.1756730,49.1096230,174 6.1757750,49.1095300,174 6.1758470,49.1094650,174 6.1758810,49.1094330,174 6.1757750,49.1093810,174 6.1758010,49.1093590,174 6.1758920,49.1092790,174 6.1758440,49.1092560,174 6.1759730,49.1091660,174 6.1760490,49.1091720,175 6.1760650,49.1091610,175 6.1760960,49.1091370,175 6.1761690,49.1090760,177 6.1762350,49.1090190,178 6.1762620,49.1090320,178 6.1762850,49.1090450,179 6.1764790,49.1091390,180 6.1765400,49.1091670,180 6.1765920,49.1091220,179 6.1769770,49.1093080,180</coordinates></LineString></Placemark>
  </Folder>
  <Folder><name>La Seille en amont</name><description>15.4 km. D+ 32 m. 55 % de chemins. La plus verte du lot : plein sud le long de la Seille jusqu'aux prairies inondables de Marly et au parc du Nec, retour par les jardins de Montigny. Plate de bout en bout.</description>
    <Placemark><name>Depart : Gare de Metz, parvis</name><description>Point de ralliement des boucles a pied : a moins d'un quart d'heure de marche pour tout le monde. Abrite, cafe ouvert tot, toilettes.</description><styleUrl>#depart</styleUrl><Point><coordinates>6.1770130,49.1092770,0</coordinates></Point></Placemark>
    <Placemark><name>1. Parc de la Seille</name><description>Prairies humides et roselieres au bord de la Seille. Herons.</description><styleUrl>#etape</styleUrl><Point><coordinates>6.1849680,49.1066100,0</coordinates></Point></Placemark>
    <Placemark><name>2. Parc du Nec, Marly</name><description>Point le plus au sud de la boucle, avant de remonter la Seille.</description><styleUrl>#etape</styleUrl><Point><coordinates>6.1631810,49.0613430,0</coordinates></Point></Placemark>
    <Placemark><name>3. Montigny-les-Metz</name><description>Retour par le sud, jardins ouvriers et bord de Moselle.</description><styleUrl>#etape</styleUrl><Point><coordinates>6.1631230,49.0874750,0</coordinates></Point></Placemark>
    <Style id="t6"><LineStyle><color>ff5A6E2F</color><width>4</width></LineStyle></Style>
    <Placemark><name>La Seille en amont</name><description>15.4 km. D+ 32 m. 55 % de chemins. La plus verte du lot : plein sud le long de la Seille jusqu'aux prairies inondables de Marly et au parc du Nec, retour par les jardins de Montigny. Plate de bout en bout.</description><styleUrl>#t6</styleUrl><LineString><tessellate>1</tessellate><coordinates>6.1769770,49.1093080,180 6.1771540,49.1093930,180 6.1771030,49.1094370,180 6.1771660,49.1094690,180 6.1772910,49.1095290,180 6.1773130,49.1095400,180 6.1773630,49.1095730,180 6.1774310,49.1096070,180 6.1774510,49.1095900,180 6.1776440,49.1094230,179 6.1777310,49.1093450,179 6.1778550,49.1092350,179 6.1779350,49.1091650,179 6.1781230,49.1090000,179 6.1785370,49.1086340,176 6.1785780,49.1085970,176 6.1789650,49.1086370,174 6.1790320,49.1086290,174 6.1792300,49.1086030,172 6.1794770,49.1085900,172 6.1795900,49.1084890,172 6.1799530,49.1086990,172 6.1800090,49.1087230,172 6.1800320,49.1087070,172 6.1800720,49.1086810,172 6.1801050,49.1086560,172 6.1801210,49.1086420,172 6.1801710,49.1085990,172 6.1801950,49.1085640,172 6.1803040,49.1083640,172 6.1804210,49.1081720,172 6.1804690,49.1081500,172 6.1805360,49.1080360,171 6.1806140,49.1080420,171 6.1807420,49.1080150,171 6.1809290,49.1077440,171 6.1809750,49.1077000,171 6.1810350,49.1076610,171 6.1811230,49.1076290,171 6.1811800,49.1076210,171 6.1812390,49.1076120,171 6.1825490,49.1076960,171 6.1829870,49.1077260,173 6.1829890,49.1077060,172 6.1829990,49.1076110,172 6.1830050,49.1075710,172 6.1830140,49.1075180,171 6.1831850,49.1075310,170 6.1832290,49.1075150,170 6.1832440,49.1074910,170 6.1833290,49.1074970,170 6.1834120,49.1075020,170 6.1836170,49.1075120,170 6.1836340,49.1074180,170 6.1838590,49.1074340,170 6.1839010,49.1074370,170 6.1847110,49.1066060,170 6.1849620,49.1066240,170 6.1849640,49.1066090,169 6.1850090,49.1063120,169 6.1851430,49.1061660,169 6.1852270,49.1060850,169 6.1855070,49.1058050,167 6.1857570,49.1055370,166 6.1856800,49.1053470,166 6.1856370,49.1051920,166 6.1856370,49.1049580,166 6.1856480,49.1048890,166 6.1856840,49.1047800,166 6.1857520,49.1046910,165 6.1858460,49.1045240,165 6.1858970,49.1043850,166 6.1859790,49.1042080,166 6.1860670,49.1039590,165 6.1860860,49.1034710,166 6.1863350,49.1031920,165 6.1864150,49.1025860,165 6.1864740,49.1021940,166 6.1864800,49.1021550,166 6.1864820,49.1021370,166 6.1864840,49.1021220,167 6.1864870,49.1021060,167 6.1864900,49.1020830,167 6.1864920,49.1020640,168 6.1864950,49.1020450,168 6.1864980,49.1020230,168 6.1865010,49.1020040,168 6.1865050,49.1019670,168 6.1864960,49.1019350,169 6.1867280,49.1018920,168 6.1868080,49.1018400,168 6.1868500,49.1017250,169 6.1869180,49.1013120,169 6.1870680,49.1013220,169 6.1870870,49.1012120,169 6.1871300,49.1009570,169 6.1872290,49.1008470,169 6.1874520,49.1006410,170 6.1874980,49.1006450,170 6.1875000,49.1006370,170 6.1875120,49.1005900,170 6.1875180,49.1005390,170 6.1875850,49.1005420,168 6.1875910,49.1005140,168 6.1876210,49.1004860,168 6.1876410,49.1004490,168 6.1876580,49.1003440,168 6.1876560,49.0999240,167 6.1876390,49.0996890,167 6.1876120,49.0996000,167 6.1875720,49.0995130,167 6.1875460,49.0994200,167 6.1875320,49.0993200,167 6.1873920,49.0989860,167 6.1873730,49.0989160,167 6.1873130,49.0987740,167 6.1872720,49.0987040,167 6.1871350,49.0982780,167 6.1868530,49.0974750,166 6.1867940,49.0973420,167 6.1867510,49.0972660,167 6.1865790,49.0967660,166 6.1865030,49.0964670,166 6.1864790,49.0963180,166 6.1864610,49.0961620,166 6.1864430,49.0958610,166 6.1864310,49.0957970,166 6.1863890,49.0957530,167 6.1863210,49.0957160,167 6.1862170,49.0956780,167 6.1861020,49.0956470,168 6.1860310,49.0956190,168 6.1859600,49.0955760,168 6.1858160,49.0954560,168 6.1857670,49.0953750,168 6.1857430,49.0952820,168 6.1857320,49.0951820,168 6.1857620,49.0947420,168 6.1858360,49.0945800,168 6.1858650,49.0945020,168 6.1858650,49.0944210,168 6.1858380,49.0942770,168 6.1857350,49.0938920,168 6.1856390,49.0935920,168 6.1856220,49.0934850,168 6.1855710,49.0932780,169 6.1855470,49.0932200,169 6.1855170,49.0927890,168 6.1854870,49.0927230,168 6.1854800,49.0926880,168 6.1854840,49.0925640,168 6.1854300,49.0923700,167 6.1854180,49.0922700,167 6.1854580,49.0921070,166 6.1854640,49.0920160,166 6.1854520,49.0919330,166 6.1853900,49.0917560,166 6.1853870,49.0915260,166 6.1854100,49.0914130,166 6.1854130,49.0913510,166 6.1853900,49.0913000,166 6.1853420,49.0912430,167 6.1851670,49.0911100,167 6.1848570,49.0907200,168 6.1844980,49.0903360,167 6.1843230,49.0901290,168 6.1842060,49.0900220,168 6.1841060,49.0899430,168 6.1839540,49.0898480,168 6.1836690,49.0896950,168 6.1833890,49.0894910,167 6.1833280,49.0894480,167 6.1827450,49.0891540,168 6.1825630,49.0890570,168 6.1824700,49.0890270,168 6.1822910,49.0889970,168 6.1822790,49.0889420,168 6.1821820,49.0889010,168 6.1820120,49.0888700,168 6.1816480,49.0888630,168 6.1815350,49.0888470,169 6.1814260,49.0888120,169 6.1810360,49.0885520,170 6.1805580,49.0884010,168 6.1803940,49.0883040,167 6.1800810,49.0880770,167 6.1796750,49.0877560,167 6.1795450,49.0876970,167 6.1795740,49.0876540,167 6.1795440,49.0876120,167 6.1793710,49.0874870,167 6.1792990,49.0873910,167 6.1792180,49.0873030,167 6.1790890,49.0871110,166 6.1789270,49.0869500,167 6.1785890,49.0865680,166 6.1784380,49.0863550,166 6.1783990,49.0861210,167 6.1784230,49.0859720,166 6.1787220,49.0854590,167 6.1788310,49.0851420,167 6.1788650,49.0848820,167 6.1789230,49.0845710,167 6.1789810,49.0844130,166 6.1791230,49.0840790,166 6.1792240,49.0839320,166 6.1793800,49.0838050,166 6.1795160,49.0837090,166 6.1797000,49.0836220,167 6.1799030,49.0835670,166 6.1807700,49.0832880,167 6.1809440,49.0832200,166 6.1817850,49.0828340,167 6.1820770,49.0826860,166 6.1821600,49.0826070,166 6.1822410,49.0825700,166 6.1823180,49.0825060,166 6.1824210,49.0824110,166 6.1825110,49.0823010,167 6.1825710,49.0821710,167 6.1826270,49.0820760,166 6.1827090,49.0818870,166 6.1827690,49.0816700,167 6.1828380,49.0815270,167 6.1829970,49.0811360,167 6.1832370,49.0806290,167 6.1833070,49.0804470,167 6.1833940,49.0802730,168 6.1834010,49.0800600,168 6.1833370,49.0798720,168 6.1833090,49.0798390,168 6.1832740,49.0798190,168 6.1832560,49.0797920,168 6.1832540,49.0796930,168 6.1831950,49.0793760,167 6.1830880,49.0791770,168 6.1830660,49.0790860,167 6.1829750,49.0789770,167 6.1828540,49.0788590,168 6.1828000,49.0787760,168 6.1827750,49.0787530,168 6.1828460,49.0786790,168 6.1828830,49.0786080,168 6.1829060,49.0784710,168 6.1828670,49.0783700,168 6.1827760,49.0782870,168 6.1826030,49.0782030,168 6.1824520,49.0781140,168 6.1823800,49.0780270,168 6.1822810,49.0777260,168 6.1822180,49.0776760,168 6.1820780,49.0775860,168 6.1820600,49.0775300,168 6.1821610,49.0772850,168 6.1821630,49.0772740,168 6.1818780,49.0772030,169 6.1818160,49.0771670,168 6.1815590,49.0771080,168 6.1813120,49.0770130,168 6.1810550,49.0768720,168 6.1809620,49.0767950,168 6.1808700,49.0767460,168 6.1804320,49.0765990,168 6.1802420,49.0765490,168 6.1799680,49.0764890,169 6.1798800,49.0764540,168 6.1798460,49.0764220,168 6.1797940,49.0763730,168 6.1797570,49.0763030,169 6.1797200,49.0761880,169 6.1796900,49.0760360,170 6.1796800,49.0759370,170 6.1797330,49.0753280,169 6.1797450,49.0752720,169 6.1797160,49.0752710,169 6.1795100,49.0752640,170 6.1794570,49.0752620,170 6.1780980,49.0751870,170 6.1757770,49.0748880,171 6.1757650,49.0748150,171 6.1757750,49.0747150,171 6.1758450,49.0745100,171 6.1760630,49.0741110,171 6.1761180,49.0739690,171 6.1761640,49.0738120,171 6.1761730,49.0736730,172 6.1761590,49.0734650,172 6.1761200,49.0732770,173 6.1760870,49.0730340,173 6.1760710,49.0728270,174 6.1760650,49.0726680,174 6.1760910,49.0723940,174 6.1761010,49.0721190,174 6.1761000,49.0719490,174 6.1760820,49.0717370,174 6.1760260,49.0715790,174 6.1759370,49.0714080,174 6.1758310,49.0712490,175 6.1757210,49.0711090,175 6.1756290,49.0710310,175 6.1755260,49.0709780,176 6.1753650,49.0709170,176 6.1751050,49.0708310,176 6.1739870,49.0705120,179 6.1732320,49.0702650,181 6.1730130,49.0701770,181 6.1727590,49.0700640,181 6.1724090,49.0698750,181 6.1720890,49.0696590,180 6.1714910,49.0691940,181 6.1712340,49.0689850,180 6.1710310,49.0687950,180 6.1706850,49.0684070,181 6.1706110,49.0683210,181 6.1703570,49.0679370,182 6.1699110,49.0672510,182 6.1698940,49.0672050,182 6.1698350,49.0671090,182 6.1697570,49.0669780,182 6.1695010,49.0665850,182 6.1694640,49.0665300,182 6.1694070,49.0664460,182 6.1693290,49.0663360,182 6.1689330,49.0658150,182 6.1688180,49.0656650,181 6.1687370,49.0655580,181 6.1685230,49.0652880,180 6.1683820,49.0651140,179 6.1679820,49.0646790,176 6.1678520,49.0646030,176 6.1677410,49.0645340,176 6.1676720,49.0645160,175 6.1676210,49.0644790,174 6.1675860,49.0644380,174 6.1675380,49.0643960,174 6.1674570,49.0643550,174 6.1673560,49.0643250,174 6.1672540,49.0642520,173 6.1671820,49.0642070,173 6.1669390,49.0640120,172 6.1666680,49.0637750,172 6.1666160,49.0637180,172 6.1663470,49.0632930,172 6.1661640,49.0627220,172 6.1661520,49.0626550,172 6.1661610,49.0623530,172 6.1663300,49.0623570,172 6.1663810,49.0623580,172 6.1664250,49.0622630,172 6.1663260,49.0622380,172 6.1663400,49.0621820,172 6.1663190,49.0621560,172 6.1663360,49.0620990,172 6.1663560,49.0620170,172 6.1663660,49.0619750,172 6.1664040,49.0619290,172 6.1665970,49.0617400,172 6.1665280,49.0617140,172 6.1663500,49.0616850,172 6.1662880,49.0616750,172 6.1662040,49.0616580,172 6.1662340,49.0615710,172 6.1661840,49.0615580,172 6.1661260,49.0615420,172 6.1659710,49.0615080,172 6.1653160,49.0612330,172 6.1652660,49.0611980,172 6.1652470,49.0611870,172 6.1651280,49.0611510,171 6.1648830,49.0611140,171 6.1647690,49.0610890,171 6.1647270,49.0611170,171 6.1646780,49.0611320,171 6.1645940,49.0611360,171 6.1645130,49.0611310,171 6.1644040,49.0611130,171 6.1642510,49.0610440,172 6.1641570,49.0609870,172 6.1641160,49.0610000,172 6.1639970,49.0610950,172 6.1639440,49.0611460,172 6.1638320,49.0612020,172 6.1637910,49.0612460,172 6.1636960,49.0612730,171 6.1635760,49.0612880,171 6.1634590,49.0612950,172 6.1633130,49.0612940,172 6.1632050,49.0612760,172 6.1631720,49.0612710,172 6.1631570,49.0612500,172 6.1630940,49.0612640,172 6.1629240,49.0613380,171 6.1626400,49.0613990,171 6.1625960,49.0614170,171 6.1625810,49.0614350,171 6.1625350,49.0615840,171 6.1624510,49.0616760,171 6.1623170,49.0617380,171 6.1620520,49.0617720,171 6.1619690,49.0617640,171 6.1618850,49.0617560,171 6.1618090,49.0617500,171 6.1617810,49.0618260,171 6.1617480,49.0618490,171 6.1616620,49.0618750,171 6.1616700,49.0619080,171 6.1616910,49.0619940,171 6.1617010,49.0620370,171 6.1614410,49.0620690,171 6.1611880,49.0621010,171 6.1601600,49.0622560,171 6.1593930,49.0624040,171 6.1591150,49.0624590,171 6.1588660,49.0625080,171 6.1584860,49.0626030,171 6.1579950,49.0628480,170 6.1572230,49.0631310,170 6.1570530,49.0632350,170 6.1565030,49.0635390,169 6.1563310,49.0636040,169 6.1560580,49.0637660,169 6.1560130,49.0638050,169 6.1560300,49.0638540,169 6.1559920,49.0639450,169 6.1559800,49.0640360,169 6.1559890,49.0641770,169 6.1560500,49.0642980,169 6.1562760,49.0645050,169 6.1566240,49.0647670,169 6.1567400,49.0648920,169 6.1568550,49.0654190,169 6.1570020,49.0657990,169 6.1570960,49.0660760,169 6.1571640,49.0664440,169 6.1571480,49.0668350,169 6.1572530,49.0674390,169 6.1573580,49.0678470,169 6.1576500,49.0686430,170 6.1575620,49.0686790,169 6.1572050,49.0688310,169 6.1571590,49.0688530,170 6.1574330,49.0690610,168 6.1574650,49.0691590,169 6.1575020,49.0692240,169 6.1576160,49.0693240,168 6.1576380,49.0693970,169 6.1576380,49.0694810,169 6.1575750,49.0696600,169 6.1575310,49.0697250,169 6.1574850,49.0698650,169 6.1574670,49.0699540,169 6.1574760,49.0701260,169 6.1574720,49.0702790,169 6.1574590,49.0703640,169 6.1574140,49.0704760,169 6.1573520,49.0705660,169 6.1571830,49.0707760,169 6.1569800,49.0709820,169 6.1568160,49.0711320,169 6.1566900,49.0712890,169 6.1565830,49.0714560,168 6.1564500,49.0716080,168 6.1561780,49.0718360,169 6.1559190,49.0720250,169 6.1558250,49.0721070,169 6.1557460,49.0722670,169 6.1556880,49.0723500,168 6.1556050,49.0724430,168 6.1555340,49.0725400,169 6.1553710,49.0728350,168 6.1553100,49.0729220,169 6.1550410,49.0731890,169 6.1548920,49.0732830,169 6.1549290,49.0734680,169 6.1549770,49.0736270,169 6.1550660,49.0737600,169 6.1553510,49.0741490,170 6.1553910,49.0742410,169 6.1546320,49.0745690,170 6.1545720,49.0746190,170 6.1545030,49.0746620,170 6.1544090,49.0747010,170 6.1516480,49.0759850,174 6.1512760,49.0761550,174 6.1512390,49.0761680,174 6.1511970,49.0761870,175 6.1511390,49.0762160,175 6.1509130,49.0763130,176 6.1505490,49.0763460,177 6.1504840,49.0763600,177 6.1505640,49.0764990,177 6.1506040,49.0775730,182 6.1505930,49.0776290,182 6.1505680,49.0776740,182 6.1505070,49.0777070,182 6.1505830,49.0777720,183 6.1507630,49.0778330,183 6.1507810,49.0781510,183 6.1511770,49.0781380,183 6.1512110,49.0781370,182 6.1512640,49.0781360,182 6.1512860,49.0787720,184 6.1512870,49.0787980,184 6.1512730,49.0788560,184 6.1512830,49.0789230,184 6.1513090,49.0789540,184 6.1510400,49.0791150,185 6.1510650,49.0791350,185 6.1520010,49.0799340,185 6.1534170,49.0809840,184 6.1535440,49.0812710,184 6.1537440,49.0814770,184 6.1545960,49.0821930,183 6.1545250,49.0822780,184 6.1544570,49.0823420,184 6.1543650,49.0823940,183 6.1538490,49.0826990,183 6.1531650,49.0830620,184 6.1531020,49.0831160,185 6.1530580,49.0831730,185 6.1531060,49.0832050,185 6.1535670,49.0835210,184 6.1538750,49.0837220,185 6.1540250,49.0838110,185 6.1542230,49.0839170,184 6.1545410,49.0840680,185 6.1549060,49.0842150,185 6.1550790,49.0842770,185 6.1554290,49.0843860,184 6.1555870,49.0844290,184 6.1559040,49.0845030,184 6.1562420,49.0845670,184 6.1564370,49.0845980,184 6.1568050,49.0846430,184 6.1572140,49.0846690,184 6.1574470,49.0846740,183 6.1575200,49.0846760,183 6.1575040,49.0847720,183 6.1574990,49.0848000,183 6.1574950,49.0848190,183 6.1574900,49.0848470,183 6.1575810,49.0848580,183 6.1577520,49.0848790,183 6.1577890,49.0849060,183 6.1579780,49.0849240,183 6.1587020,49.0849700,182 6.1590060,49.0850090,183 6.1596340,49.0851340,183 6.1598390,49.0851860,183 6.1598580,49.0851490,183 6.1600030,49.0851860,184 6.1600610,49.0852000,184 6.1601440,49.0852210,184 6.1604380,49.0852980,184 6.1606240,49.0853550,184 6.1613480,49.0856110,186 6.1612560,49.0857310,185 6.1611990,49.0857690,184 6.1615250,49.0859170,184 6.1617890,49.0860100,184 6.1618510,49.0860460,185 6.1618570,49.0860730,185 6.1618480,49.0861350,184 6.1617720,49.0862730,184 6.1617960,49.0863610,185 6.1619770,49.0864620,186 6.1620150,49.0864840,186 6.1620710,49.0865150,186 6.1618750,49.0866150,186 6.1612420,49.0871230,185 6.1613530,49.0872780,185 6.1613190,49.0872880,185 6.1613420,49.0873250,185 6.1616320,49.0872840,186 6.1618830,49.0872790,186 6.1621520,49.0872970,186 6.1628020,49.0873480,186 6.1630110,49.0873640,186 6.1631400,49.0873740,186 6.1633870,49.0873930,186 6.1638150,49.0874270,186 6.1638890,49.0874330,186 6.1639920,49.0874410,186 6.1647910,49.0875010,186 6.1648800,49.0875040,186 6.1649320,49.0874930,187 6.1649790,49.0874710,187 6.1650360,49.0875190,187 6.1651130,49.0875770,186 6.1653920,49.0877880,186 6.1654040,49.0878090,186 6.1654880,49.0879690,186 6.1655610,49.0881320,186 6.1656000,49.0882350,186 6.1656420,49.0884030,186 6.1656570,49.0885180,186 6.1656620,49.0886850,187 6.1656470,49.0889010,187 6.1656500,49.0889640,187 6.1656750,49.0890310,187 6.1657030,49.0891020,187 6.1657460,49.0891680,187 6.1657870,49.0892340,187 6.1660790,49.0896950,187 6.1662420,49.0900200,186 6.1663040,49.0901610,186 6.1663480,49.0902570,186 6.1663600,49.0902790,186 6.1664960,49.0905160,186 6.1665060,49.0905340,186 6.1666460,49.0907750,186 6.1667710,49.0910070,186 6.1670350,49.0914980,186 6.1672830,49.0919000,186 6.1673280,49.0918880,186 6.1673750,49.0918790,186 6.1679120,49.0918130,186 6.1681070,49.0917970,186 6.1682590,49.0917930,186 6.1687460,49.0917850,186 6.1692690,49.0917790,186 6.1697140,49.0917970,186 6.1697590,49.0917990,186 6.1697710,49.0919410,186 6.1697960,49.0921410,185 6.1698510,49.0925960,185 6.1698740,49.0930000,184 6.1698820,49.0931260,184 6.1699680,49.0931460,184 6.1700350,49.0931620,184 6.1700540,49.0931710,184 6.1700820,49.0931460,184 6.1711940,49.0934520,185 6.1711980,49.0934710,185 6.1712300,49.0934900,184 6.1712520,49.0934900,184 6.1712850,49.0934750,184 6.1714990,49.0935350,184 6.1715990,49.0935510,184 6.1717850,49.0936040,184 6.1720130,49.0936700,184 6.1720730,49.0936940,184 6.1720980,49.0936720,184 6.1721250,49.0936480,184 6.1723110,49.0934880,184 6.1725180,49.0932940,184 6.1729180,49.0928980,185 6.1730750,49.0927430,185 6.1731530,49.0926740,186 6.1732000,49.0926480,186 6.1732920,49.0926060,186 6.1733800,49.0926500,186 6.1735380,49.0926980,186 6.1735820,49.0927110,186 6.1736300,49.0927240,186 6.1736620,49.0927340,186 6.1736550,49.0927720,186 6.1737750,49.0928160,186 6.1742720,49.0929720,185 6.1745240,49.0931050,185 6.1746850,49.0932070,185 6.1747230,49.0932510,185 6.1747250,49.0932880,186 6.1748130,49.0932390,184 6.1749200,49.0931950,184 6.1750120,49.0932410,184 6.1750680,49.0932780,185 6.1751330,49.0933570,186 6.1752820,49.0934860,185 6.1755380,49.0937240,185 6.1758700,49.0940230,184 6.1762650,49.0943880,181 6.1763080,49.0944180,181 6.1764680,49.0945650,180 6.1764840,49.0945930,180 6.1764990,49.0946360,180 6.1765770,49.0946830,179 6.1765700,49.0947220,179 6.1765570,49.0947940,179 6.1765490,49.0948980,179 6.1768100,49.0950680,177 6.1770370,49.0952730,175 6.1770360,49.0953280,175 6.1771870,49.0955160,174 6.1773740,49.0957510,173 6.1778220,49.0962880,172 6.1779440,49.0964880,172 6.1780210,49.0965860,171 6.1780500,49.0966360,171 6.1781220,49.0968480,171 6.1781570,49.0969580,171 6.1781930,49.0970990,170 6.1782150,49.0972430,170 6.1782250,49.0973390,170 6.1782220,49.0975440,170 6.1782250,49.0976650,170 6.1782180,49.0977860,170 6.1782020,49.0978570,170 6.1781250,49.0981690,171 6.1780970,49.0982660,171 6.1779700,49.0987800,171 6.1779500,49.0988950,171 6.1779010,49.0990510,171 6.1778420,49.0991790,171 6.1776080,49.0998490,172 6.1775670,49.0999550,172 6.1775200,49.0999720,172 6.1775140,49.0999900,172 6.1775010,49.1000350,172 6.1774910,49.1000730,172 6.1774790,49.1001210,172 6.1774540,49.1002970,172 6.1774230,49.1005370,171 6.1774280,49.1005910,171 6.1774370,49.1006770,171 6.1774380,49.1008100,171 6.1774080,49.1009100,171 6.1773890,49.1011020,171 6.1773960,49.1011490,171 6.1773800,49.1012010,171 6.1773780,49.1015010,171 6.1773810,49.1015520,171 6.1773840,49.1016020,171 6.1774260,49.1016160,171 6.1774260,49.1016370,171 6.1774300,49.1018030,171 6.1774400,49.1023550,171 6.1773860,49.1023890,171 6.1774270,49.1027580,171 6.1774810,49.1030510,171 6.1774970,49.1030750,171 6.1775140,49.1031000,171 6.1775290,49.1031510,171 6.1775380,49.1031830,171 6.1775410,49.1031910,171 6.1775570,49.1032330,171 6.1775940,49.1033310,171 6.1775870,49.1033650,171 6.1776090,49.1035040,170 6.1776350,49.1035970,170 6.1776620,49.1036890,170 6.1776890,49.1037880,170 6.1777200,49.1038950,170 6.1777560,49.1040230,170 6.1777970,49.1041410,170 6.1778640,49.1043220,170 6.1778780,49.1043410,170 6.1778950,49.1043880,170 6.1778990,49.1044200,170 6.1779200,49.1044620,170 6.1779900,49.1046160,170 6.1780210,49.1046760,170 6.1780570,49.1046950,170 6.1780890,49.1047120,170 6.1781140,49.1047660,170 6.1781740,49.1048840,170 6.1781960,49.1049330,170 6.1782230,49.1050560,170 6.1783100,49.1051920,170 6.1784140,49.1053480,170 6.1784870,49.1054230,170 6.1785180,49.1054540,170 6.1785480,49.1054960,169 6.1785940,49.1055450,169 6.1786180,49.1055780,169 6.1786500,49.1056310,169 6.1788870,49.1059190,169 6.1789410,49.1059530,169 6.1789930,49.1059670,169 6.1789310,49.1064140,169 6.1789090,49.1064410,169 6.1780970,49.1069090,170 6.1782550,49.1070150,170 6.1784050,49.1070880,170 6.1784740,49.1071130,170 6.1785570,49.1071240,170 6.1790740,49.1071570,170 6.1791200,49.1071560,170 6.1791450,49.1071530,170 6.1791320,49.1072050,170 6.1791730,49.1072070,170 6.1792250,49.1072090,170 6.1792680,49.1072110,170 6.1792830,49.1072120,170 6.1792880,49.1072430,170 6.1793190,49.1072750,170 6.1793180,49.1072870,171 6.1793120,49.1073310,171 6.1793070,49.1073610,172 6.1793030,49.1073940,172 6.1792990,49.1074160,172 6.1791980,49.1074090,172 6.1791970,49.1074210,173 6.1791920,49.1074580,173 6.1791850,49.1075080,174 6.1791790,49.1075560,174 6.1791580,49.1075590,174 6.1791480,49.1075750,174 6.1791160,49.1077560,175 6.1791290,49.1077910,175 6.1791630,49.1078230,175 6.1792570,49.1078480,174 6.1792220,49.1079530,172 6.1791090,49.1080580,170 6.1794600,49.1082810,172 6.1796610,49.1084180,172 6.1796210,49.1084460,172 6.1795900,49.1084890,172 6.1794770,49.1085900,172 6.1792300,49.1086030,172 6.1790320,49.1086290,174 6.1789650,49.1086370,174 6.1785780,49.1085970,176 6.1785370,49.1086340,176 6.1781230,49.1090000,179 6.1779350,49.1091650,179 6.1778550,49.1092350,179 6.1777310,49.1093450,179 6.1776440,49.1094230,179 6.1774510,49.1095900,180 6.1774310,49.1096070,180 6.1773630,49.1095730,180 6.1773130,49.1095400,180 6.1772910,49.1095290,180 6.1771660,49.1094690,180 6.1771030,49.1094370,180 6.1771540,49.1093930,180 6.1769770,49.1093080,179</coordinates></LineString></Placemark>
  </Folder>
  <Folder><name>Le versant de Plappeville</name><description>13.8 km. D+ 132 m. 38 % de chemins. La seule boucle de la gare qui monte vraiment : on gagne la cote par le Ban-Saint-Martin, on traverse le village vigneron de Plappeville, on passe au fort Decaen et on redescend plein est.</description>
    <Placemark><name>Depart : Gare de Metz, parvis</name><description>Point de ralliement des boucles a pied : a moins d'un quart d'heure de marche pour tout le monde. Abrite, cafe ouvert tot, toilettes.</description><styleUrl>#depart</styleUrl><Point><coordinates>6.1770130,49.1092770,0</coordinates></Point></Placemark>
    <Placemark><name>1. Ile du Saulcy</name><description>Ile universitaire, tres calme hors semestre. Cygnes sur les deux bras.</description><styleUrl>#etape</styleUrl><Point><coordinates>6.1612490,49.1201090,0</coordinates></Point></Placemark>
    <Placemark><name>2. Le Grand Patural, Ban-Saint-Martin</name><description>Prairie et promenade au bord de la Moselle, juste avant de quitter la ville.</description><styleUrl>#etape</styleUrl><Point><coordinates>6.1510520,49.1179290,0</coordinates></Point></Placemark>
    <Placemark><name>3. Plappeville</name><description>Village vigneron du versant nord, ruelles et maisons de maitre.</description><styleUrl>#etape</styleUrl><Point><coordinates>6.1250130,49.1310140,0</coordinates></Point></Placemark>
    <Placemark><name>4. Fort Decaen</name><description></description><styleUrl>#etape</styleUrl><Point><coordinates>6.1246700,49.1378700,0</coordinates></Point></Placemark>
    <Style id="t7"><LineStyle><color>ffB8862A</color><width>4</width></LineStyle></Style>
    <Placemark><name>Le versant de Plappeville</name><description>13.8 km. D+ 132 m. 38 % de chemins. La seule boucle de la gare qui monte vraiment : on gagne la cote par le Ban-Saint-Martin, on traverse le village vigneron de Plappeville, on passe au fort Decaen et on redescend plein est.</description><styleUrl>#t7</styleUrl><LineString><tessellate>1</tessellate><coordinates>6.1769770,49.1093080,180 6.1771540,49.1093930,180 6.1771030,49.1094370,180 6.1771660,49.1094690,180 6.1772910,49.1095290,180 6.1773130,49.1095400,180 6.1773630,49.1095730,180 6.1773040,49.1096300,180 6.1771340,49.1097880,178 6.1770370,49.1098720,176 6.1770060,49.1099000,176 6.1770100,49.1099770,174 6.1769620,49.1100150,174 6.1767800,49.1101280,174 6.1767370,49.1101660,174 6.1766610,49.1102330,174 6.1766380,49.1102540,174 6.1763430,49.1101110,174 6.1762210,49.1101340,174 6.1761480,49.1101510,174 6.1760570,49.1101740,173 6.1756080,49.1102890,175 6.1755100,49.1103310,175 6.1752170,49.1104100,175 6.1750820,49.1104420,175 6.1750140,49.1104600,176 6.1749460,49.1104780,176 6.1749140,49.1104870,176 6.1738700,49.1107470,177 6.1738450,49.1107360,177 6.1738390,49.1107390,177 6.1737380,49.1108010,177 6.1729270,49.1113020,178 6.1729140,49.1113580,178 6.1728350,49.1113440,178 6.1728050,49.1113370,178 6.1727580,49.1113240,178 6.1727510,49.1112700,178 6.1727480,49.1112480,178 6.1723720,49.1112740,179 6.1722350,49.1112980,179 6.1722030,49.1113100,179 6.1721800,49.1112950,179 6.1721500,49.1113190,179 6.1720930,49.1113670,179 6.1720610,49.1113690,179 6.1720270,49.1113700,179 6.1719530,49.1113730,179 6.1719720,49.1115460,179 6.1719490,49.1115600,179 6.1710940,49.1116280,179 6.1710750,49.1116110,179 6.1710470,49.1116140,179 6.1710020,49.1116170,179 6.1710180,49.1117230,179 6.1710290,49.1118580,179 6.1710320,49.1119430,179 6.1709870,49.1119440,179 6.1709760,49.1119450,179 6.1709070,49.1119560,179 6.1706070,49.1120040,180 6.1703150,49.1120650,181 6.1702180,49.1121000,181 6.1701250,49.1121370,181 6.1700120,49.1121950,181 6.1696870,49.1123020,182 6.1694410,49.1123750,182 6.1692030,49.1124120,182 6.1689670,49.1124790,184 6.1688950,49.1125120,184 6.1689380,49.1125620,184 6.1688840,49.1125860,184 6.1688520,49.1126130,184 6.1688300,49.1126470,184 6.1688090,49.1127010,184 6.1687430,49.1126840,184 6.1686700,49.1126830,183 6.1681500,49.1127260,182 6.1669680,49.1128410,180 6.1668320,49.1128660,180 6.1667990,49.1129140,180 6.1667210,49.1129010,180 6.1666430,49.1128740,179 6.1665750,49.1128600,179 6.1664830,49.1128590,178 6.1664160,49.1128680,177 6.1662200,49.1128970,177 6.1661080,49.1129160,176 6.1658190,49.1129790,176 6.1654700,49.1130740,176 6.1652150,49.1131510,175 6.1648150,49.1132900,174 6.1646140,49.1133670,174 6.1645610,49.1134630,172 6.1644770,49.1135680,170 6.1644660,49.1137030,169 6.1642510,49.1137650,170 6.1636770,49.1140010,171 6.1632540,49.1142180,170 6.1631360,49.1142690,170 6.1630530,49.1143250,170 6.1629320,49.1144240,170 6.1623960,49.1147690,168 6.1621870,49.1149800,168 6.1619170,49.1151560,168 6.1617530,49.1153210,168 6.1616400,49.1154170,168 6.1615930,49.1155050,168 6.1615250,49.1155970,168 6.1614550,49.1156280,168 6.1614050,49.1156880,168 6.1612140,49.1161650,171 6.1609480,49.1173390,172 6.1608920,49.1176310,171 6.1608600,49.1179710,170 6.1608170,49.1180300,170 6.1607770,49.1181150,170 6.1607230,49.1182470,169 6.1606150,49.1188230,168 6.1605840,49.1190320,170 6.1605930,49.1190810,170 6.1606310,49.1191400,170 6.1606800,49.1191870,170 6.1607540,49.1192360,169 6.1608110,49.1193110,168 6.1608360,49.1193830,168 6.1608890,49.1194370,168 6.1608800,49.1194620,168 6.1608030,49.1196830,167 6.1609040,49.1197000,167 6.1611120,49.1197950,168 6.1612430,49.1201090,167 6.1611120,49.1197950,168 6.1609040,49.1197000,167 6.1608030,49.1196830,167 6.1608800,49.1194620,168 6.1608890,49.1194370,168 6.1608360,49.1193830,168 6.1608110,49.1193110,168 6.1607540,49.1192360,169 6.1606800,49.1191870,170 6.1606310,49.1191400,170 6.1605930,49.1190810,170 6.1605840,49.1190320,170 6.1606150,49.1188230,168 6.1607230,49.1182470,169 6.1607770,49.1181150,170 6.1608430,49.1182340,168 6.1607530,49.1183730,168 6.1604360,49.1183120,168 6.1601360,49.1182310,168 6.1600500,49.1182070,168 6.1599080,49.1181380,168 6.1593070,49.1178830,168 6.1591480,49.1178280,168 6.1589450,49.1177680,168 6.1583190,49.1176420,167 6.1579790,49.1175980,167 6.1576990,49.1176110,167 6.1572550,49.1176590,168 6.1566650,49.1177530,167 6.1562680,49.1178020,166 6.1562090,49.1177910,166 6.1561370,49.1177690,166 6.1560450,49.1177550,166 6.1557120,49.1177760,166 6.1556250,49.1177890,166 6.1553810,49.1177960,166 6.1551300,49.1177960,167 6.1550950,49.1178060,167 6.1548610,49.1177000,167 6.1547520,49.1176760,167 6.1545830,49.1176610,167 6.1544150,49.1176580,167 6.1543170,49.1176720,167 6.1541800,49.1177120,167 6.1535600,49.1177530,167 6.1529020,49.1178190,168 6.1526330,49.1178560,168 6.1522690,49.1178930,168 6.1519000,49.1179380,167 6.1516560,49.1179630,167 6.1512970,49.1179490,167 6.1511750,49.1179340,167 6.1510580,49.1179120,168 6.1510240,49.1179060,168 6.1508730,49.1178670,168 6.1507730,49.1178580,168 6.1506800,49.1178310,167 6.1505670,49.1177820,167 6.1503840,49.1176770,167 6.1503190,49.1176640,167 6.1502590,49.1176520,167 6.1500910,49.1177250,167 6.1500440,49.1177570,167 6.1499250,49.1178880,167 6.1498900,49.1179120,167 6.1498450,49.1179350,167 6.1495810,49.1180280,167 6.1495170,49.1180780,167 6.1491490,49.1180160,167 6.1490270,49.1179940,167 6.1484560,49.1179090,167 6.1487780,49.1172930,168 6.1487030,49.1172540,168 6.1486820,49.1172340,168 6.1486250,49.1171800,169 6.1486020,49.1171590,169 6.1485420,49.1171040,170 6.1484950,49.1170450,170 6.1484550,49.1169890,170 6.1483300,49.1170370,170 6.1483140,49.1170200,170 6.1475900,49.1172900,169 6.1445040,49.1184410,170 6.1445270,49.1184640,170 6.1440720,49.1186270,170 6.1440430,49.1186560,170 6.1439190,49.1187220,170 6.1438610,49.1187730,170 6.1439520,49.1187550,170 6.1441590,49.1186940,170 6.1441320,49.1187170,170 6.1442280,49.1188060,170 6.1440900,49.1188750,170 6.1441470,49.1189320,169 6.1445410,49.1192320,168 6.1448060,49.1194080,168 6.1451050,49.1195620,168 6.1455630,49.1197920,167 6.1460820,49.1199980,167 6.1466610,49.1201930,168 6.1469770,49.1202870,167 6.1468930,49.1203170,167 6.1467750,49.1203650,167 6.1466350,49.1204160,167 6.1465990,49.1204360,167 6.1462380,49.1206380,167 6.1461950,49.1206620,167 6.1460390,49.1207490,167 6.1458470,49.1208560,167 6.1456130,49.1209870,167 6.1449850,49.1213390,167 6.1448620,49.1214120,167 6.1449080,49.1214330,167 6.1449530,49.1214590,167 6.1453260,49.1217100,167 6.1455810,49.1218940,167 6.1456170,49.1219390,167 6.1455680,49.1219520,167 6.1453480,49.1220520,167 6.1444690,49.1224760,168 6.1444120,49.1225350,168 6.1443740,49.1225060,168 6.1443550,49.1224910,168 6.1441350,49.1223450,168 6.1440790,49.1223270,168 6.1440110,49.1223270,168 6.1435500,49.1224580,169 6.1426690,49.1227070,172 6.1426130,49.1227150,173 6.1424800,49.1227430,174 6.1423330,49.1227870,174 6.1419530,49.1229120,177 6.1416940,49.1230500,179 6.1415680,49.1231370,180 6.1415570,49.1231830,181 6.1415710,49.1232290,181 6.1417480,49.1234940,183 6.1417820,49.1235650,184 6.1417680,49.1236190,184 6.1413690,49.1239220,188 6.1413520,49.1240380,189 6.1412450,49.1241020,190 6.1411450,49.1241820,191 6.1411080,49.1242040,191 6.1410290,49.1242520,192 6.1403910,49.1246250,196 6.1402650,49.1247290,196 6.1401450,49.1248510,197 6.1401420,49.1249090,197 6.1402280,49.1249600,196 6.1399600,49.1251700,198 6.1398160,49.1252560,198 6.1391710,49.1256060,200 6.1391010,49.1255940,200 6.1385980,49.1255280,201 6.1382660,49.1254900,200 6.1380210,49.1254860,201 6.1378350,49.1255080,201 6.1376590,49.1255710,201 6.1374180,49.1257650,202 6.1371510,49.1260770,202 6.1370140,49.1262260,204 6.1368420,49.1263330,204 6.1353860,49.1269840,208 6.1347350,49.1272110,208 6.1343190,49.1273890,208 6.1338200,49.1276320,208 6.1336090,49.1278000,207 6.1335260,49.1278870,206 6.1334370,49.1280220,206 6.1333740,49.1280750,207 6.1332890,49.1281200,207 6.1331950,49.1281550,208 6.1330980,49.1281870,208 6.1329730,49.1282070,209 6.1328330,49.1282120,209 6.1326640,49.1281950,210 6.1325420,49.1281850,212 6.1324320,49.1281900,212 6.1323390,49.1282140,212 6.1317290,49.1284430,214 6.1308460,49.1286990,214 6.1305150,49.1288360,214 6.1304720,49.1288560,214 6.1303720,49.1287830,214 6.1302120,49.1290150,212 6.1299080,49.1289760,212 6.1292820,49.1292900,210 6.1282300,49.1297900,212 6.1281230,49.1298620,212 6.1279110,49.1300210,214 6.1278070,49.1300890,214 6.1276810,49.1301350,214 6.1268210,49.1303250,219 6.1266430,49.1303610,220 6.1265710,49.1303720,221 6.1264960,49.1303880,221 6.1258870,49.1305130,224 6.1258230,49.1305340,225 6.1253570,49.1306810,228 6.1250340,49.1308320,230 6.1247830,49.1309450,231 6.1247980,49.1309890,231 6.1248130,49.1310620,231 6.1248320,49.1312030,232 6.1249100,49.1312060,232 6.1249230,49.1311940,232 6.1249370,49.1312140,232 6.1250240,49.1312220,232 6.1251650,49.1311600,231 6.1250020,49.1310180,230 6.1251650,49.1311600,231 6.1250240,49.1312220,232 6.1249370,49.1312140,232 6.1249230,49.1311940,232 6.1249100,49.1312060,232 6.1248320,49.1312030,232 6.1248630,49.1312910,234 6.1248970,49.1313500,234 6.1250710,49.1315610,236 6.1251610,49.1317040,237 6.1252490,49.1319220,239 6.1253070,49.1320820,240 6.1252540,49.1320930,240 6.1249410,49.1322100,242 6.1248740,49.1322230,243 6.1247600,49.1322270,244 6.1246920,49.1322420,244 6.1233610,49.1328650,254 6.1237130,49.1331940,253 6.1239840,49.1335310,252 6.1240280,49.1335750,252 6.1240450,49.1336230,252 6.1240510,49.1336630,252 6.1240390,49.1336950,252 6.1239830,49.1337740,253 6.1236270,49.1341850,257 6.1235800,49.1342510,257 6.1235840,49.1343100,257 6.1236170,49.1343770,257 6.1238160,49.1346450,255 6.1239970,49.1353460,252 6.1239820,49.1354820,252 6.1238640,49.1357380,252 6.1238370,49.1358410,252 6.1238140,49.1360180,252 6.1238240,49.1363260,252 6.1238160,49.1364350,252 6.1237740,49.1365610,252 6.1235990,49.1369770,253 6.1235760,49.1371010,253 6.1235690,49.1372290,253 6.1236010,49.1373170,252 6.1237000,49.1374410,252 6.1237250,49.1374630,251 6.1240800,49.1374880,248 6.1242720,49.1375210,247 6.1247780,49.1377750,244 6.1248920,49.1378320,244 6.1249440,49.1378490,244 6.1249970,49.1378480,244 6.1254170,49.1377250,241 6.1256040,49.1377110,240 6.1257860,49.1377360,240 6.1259710,49.1377400,239 6.1270210,49.1378810,237 6.1274530,49.1379810,236 6.1281370,49.1382490,234 6.1285370,49.1383930,232 6.1291560,49.1386620,229 6.1303550,49.1387930,224 6.1316060,49.1390000,219 6.1332010,49.1391530,215 6.1337370,49.1392780,214 6.1339490,49.1393550,212 6.1341620,49.1394000,211 6.1343860,49.1394270,211 6.1351330,49.1387080,215 6.1354120,49.1384530,215 6.1355170,49.1383930,215 6.1360540,49.1378110,210 6.1367930,49.1369090,195 6.1368000,49.1367860,194 6.1367800,49.1367520,193 6.1368710,49.1367200,192 6.1371860,49.1364110,188 6.1373200,49.1363140,187 6.1374770,49.1362520,186 6.1376200,49.1362250,186 6.1377520,49.1362170,186 6.1378160,49.1361340,186 6.1380250,49.1359560,186 6.1384790,49.1351890,198 6.1400820,49.1356130,196 6.1401070,49.1355890,197 6.1401230,49.1355700,197 6.1406290,49.1351530,203 6.1414580,49.1345760,212 6.1418020,49.1343260,214 6.1419440,49.1342060,215 6.1421010,49.1340390,214 6.1421580,49.1339580,215 6.1421840,49.1339200,215 6.1424420,49.1335410,214 6.1426030,49.1332890,212 6.1427030,49.1330970,212 6.1427450,49.1329100,212 6.1430130,49.1328130,210 6.1432950,49.1332270,210 6.1432590,49.1333660,210 6.1432840,49.1334330,210 6.1433960,49.1335520,210 6.1435170,49.1336450,209 6.1438280,49.1338020,207 6.1440080,49.1338650,205 6.1444880,49.1337820,195 6.1446140,49.1337450,193 6.1448480,49.1337130,190 6.1452130,49.1336090,185 6.1452790,49.1336790,184 6.1453680,49.1337980,185 6.1454920,49.1339190,184 6.1459540,49.1335970,179 6.1460480,49.1335490,178 6.1463820,49.1334650,175 6.1465350,49.1334170,173 6.1468840,49.1332080,168 6.1469900,49.1331520,168 6.1469830,49.1331250,168 6.1472240,49.1330520,167 6.1472670,49.1330370,167 6.1473100,49.1330220,167 6.1480330,49.1327620,167 6.1483570,49.1326610,167 6.1485290,49.1326110,167 6.1489000,49.1325580,167 6.1490050,49.1325470,167 6.1495000,49.1324990,167 6.1498380,49.1324690,167 6.1499040,49.1324600,167 6.1499500,49.1324440,167 6.1499970,49.1324270,167 6.1500690,49.1323870,167 6.1506360,49.1321030,167 6.1512970,49.1317640,167 6.1514370,49.1316840,167 6.1515530,49.1316070,167 6.1517640,49.1314140,167 6.1517730,49.1314070,167 6.1519160,49.1312740,167 6.1519920,49.1311710,167 6.1520390,49.1311080,167 6.1520940,49.1310310,167 6.1521700,49.1309240,167 6.1522570,49.1308010,167 6.1523780,49.1306880,167 6.1524730,49.1306150,167 6.1525930,49.1305390,167 6.1528970,49.1303930,167 6.1534770,49.1301160,167 6.1539360,49.1298810,166 6.1539970,49.1298610,166 6.1540550,49.1298570,166 6.1547920,49.1297960,166 6.1549180,49.1297700,167 6.1550190,49.1297500,167 6.1553910,49.1296280,166 6.1554510,49.1296030,166 6.1555500,49.1295630,166 6.1556330,49.1295090,166 6.1556860,49.1294750,166 6.1559820,49.1291970,166 6.1562460,49.1289310,166 6.1564860,49.1287060,166 6.1565190,49.1286810,166 6.1568370,49.1284360,166 6.1571090,49.1282330,166 6.1571440,49.1282090,166 6.1572070,49.1281650,166 6.1572790,49.1281120,166 6.1575980,49.1278770,166 6.1579250,49.1276370,166 6.1580200,49.1275610,166 6.1580470,49.1275400,166 6.1581590,49.1274520,166 6.1581720,49.1274420,166 6.1582460,49.1273830,166 6.1582540,49.1273770,166 6.1587170,49.1270200,166 6.1589120,49.1268700,166 6.1589640,49.1268730,166 6.1590740,49.1268810,166 6.1591020,49.1268600,166 6.1592030,49.1268900,166 6.1592810,49.1268900,168 6.1592520,49.1268380,168 6.1594580,49.1267810,172 6.1595000,49.1268590,171 6.1596200,49.1268330,171 6.1595960,49.1267680,172 6.1596330,49.1267440,172 6.1596720,49.1267100,171 6.1598260,49.1267450,170 6.1598590,49.1267440,170 6.1618690,49.1264950,172 6.1619530,49.1264760,172 6.1620720,49.1264500,172 6.1621770,49.1263950,172 6.1622400,49.1263880,172 6.1623680,49.1263680,172 6.1624740,49.1263380,171 6.1625520,49.1263090,170 6.1626120,49.1263210,171 6.1626670,49.1263230,171 6.1627900,49.1262930,170 6.1628750,49.1262500,170 6.1637010,49.1257430,169 6.1637690,49.1256880,170 6.1638500,49.1256130,171 6.1639310,49.1255050,170 6.1642510,49.1250330,168 6.1642930,49.1249740,168 6.1643060,49.1249280,168 6.1643350,49.1248900,168 6.1643630,49.1248560,167 6.1643940,49.1248380,167 6.1650100,49.1239520,167 6.1651560,49.1237560,167 6.1651640,49.1237360,167 6.1651750,49.1236990,167 6.1651960,49.1236700,168 6.1652830,49.1235690,167 6.1653070,49.1235300,166 6.1653480,49.1235030,166 6.1654160,49.1234540,164 6.1654260,49.1234450,164 6.1662220,49.1228020,166 6.1672210,49.1219650,168 6.1672560,49.1219100,168 6.1672620,49.1218430,168 6.1672410,49.1217830,169 6.1672990,49.1217780,169 6.1673420,49.1217750,169 6.1673680,49.1217730,169 6.1675070,49.1216290,170 6.1675330,49.1216010,170 6.1675720,49.1215720,170 6.1676180,49.1215390,170 6.1677250,49.1214890,170 6.1683920,49.1210780,169 6.1684240,49.1210500,168 6.1684200,49.1210130,169 6.1683900,49.1209760,169 6.1684710,49.1209480,169 6.1685870,49.1209080,169 6.1686320,49.1208920,169 6.1686520,49.1209170,168 6.1686770,49.1209020,169 6.1689150,49.1207570,169 6.1689680,49.1207900,169 6.1692310,49.1206230,169 6.1692460,49.1206140,169 6.1692690,49.1205970,169 6.1692990,49.1205730,169 6.1699640,49.1200260,169 6.1699880,49.1200060,169 6.1700170,49.1199820,169 6.1700790,49.1199310,169 6.1701490,49.1199050,169 6.1702460,49.1198490,169 6.1702950,49.1198160,169 6.1709210,49.1194160,168 6.1709920,49.1193840,170 6.1710220,49.1193900,170 6.1710740,49.1193520,171 6.1711350,49.1193190,171 6.1710840,49.1192770,171 6.1710960,49.1192690,172 6.1711240,49.1192510,172 6.1713320,49.1191170,171 6.1714560,49.1190370,172 6.1714090,49.1190010,172 6.1711100,49.1188820,172 6.1708060,49.1187000,172 6.1705930,49.1185560,172 6.1701190,49.1181690,176 6.1705540,49.1179200,177 6.1705510,49.1179050,177 6.1706680,49.1178470,179 6.1706520,49.1178330,179 6.1711600,49.1175580,182 6.1716520,49.1173340,183 6.1717860,49.1172640,183 6.1721570,49.1170610,182 6.1724080,49.1169280,181 6.1725780,49.1168340,181 6.1731420,49.1166020,179 6.1730940,49.1165770,179 6.1728320,49.1163050,179 6.1727720,49.1162270,179 6.1728450,49.1161960,179 6.1731540,49.1160400,178 6.1738750,49.1157030,177 6.1740510,49.1156050,177 6.1740090,49.1155540,177 6.1740250,49.1155380,177 6.1740920,49.1154990,177 6.1740160,49.1154230,177 6.1739880,49.1154350,177 6.1739530,49.1154230,177 6.1738790,49.1153770,177 6.1730440,49.1145640,178 6.1729340,49.1145060,178 6.1726340,49.1142050,179 6.1725080,49.1140410,179 6.1724230,49.1139040,179 6.1724540,49.1138870,179 6.1724910,49.1138690,179 6.1725200,49.1138540,179 6.1732810,49.1134630,176 6.1733170,49.1134420,176 6.1733580,49.1134200,176 6.1734400,49.1133710,176 6.1736650,49.1132550,176 6.1738630,49.1131750,176 6.1741470,49.1130430,176 6.1743900,49.1128640,175 6.1749130,49.1124800,175 6.1749870,49.1124260,175 6.1750360,49.1123910,175 6.1751970,49.1122860,175 6.1752280,49.1122640,175 6.1752560,49.1122440,175 6.1753510,49.1121760,175 6.1754290,49.1121200,174 6.1758160,49.1118440,174 6.1759870,49.1117520,174 6.1760360,49.1117550,174 6.1760760,49.1117450,174 6.1761830,49.1117440,174 6.1761840,49.1116900,174 6.1761850,49.1116290,174 6.1763990,49.1116130,174 6.1764020,49.1115770,174 6.1763740,49.1115080,174 6.1763780,49.1114630,174 6.1763820,49.1114120,174 6.1763860,49.1113670,174 6.1765350,49.1112590,174 6.1765520,49.1112470,174 6.1765850,49.1112620,174 6.1766220,49.1112360,174 6.1766730,49.1112620,174 6.1767280,49.1112160,174 6.1768730,49.1110950,174 6.1769010,49.1110900,174 6.1769320,49.1109300,174 6.1769420,49.1107760,174 6.1769420,49.1105880,174 6.1769430,49.1105460,174 6.1769460,49.1104880,174 6.1769440,49.1104060,174 6.1766380,49.1102540,174 6.1766610,49.1102330,174 6.1767370,49.1101660,174 6.1767800,49.1101280,174 6.1769620,49.1100150,174 6.1770100,49.1099770,174 6.1770060,49.1099000,176 6.1770370,49.1098720,176 6.1771340,49.1097880,178 6.1773040,49.1096300,180 6.1773630,49.1095730,180 6.1773130,49.1095400,180 6.1772910,49.1095290,180 6.1771660,49.1094690,180 6.1771030,49.1094370,180 6.1771540,49.1093930,180 6.1769770,49.1093080,179</coordinates></LineString></Placemark>
  </Folder>
  <Folder><name>Le tour du Mont Saint-Quentin</name><description>10.0 km. D+ 273 m. 53 % de chemins. Depart : Parking de l'eglise fortifiee, Scy-Chazelles (15 min de Metz). Le sommet et son fort en ruine, puis Plappeville et son fort, et le retour en balcon par Lessy.</description>
    <Placemark><name>Depart : Eglise fortifiee Saint-Quentin, Scy-Chazelles</name><description>Eglise fortifiee du XIIe siecle, tombe de Robert Schuman a l'interieur, sa maison a 200 m. C'est ici que commence la montee.</description><styleUrl>#depart</styleUrl><Point><coordinates>6.1113370,49.1110920,0</coordinates></Point></Placemark>
    <Placemark><name>1. Mont Saint-Quentin, sommet</name><description>358 m, ancien complexe fortifie en partie ruine, bois et prairies, panorama sur toute la vallee. Les batiments sont interdits d'acces.</description><styleUrl>#etape</styleUrl><Point><coordinates>6.1273020,49.1212250,0</coordinates></Point></Placemark>
    <Placemark><name>2. Plappeville</name><description>Village vigneron du versant nord, ruelles et maisons de maitre.</description><styleUrl>#etape</styleUrl><Point><coordinates>6.1250130,49.1310140,0</coordinates></Point></Placemark>
    <Placemark><name>3. Fort de Plappeville</name><description></description><styleUrl>#etape</styleUrl><Point><coordinates>6.1162800,49.1336400,0</coordinates></Point></Placemark>
    <Placemark><name>4. Lessy</name><description>Village blotti dans le cirque, au pied du versant sud du Saint-Quentin.</description><styleUrl>#etape</styleUrl><Point><coordinates>6.0955820,49.1201680,0</coordinates></Point></Placemark>
    <Style id="t8"><LineStyle><color>ff8C4A2F</color><width>4</width></LineStyle></Style>
    <Placemark><name>Le tour du Mont Saint-Quentin</name><description>10.0 km. D+ 273 m. 53 % de chemins. Depart : Parking de l'eglise fortifiee, Scy-Chazelles (15 min de Metz). Le sommet et son fort en ruine, puis Plappeville et son fort, et le retour en balcon par Lessy.</description><styleUrl>#t8</styleUrl><LineString><tessellate>1</tessellate><coordinates>6.1112620,49.1109820,222 6.1111790,49.1110070,222 6.1111040,49.1110450,221 6.1110680,49.1110610,221 6.1111720,49.1111950,222 6.1112380,49.1112820,223 6.1113060,49.1113550,223 6.1118550,49.1118660,226 6.1120030,49.1120540,227 6.1121860,49.1123840,229 6.1123830,49.1127410,233 6.1126190,49.1131840,238 6.1126620,49.1132920,238 6.1126820,49.1133980,239 6.1126890,49.1134530,239 6.1127330,49.1136460,241 6.1127860,49.1136680,242 6.1129290,49.1136920,243 6.1130350,49.1137690,244 6.1136310,49.1140580,249 6.1136970,49.1141030,250 6.1135680,49.1141570,250 6.1135840,49.1141940,250 6.1137220,49.1145180,254 6.1137840,49.1145810,254 6.1137650,49.1146430,254 6.1137650,49.1147410,254 6.1137330,49.1148960,254 6.1139460,49.1149230,254 6.1138430,49.1152200,254 6.1138490,49.1152610,254 6.1138920,49.1153390,255 6.1140470,49.1153060,255 6.1141470,49.1152370,256 6.1145090,49.1159920,262 6.1145740,49.1160560,263 6.1146190,49.1161220,264 6.1146350,49.1161960,264 6.1146380,49.1163720,266 6.1148220,49.1163250,266 6.1155640,49.1160110,265 6.1162900,49.1158160,264 6.1163590,49.1158570,265 6.1163560,49.1159680,266 6.1167020,49.1159910,267 6.1169370,49.1160490,268 6.1171660,49.1161480,268 6.1171960,49.1161890,269 6.1172770,49.1167110,278 6.1173940,49.1170220,282 6.1174770,49.1173360,290 6.1179260,49.1173860,292 6.1179910,49.1174070,293 6.1181040,49.1174440,294 6.1183090,49.1175400,297 6.1184180,49.1175420,298 6.1185050,49.1175690,299 6.1189330,49.1176950,304 6.1194530,49.1178350,308 6.1196810,49.1179090,311 6.1199060,49.1179980,312 6.1202020,49.1181530,316 6.1206510,49.1184260,322 6.1209300,49.1185720,325 6.1212320,49.1187030,327 6.1221510,49.1190810,330 6.1220120,49.1192310,334 6.1219950,49.1192950,336 6.1220520,49.1193060,336 6.1221020,49.1193390,336 6.1221610,49.1193430,335 6.1221470,49.1194180,336 6.1229360,49.1196370,336 6.1230670,49.1196540,334 6.1231050,49.1197900,338 6.1230930,49.1198590,341 6.1231190,49.1199320,343 6.1230900,49.1199640,345 6.1230760,49.1200270,347 6.1229950,49.1200450,347 6.1228680,49.1201170,347 6.1230920,49.1202050,347 6.1232360,49.1202450,346 6.1237850,49.1203540,348 6.1246080,49.1205070,346 6.1254870,49.1205580,348 6.1256530,49.1205590,348 6.1258560,49.1205370,347 6.1265090,49.1205440,349 6.1267490,49.1205750,348 6.1269060,49.1206100,349 6.1276060,49.1208670,348 6.1269060,49.1206100,349 6.1267490,49.1205750,348 6.1265090,49.1205440,349 6.1265110,49.1205750,350 6.1265300,49.1205950,349 6.1265330,49.1210470,350 6.1265680,49.1212990,352 6.1265560,49.1216060,352 6.1265800,49.1216540,351 6.1264570,49.1223310,351 6.1264320,49.1223600,351 6.1264300,49.1225050,350 6.1263770,49.1226390,342 6.1263450,49.1226880,340 6.1264270,49.1227000,338 6.1265280,49.1227830,332 6.1266190,49.1228370,328 6.1236250,49.1236940,312 6.1228580,49.1239100,309 6.1220660,49.1241680,306 6.1212550,49.1244360,302 6.1211360,49.1244820,300 6.1210860,49.1245170,300 6.1210720,49.1245530,300 6.1211030,49.1246110,298 6.1209140,49.1246600,300 6.1207630,49.1247530,300 6.1208220,49.1248880,294 6.1207900,49.1249920,291 6.1205190,49.1251300,287 6.1203180,49.1253850,279 6.1202510,49.1256480,272 6.1200780,49.1258250,268 6.1199670,49.1260460,266 6.1199540,49.1260710,266 6.1204310,49.1262990,262 6.1207430,49.1264290,260 6.1209320,49.1265610,258 6.1210910,49.1266720,256 6.1212420,49.1267360,256 6.1214610,49.1267970,255 6.1215540,49.1268320,254 6.1220270,49.1271000,251 6.1221780,49.1271870,250 6.1222970,49.1272660,248 6.1227100,49.1276410,246 6.1228740,49.1278060,245 6.1230560,49.1280200,243 6.1231840,49.1281470,242 6.1232870,49.1282220,241 6.1234380,49.1283160,239 6.1234840,49.1283550,239 6.1235860,49.1284590,238 6.1237380,49.1287460,237 6.1238270,49.1288480,236 6.1236200,49.1289770,238 6.1237960,49.1292090,236 6.1239590,49.1293650,236 6.1245360,49.1298170,234 6.1248810,49.1302420,231 6.1245090,49.1304060,234 6.1243740,49.1304500,235 6.1244410,49.1304950,234 6.1246090,49.1306870,232 6.1247830,49.1309450,231 6.1247980,49.1309890,231 6.1248130,49.1310620,231 6.1248320,49.1312030,232 6.1249100,49.1312060,232 6.1249230,49.1311940,232 6.1249370,49.1312140,232 6.1250240,49.1312220,232 6.1251650,49.1311600,231 6.1250020,49.1310180,230 6.1251650,49.1311600,231 6.1250240,49.1312220,232 6.1249370,49.1312140,232 6.1249230,49.1311940,232 6.1249100,49.1312060,232 6.1248320,49.1312030,232 6.1248130,49.1310620,231 6.1247980,49.1309890,231 6.1246870,49.1309990,232 6.1244930,49.1310050,233 6.1242730,49.1309600,234 6.1241230,49.1310030,235 6.1238250,49.1308350,238 6.1235160,49.1305500,242 6.1233250,49.1306170,243 6.1232360,49.1306360,243 6.1231140,49.1306330,244 6.1230810,49.1306370,244 6.1228500,49.1307200,245 6.1226160,49.1308070,248 6.1212700,49.1312460,261 6.1211700,49.1310980,261 6.1210130,49.1308120,262 6.1209420,49.1307070,262 6.1209320,49.1306760,262 6.1209430,49.1306420,262 6.1206280,49.1307820,266 6.1203380,49.1308770,269 6.1199520,49.1309620,276 6.1196800,49.1309960,280 6.1193820,49.1310030,285 6.1190940,49.1309600,289 6.1189330,49.1308600,291 6.1186930,49.1307240,294 6.1185260,49.1305810,296 6.1185170,49.1305150,296 6.1185370,49.1304580,295 6.1183230,49.1303460,298 6.1182660,49.1303170,300 6.1181660,49.1304290,302 6.1181090,49.1305420,304 6.1180770,49.1306220,306 6.1180680,49.1306940,306 6.1180890,49.1307380,306 6.1180920,49.1307950,306 6.1180180,49.1309260,309 6.1179980,49.1310670,310 6.1179310,49.1311960,314 6.1178390,49.1313040,317 6.1177310,49.1312820,320 6.1176320,49.1313450,323 6.1176250,49.1313790,323 6.1176080,49.1314060,324 6.1176130,49.1315990,325 6.1176020,49.1317290,326 6.1176320,49.1317700,326 6.1176530,49.1318370,326 6.1178870,49.1321910,327 6.1179260,49.1322450,327 6.1180170,49.1323420,327 6.1181890,49.1325710,326 6.1182740,49.1326970,326 6.1183370,49.1328590,328 6.1183630,49.1329840,328 6.1180620,49.1329370,332 6.1180040,49.1329240,333 6.1178390,49.1329380,334 6.1176080,49.1328920,335 6.1175980,49.1329420,335 6.1175710,49.1330140,335 6.1175040,49.1330830,335 6.1174050,49.1331260,334 6.1172420,49.1331740,333 6.1171570,49.1331880,334 6.1170690,49.1331780,336 6.1170040,49.1331330,338 6.1169680,49.1330690,338 6.1169080,49.1330170,338 6.1168100,49.1329880,339 6.1166740,49.1329910,340 6.1165550,49.1330440,340 6.1164710,49.1331200,340 6.1164320,49.1332210,340 6.1164490,49.1333710,340 6.1165710,49.1335560,340 6.1164490,49.1333710,340 6.1164320,49.1332210,340 6.1164710,49.1331200,340 6.1165550,49.1330440,340 6.1166740,49.1329910,340 6.1168100,49.1329880,339 6.1169080,49.1330170,338 6.1169680,49.1330690,338 6.1170040,49.1331330,338 6.1170690,49.1331780,336 6.1171570,49.1331880,334 6.1172420,49.1331740,333 6.1174050,49.1331260,334 6.1175040,49.1330830,335 6.1175710,49.1330140,335 6.1175980,49.1329420,335 6.1176080,49.1328920,335 6.1175970,49.1328060,334 6.1175180,49.1327410,335 6.1173100,49.1326410,334 6.1171880,49.1325400,335 6.1167600,49.1314680,333 6.1168100,49.1313970,333 6.1167890,49.1313880,333 6.1167270,49.1313990,334 6.1166600,49.1313020,334 6.1165970,49.1311540,334 6.1165620,49.1309900,334 6.1165700,49.1308250,333 6.1167540,49.1299340,326 6.1167620,49.1297210,325 6.1167780,49.1293900,323 6.1166530,49.1285240,322 6.1166000,49.1281510,322 6.1165710,49.1278770,321 6.1162970,49.1277910,322 6.1162350,49.1278050,323 6.1161920,49.1277310,323 6.1161420,49.1276900,323 6.1161300,49.1276530,323 6.1161420,49.1276140,322 6.1161100,49.1275230,322 6.1161130,49.1273820,322 6.1160370,49.1271560,320 6.1160330,49.1270410,320 6.1159990,49.1266810,316 6.1160050,49.1265720,316 6.1159620,49.1263000,314 6.1159780,49.1261970,313 6.1158600,49.1260620,312 6.1157740,49.1258170,312 6.1156370,49.1256160,308 6.1156220,49.1255770,308 6.1155320,49.1255890,308 6.1153450,49.1255460,308 6.1152810,49.1254870,308 6.1152350,49.1254410,307 6.1151280,49.1252110,306 6.1150830,49.1250260,306 6.1150930,49.1249110,308 6.1150850,49.1248390,309 6.1146910,49.1246800,307 6.1144680,49.1246610,304 6.1143580,49.1246160,306 6.1141760,49.1245860,306 6.1136690,49.1245490,303 6.1133580,49.1244790,303 6.1132690,49.1244740,303 6.1131300,49.1244230,304 6.1125130,49.1243540,302 6.1122770,49.1243440,301 6.1120840,49.1243580,301 6.1118720,49.1244090,300 6.1117410,49.1244120,300 6.1116040,49.1244320,299 6.1115020,49.1244830,298 6.1113220,49.1244850,298 6.1111440,49.1245010,298 6.1107860,49.1244910,300 6.1106510,49.1245050,300 6.1103380,49.1245400,300 6.1097340,49.1247370,296 6.1093750,49.1247670,296 6.1089780,49.1247560,294 6.1086260,49.1246910,294 6.1079670,49.1245110,294 6.1076990,49.1244660,294 6.1070650,49.1243600,293 6.1068050,49.1243070,293 6.1064240,49.1241890,294 6.1057190,49.1240740,292 6.1048630,49.1238420,290 6.1046230,49.1238130,288 6.1043860,49.1237490,288 6.1041100,49.1235680,289 6.1038210,49.1233210,289 6.1036430,49.1232200,289 6.1035730,49.1231070,290 6.1035810,49.1230050,291 6.1033990,49.1228500,289 6.1033290,49.1227500,288 6.1033170,49.1226290,286 6.1032780,49.1223740,282 6.1031360,49.1222850,278 6.1031250,49.1222620,278 6.1031390,49.1222270,277 6.1029920,49.1221040,273 6.1029260,49.1220300,270 6.1029030,49.1219640,269 6.1029160,49.1218940,268 6.1026970,49.1218280,265 6.1025190,49.1218020,262 6.1020980,49.1216720,257 6.1018890,49.1216270,255 6.1013030,49.1214360,248 6.1011980,49.1213880,247 6.1011020,49.1213620,246 6.1007760,49.1213370,243 6.1006300,49.1211820,242 6.1004360,49.1211070,240 6.1002670,49.1210720,238 6.1000430,49.1210480,236 6.0997770,49.1209990,234 6.0995040,49.1209640,231 6.0991320,49.1209330,227 6.0990240,49.1207630,226 6.0989500,49.1207090,225 6.0989000,49.1207210,224 6.0984000,49.1207890,221 6.0982440,49.1208450,221 6.0980640,49.1209290,221 6.0979390,49.1210060,221 6.0978320,49.1210750,222 6.0976830,49.1211400,222 6.0975270,49.1211850,223 6.0973360,49.1212140,224 6.0964150,49.1212930,234 6.0962310,49.1212620,237 6.0962050,49.1211650,236 6.0961490,49.1210180,236 6.0960860,49.1209390,236 6.0959300,49.1208250,237 6.0956300,49.1206710,238 6.0954140,49.1204910,239 6.0953930,49.1204050,238 6.0954350,49.1202580,238 6.0955220,49.1201470,235 6.0956340,49.1200070,235 6.0956590,49.1199870,235 6.0956740,49.1199740,234 6.0957970,49.1198750,233 6.0958600,49.1198100,232 6.0960220,49.1196430,231 6.0961720,49.1194510,229 6.0964610,49.1190310,227 6.0966050,49.1187840,226 6.0966100,49.1187540,226 6.0966710,49.1187490,226 6.0968800,49.1187950,223 6.0969140,49.1188150,222 6.0969950,49.1188320,221 6.0978290,49.1189980,213 6.0978550,49.1190790,214 6.0986310,49.1193370,217 6.0986720,49.1194140,218 6.0987330,49.1194110,218 6.0988740,49.1194240,219 6.0991400,49.1193960,220 6.0991610,49.1192080,219 6.0992590,49.1190090,218 6.0993460,49.1188820,219 6.0997000,49.1189160,222 6.0997420,49.1189620,222 6.1000550,49.1190340,225 6.1002090,49.1190900,226 6.1002890,49.1190430,226 6.1006720,49.1188450,229 6.1007180,49.1188220,230 6.1012600,49.1185710,234 6.1012170,49.1185040,232 6.1013800,49.1182090,232 6.1014030,49.1180700,230 6.1015740,49.1178470,230 6.1015530,49.1176150,228 6.1016230,49.1174870,227 6.1018700,49.1173060,228 6.1020710,49.1170750,227 6.1022350,49.1166780,223 6.1027190,49.1168570,229 6.1033880,49.1170710,236 6.1034400,49.1170000,236 6.1040800,49.1162540,237 6.1041410,49.1161930,237 6.1042120,49.1161460,237 6.1044340,49.1160260,238 6.1039670,49.1156210,234 6.1037310,49.1152330,232 6.1035250,49.1149290,230 6.1038540,49.1146820,230 6.1038920,49.1146540,231 6.1043990,49.1142730,230 6.1044290,49.1141080,228 6.1046610,49.1138300,228 6.1048020,49.1137630,229 6.1051040,49.1136990,230 6.1051410,49.1137260,230 6.1052070,49.1137350,230 6.1053480,49.1137250,230 6.1054620,49.1137360,231 6.1055740,49.1137560,232 6.1057000,49.1135040,230 6.1059580,49.1129810,228 6.1061450,49.1130140,228 6.1067510,49.1128860,228 6.1067780,49.1128790,228 6.1069740,49.1125500,225 6.1072020,49.1123940,224 6.1077060,49.1123110,224 6.1079460,49.1122760,224 6.1082920,49.1121950,223 6.1082660,49.1121410,222 6.1080700,49.1117430,220 6.1081390,49.1117400,220 6.1082920,49.1116940,221 6.1086440,49.1115280,221 6.1088630,49.1114540,221 6.1092930,49.1113120,221 6.1095530,49.1112500,220 6.1101510,49.1111790,221 6.1108290,49.1110640,221 6.1109040,49.1110440,221 6.1109630,49.1110200,221 6.1109980,49.1110030,221 6.1110680,49.1110610,221 6.1111040,49.1110450,221 6.1111790,49.1110070,222 6.1112620,49.1109820,222</coordinates></LineString></Placemark>
  </Folder>
  <Folder><name>Les cotes de Jussy</name><description>11.8 km. D+ 285 m. 51 % de chemins. Depart : Sainte-Ruffine, centre du village (15 min de Metz). Le versant ouest de la cote, vignes en bas et hetraie en haut, jusqu'au sommet du Saint-Quentin ; retour en balcon par Lessy et Rozerieulles.</description>
    <Placemark><name>Depart : Sainte-Ruffine</name><description>Petit village accroche a la cote, depart des sentiers du versant ouest.</description><styleUrl>#depart</styleUrl><Point><coordinates>6.0963210,49.1057750,0</coordinates></Point></Placemark>
    <Placemark><name>1. Eglise fortifiee Saint-Quentin, Scy-Chazelles</name><description>Eglise fortifiee du XIIe siecle, tombe de Robert Schuman a l'interieur, sa maison a 200 m. C'est ici que commence la montee.</description><styleUrl>#etape</styleUrl><Point><coordinates>6.1113370,49.1110920,0</coordinates></Point></Placemark>
    <Placemark><name>2. Mont Saint-Quentin, sommet</name><description>358 m, ancien complexe fortifie en partie ruine, bois et prairies, panorama sur toute la vallee. Les batiments sont interdits d'acces.</description><styleUrl>#etape</styleUrl><Point><coordinates>6.1273020,49.1212250,0</coordinates></Point></Placemark>
    <Placemark><name>3. Lessy</name><description>Village blotti dans le cirque, au pied du versant sud du Saint-Quentin.</description><styleUrl>#etape</styleUrl><Point><coordinates>6.0955820,49.1201680,0</coordinates></Point></Placemark>
    <Placemark><name>4. Rozerieulles</name><description>Village vigneron sur le versant, en balcon au-dessus de la Moselle.</description><styleUrl>#etape</styleUrl><Point><coordinates>6.0827150,49.1072140,0</coordinates></Point></Placemark>
    <Placemark><name>5. Jussy</name><description>Village vigneron, vue sur la vallee depuis les hauts.</description><styleUrl>#etape</styleUrl><Point><coordinates>6.0860600,49.1019750,0</coordinates></Point></Placemark>
    <Style id="t9"><LineStyle><color>ff5A6E2F</color><width>4</width></LineStyle></Style>
    <Placemark><name>Les cotes de Jussy</name><description>11.8 km. D+ 285 m. 51 % de chemins. Depart : Sainte-Ruffine, centre du village (15 min de Metz). Le versant ouest de la cote, vignes en bas et hetraie en haut, jusqu'au sommet du Saint-Quentin ; retour en balcon par Lessy et Rozerieulles.</description><styleUrl>#t9</styleUrl><LineString><tessellate>1</tessellate><coordinates>6.0963650,49.1057780,220 6.0963470,49.1058930,220 6.0968600,49.1059990,220 6.0973360,49.1061150,220 6.0974050,49.1060540,220 6.0977470,49.1062120,220 6.0979070,49.1062560,220 6.0980810,49.1062880,220 6.0982400,49.1062990,219 6.0983770,49.1062990,219 6.0987500,49.1062810,216 6.0989430,49.1062640,214 6.0991640,49.1061920,214 6.0992850,49.1061410,213 6.0994020,49.1060830,213 6.0994980,49.1061340,211 6.0997810,49.1062600,207 6.0999120,49.1063040,206 6.1000250,49.1063270,204 6.1002640,49.1063510,202 6.1004190,49.1063490,202 6.1010880,49.1062940,198 6.1028350,49.1061380,183 6.1044410,49.1059460,174 6.1050220,49.1058990,172 6.1054800,49.1058820,170 6.1057460,49.1058910,170 6.1061590,49.1059290,169 6.1062420,49.1059380,169 6.1066150,49.1059990,170 6.1066640,49.1060060,170 6.1066130,49.1061320,170 6.1065770,49.1062560,170 6.1065650,49.1063030,170 6.1065510,49.1063530,170 6.1065240,49.1064600,170 6.1065580,49.1064640,170 6.1066260,49.1064720,171 6.1069530,49.1065070,172 6.1071760,49.1065320,173 6.1072330,49.1065390,174 6.1072370,49.1065660,174 6.1072980,49.1069740,175 6.1072310,49.1069840,175 6.1072770,49.1071990,175 6.1072870,49.1072460,175 6.1073010,49.1073060,175 6.1074220,49.1074970,176 6.1075880,49.1077820,178 6.1077260,49.1080040,179 6.1080100,49.1084030,181 6.1080400,49.1083930,181 6.1086390,49.1081890,180 6.1093250,49.1079550,179 6.1094680,49.1079230,179 6.1095450,49.1079110,179 6.1095870,49.1079040,179 6.1099210,49.1085350,185 6.1099320,49.1086250,186 6.1099280,49.1086480,187 6.1099520,49.1086810,188 6.1099630,49.1087140,188 6.1100060,49.1087310,188 6.1104600,49.1086900,188 6.1105480,49.1087340,189 6.1106100,49.1089430,194 6.1108970,49.1092250,200 6.1110960,49.1094750,208 6.1112250,49.1095640,210 6.1112870,49.1096230,211 6.1113260,49.1096880,213 6.1114520,49.1101270,218 6.1117990,49.1108250,222 6.1112620,49.1109820,222 6.1111790,49.1110070,222 6.1111040,49.1110450,221 6.1110680,49.1110610,221 6.1111720,49.1111950,222 6.1112380,49.1112820,223 6.1113060,49.1113550,223 6.1118550,49.1118660,226 6.1120030,49.1120540,227 6.1121860,49.1123840,229 6.1123830,49.1127410,233 6.1126190,49.1131840,238 6.1126620,49.1132920,238 6.1126820,49.1133980,239 6.1126890,49.1134530,239 6.1127330,49.1136460,241 6.1127860,49.1136680,242 6.1129290,49.1136920,243 6.1130350,49.1137690,244 6.1136310,49.1140580,249 6.1136970,49.1141030,250 6.1135680,49.1141570,250 6.1135840,49.1141940,250 6.1137220,49.1145180,254 6.1137840,49.1145810,254 6.1137650,49.1146430,254 6.1137650,49.1147410,254 6.1137330,49.1148960,254 6.1139460,49.1149230,254 6.1138430,49.1152200,254 6.1138490,49.1152610,254 6.1138920,49.1153390,255 6.1140470,49.1153060,255 6.1141470,49.1152370,256 6.1145090,49.1159920,262 6.1145740,49.1160560,263 6.1146190,49.1161220,264 6.1146350,49.1161960,264 6.1146380,49.1163720,266 6.1148220,49.1163250,266 6.1155640,49.1160110,265 6.1162900,49.1158160,264 6.1163590,49.1158570,265 6.1163560,49.1159680,266 6.1167020,49.1159910,267 6.1169370,49.1160490,268 6.1171660,49.1161480,268 6.1171960,49.1161890,269 6.1172770,49.1167110,278 6.1173940,49.1170220,282 6.1174770,49.1173360,290 6.1179260,49.1173860,292 6.1179910,49.1174070,293 6.1181040,49.1174440,294 6.1183090,49.1175400,297 6.1184180,49.1175420,298 6.1185050,49.1175690,299 6.1189330,49.1176950,304 6.1194530,49.1178350,308 6.1196810,49.1179090,311 6.1199060,49.1179980,312 6.1202020,49.1181530,316 6.1206510,49.1184260,322 6.1209300,49.1185720,325 6.1212320,49.1187030,327 6.1221510,49.1190810,330 6.1220120,49.1192310,334 6.1219950,49.1192950,336 6.1220520,49.1193060,336 6.1221020,49.1193390,336 6.1221610,49.1193430,335 6.1221470,49.1194180,336 6.1229360,49.1196370,336 6.1230670,49.1196540,334 6.1231050,49.1197900,338 6.1230930,49.1198590,341 6.1231190,49.1199320,343 6.1230900,49.1199640,345 6.1230760,49.1200270,347 6.1229950,49.1200450,347 6.1228680,49.1201170,347 6.1230920,49.1202050,347 6.1232360,49.1202450,346 6.1237850,49.1203540,348 6.1246080,49.1205070,346 6.1254870,49.1205580,348 6.1256530,49.1205590,348 6.1258560,49.1205370,347 6.1265090,49.1205440,349 6.1267490,49.1205750,348 6.1269060,49.1206100,349 6.1276060,49.1208670,348 6.1269060,49.1206100,349 6.1267490,49.1205750,348 6.1265090,49.1205440,349 6.1258560,49.1205370,347 6.1256530,49.1205590,348 6.1256680,49.1206590,349 6.1257090,49.1207590,350 6.1257090,49.1208140,351 6.1252670,49.1208190,354 6.1249250,49.1209190,354 6.1243420,49.1209460,355 6.1240630,49.1210250,356 6.1237250,49.1210300,356 6.1235740,49.1210070,356 6.1229680,49.1209880,357 6.1224960,49.1210180,357 6.1221450,49.1210680,358 6.1216710,49.1211170,357 6.1216160,49.1212930,358 6.1216000,49.1215900,358 6.1214580,49.1218340,357 6.1213370,49.1219230,356 6.1212270,49.1219480,355 6.1207390,49.1219150,350 6.1206110,49.1218760,350 6.1201910,49.1218440,353 6.1193230,49.1217140,351 6.1193150,49.1218580,352 6.1192720,49.1218660,352 6.1187180,49.1222920,344 6.1186650,49.1224010,343 6.1186860,49.1224290,342 6.1188490,49.1224630,341 6.1188500,49.1225470,340 6.1187870,49.1225500,340 6.1186630,49.1225540,342 6.1185590,49.1225980,341 6.1185180,49.1226760,340 6.1185360,49.1227580,339 6.1182540,49.1227810,338 6.1180090,49.1227700,338 6.1178410,49.1227830,338 6.1171540,49.1227130,338 6.1169140,49.1227480,337 6.1168730,49.1227540,337 6.1167870,49.1227450,337 6.1163870,49.1227750,336 6.1161720,49.1227180,336 6.1159810,49.1226910,337 6.1158150,49.1226940,338 6.1156460,49.1226810,338 6.1149620,49.1227450,335 6.1146370,49.1227990,334 6.1145610,49.1228380,333 6.1144980,49.1228460,333 6.1142820,49.1228120,333 6.1140310,49.1228300,332 6.1139820,49.1228620,332 6.1139680,49.1228930,331 6.1139210,49.1229250,331 6.1139060,49.1229830,330 6.1138130,49.1230660,328 6.1135050,49.1229350,330 6.1134250,49.1229100,330 6.1132960,49.1229530,329 6.1126650,49.1229270,328 6.1119180,49.1228380,330 6.1108500,49.1227510,328 6.1104920,49.1227010,328 6.1099730,49.1225860,328 6.1092330,49.1224500,328 6.1089670,49.1224340,328 6.1087790,49.1223940,328 6.1085030,49.1223660,327 6.1080870,49.1223440,326 6.1079830,49.1223470,325 6.1078460,49.1223110,325 6.1077600,49.1223210,325 6.1076680,49.1222990,325 6.1075790,49.1223020,324 6.1074900,49.1222660,324 6.1074140,49.1222090,324 6.1074060,49.1221270,325 6.1071750,49.1218650,324 6.1071750,49.1218220,324 6.1069880,49.1216680,323 6.1068230,49.1215780,320 6.1066990,49.1215660,319 6.1065500,49.1215730,318 6.1061900,49.1216380,316 6.1053680,49.1219740,309 6.1048620,49.1222770,305 6.1045440,49.1224200,302 6.1043850,49.1224740,301 6.1039810,49.1225820,296 6.1039710,49.1224830,295 6.1039310,49.1223770,293 6.1038710,49.1223370,291 6.1038490,49.1222970,290 6.1038560,49.1222520,290 6.1038860,49.1222070,290 6.1038900,49.1221620,289 6.1037480,49.1221270,286 6.1035770,49.1221180,282 6.1034380,49.1220830,279 6.1033770,49.1220790,278 6.1033410,49.1220910,278 6.1031780,49.1222170,278 6.1031390,49.1222270,277 6.1029920,49.1221040,273 6.1029260,49.1220300,270 6.1029030,49.1219640,269 6.1029160,49.1218940,268 6.1026970,49.1218280,265 6.1025190,49.1218020,262 6.1020980,49.1216720,257 6.1018890,49.1216270,255 6.1013030,49.1214360,248 6.1011980,49.1213880,247 6.1011020,49.1213620,246 6.1007760,49.1213370,243 6.1006300,49.1211820,242 6.1004360,49.1211070,240 6.1002670,49.1210720,238 6.1000430,49.1210480,236 6.0997770,49.1209990,234 6.0995040,49.1209640,231 6.0991320,49.1209330,227 6.0990240,49.1207630,226 6.0989500,49.1207090,225 6.0989000,49.1207210,224 6.0984000,49.1207890,221 6.0982440,49.1208450,221 6.0980640,49.1209290,221 6.0979390,49.1210060,221 6.0978320,49.1210750,222 6.0976830,49.1211400,222 6.0975270,49.1211850,223 6.0973360,49.1212140,224 6.0964150,49.1212930,234 6.0962310,49.1212620,237 6.0962050,49.1211650,236 6.0961490,49.1210180,236 6.0960860,49.1209390,236 6.0959300,49.1208250,237 6.0956300,49.1206710,238 6.0954140,49.1204910,239 6.0953930,49.1204050,238 6.0954350,49.1202580,238 6.0955220,49.1201470,235 6.0954350,49.1202580,238 6.0951630,49.1201410,239 6.0951440,49.1201210,239 6.0950760,49.1201440,240 6.0949730,49.1201320,240 6.0945530,49.1200570,241 6.0939510,49.1199230,240 6.0938450,49.1198980,240 6.0938110,49.1198560,240 6.0937710,49.1196490,238 6.0937560,49.1195570,238 6.0937740,49.1194650,238 6.0938390,49.1193470,237 6.0935750,49.1192700,236 6.0935120,49.1192870,236 6.0932850,49.1192120,235 6.0930980,49.1191500,234 6.0927250,49.1190130,232 6.0931230,49.1186490,232 6.0932490,49.1185130,232 6.0930370,49.1184030,231 6.0926580,49.1183190,229 6.0924760,49.1183640,228 6.0921710,49.1182900,226 6.0917720,49.1183370,223 6.0913590,49.1184740,221 6.0907990,49.1182490,216 6.0906730,49.1183100,216 6.0904130,49.1181980,213 6.0902000,49.1183190,214 6.0888280,49.1189880,217 6.0886950,49.1190520,217 6.0883990,49.1191790,216 6.0882440,49.1191520,215 6.0878450,49.1189090,210 6.0875930,49.1187120,206 6.0874510,49.1186630,205 6.0873640,49.1187120,205 6.0868490,49.1183630,201 6.0871100,49.1181210,200 6.0874220,49.1178450,199 6.0874100,49.1178370,199 6.0873580,49.1178030,198 6.0874260,49.1177620,198 6.0875270,49.1176740,198 6.0876020,49.1175950,197 6.0876740,49.1174800,196 6.0876930,49.1174210,195 6.0876760,49.1173490,194 6.0876570,49.1173080,194 6.0877520,49.1172830,194 6.0877800,49.1172650,193 6.0880060,49.1171810,193 6.0880890,49.1171290,192 6.0883430,49.1169910,192 6.0885470,49.1168640,192 6.0888680,49.1166370,192 6.0888260,49.1166130,191 6.0886590,49.1167290,192 6.0885900,49.1166900,191 6.0883660,49.1164700,191 6.0881070,49.1161610,194 6.0879370,49.1162030,194 6.0878640,49.1162020,194 6.0870500,49.1159210,198 6.0870200,49.1159070,198 6.0869890,49.1158930,198 6.0865340,49.1156100,201 6.0864930,49.1155720,202 6.0864820,49.1155290,202 6.0865250,49.1152570,204 6.0866400,49.1151580,204 6.0867200,49.1150870,204 6.0873590,49.1145530,206 6.0873920,49.1145170,206 6.0874140,49.1144740,206 6.0874190,49.1144310,206 6.0874110,49.1143890,206 6.0873900,49.1143510,206 6.0873570,49.1143170,206 6.0873110,49.1142860,206 6.0872500,49.1142610,207 6.0863520,49.1140720,211 6.0864440,49.1139520,210 6.0865880,49.1138190,209 6.0868250,49.1135840,208 6.0872960,49.1130380,214 6.0874260,49.1128650,216 6.0878130,49.1123130,216 6.0878030,49.1122050,216 6.0876010,49.1120140,216 6.0872720,49.1117620,215 6.0871670,49.1117000,216 6.0870250,49.1116020,216 6.0868750,49.1113140,214 6.0868150,49.1111780,214 6.0867700,49.1109910,213 6.0867540,49.1107940,212 6.0868340,49.1104170,210 6.0868590,49.1103280,210 6.0870980,49.1096720,208 6.0871190,49.1096380,208 6.0867490,49.1094660,210 6.0861570,49.1092300,215 6.0856600,49.1090260,219 6.0853350,49.1089310,221 6.0850800,49.1088730,222 6.0844850,49.1087470,225 6.0843730,49.1087160,226 6.0842710,49.1086880,226 6.0841780,49.1086630,227 6.0838190,49.1085320,229 6.0836620,49.1084720,230 6.0830930,49.1081670,232 6.0828760,49.1080420,232 6.0831010,49.1077670,228 6.0831580,49.1076740,227 6.0833040,49.1073370,222 6.0833140,49.1073090,222 6.0832200,49.1072940,222 6.0828200,49.1071120,224 6.0824720,49.1069540,224 6.0822230,49.1068150,226 6.0820570,49.1066910,226 6.0820960,49.1066620,225 6.0824840,49.1063720,221 6.0826330,49.1062950,219 6.0827060,49.1062440,218 6.0827870,49.1061690,217 6.0831940,49.1057280,214 6.0832040,49.1057180,214 6.0832330,49.1056880,214 6.0833620,49.1055610,214 6.0834590,49.1054810,214 6.0842970,49.1054560,216 6.0851040,49.1054340,218 6.0859280,49.1054260,222 6.0860490,49.1053950,223 6.0861050,49.1053640,223 6.0864100,49.1055720,222 6.0864600,49.1055360,223 6.0865320,49.1055000,223 6.0866800,49.1054810,223 6.0872620,49.1055190,225 6.0874460,49.1055200,225 6.0875740,49.1055050,226 6.0881520,49.1053070,226 6.0881230,49.1051870,226 6.0878360,49.1048030,228 6.0878110,49.1047520,228 6.0877950,49.1046970,228 6.0877190,49.1042170,230 6.0876860,49.1039450,230 6.0876440,49.1038200,231 6.0875790,49.1037020,232 6.0875030,49.1036180,232 6.0872780,49.1034060,234 6.0872720,49.1033590,234 6.0873110,49.1033200,234 6.0878540,49.1032210,230 6.0884900,49.1032670,227 6.0885780,49.1032650,226 6.0886390,49.1032420,226 6.0884030,49.1029890,228 6.0882000,49.1027820,229 6.0880910,49.1026960,230 6.0879770,49.1026230,230 6.0878760,49.1025350,230 6.0878120,49.1024420,231 6.0877040,49.1021750,231 6.0876570,49.1021160,231 6.0875630,49.1020360,232 6.0873080,49.1018620,233 6.0872500,49.1018300,233 6.0871710,49.1017720,234 6.0867450,49.1019440,236 6.0863950,49.1021620,240 6.0863200,49.1021990,240 6.0862630,49.1022060,240 6.0862190,49.1021800,240 6.0861790,49.1021040,241 6.0861270,49.1019700,241 6.0861790,49.1021040,241 6.0862190,49.1021800,240 6.0862630,49.1022060,240 6.0863200,49.1021990,240 6.0863950,49.1021620,240 6.0867450,49.1019440,236 6.0871710,49.1017720,234 6.0872500,49.1018300,233 6.0873080,49.1018620,233 6.0875630,49.1020360,232 6.0876570,49.1021160,231 6.0877030,49.1020880,231 6.0877790,49.1021130,230 6.0882270,49.1022020,228 6.0885420,49.1023090,227 6.0886870,49.1022010,226 6.0892460,49.1024890,224 6.0892720,49.1024830,224 6.0894190,49.1024080,224 6.0898930,49.1021110,220 6.0903380,49.1023760,219 6.0904990,49.1024570,218 6.0906450,49.1025160,216 6.0907280,49.1025370,216 6.0908350,49.1025430,216 6.0911050,49.1025290,214 6.0913840,49.1024670,214 6.0914810,49.1024260,214 6.0915370,49.1024780,214 6.0915750,49.1025270,214 6.0916060,49.1026260,213 6.0915970,49.1035880,204 6.0916160,49.1036140,203 6.0917630,49.1035900,202 6.0919260,49.1035870,201 6.0920870,49.1036000,200 6.0923640,49.1036460,200 6.0924130,49.1036500,200 6.0924530,49.1036390,200 6.0925390,49.1036820,199 6.0926330,49.1036810,198 6.0926830,49.1036660,198 6.0927280,49.1036770,198 6.0931510,49.1036700,194 6.0932100,49.1036780,194 6.0933040,49.1036720,194 6.0933170,49.1037150,194 6.0934590,49.1042250,199 6.0937030,49.1042170,200 6.0941310,49.1041580,199 6.0942120,49.1041550,199 6.0942580,49.1041650,199 6.0942580,49.1042330,200 6.0945530,49.1041830,200 6.0946190,49.1042070,201 6.0950780,49.1041910,203 6.0951000,49.1043620,206 6.0956510,49.1042780,207 6.0957350,49.1042460,207 6.0958010,49.1042230,208 6.0961220,49.1041560,208 6.0961100,49.1043390,210 6.0961800,49.1044950,213 6.0962460,49.1046240,214 6.0962810,49.1046950,215 6.0963840,49.1047830,216 6.0964510,49.1048740,217 6.0965020,49.1049710,218 6.0965150,49.1050470,218 6.0964760,49.1053280,219 6.0964440,49.1054690,219 6.0964170,49.1055370,219 6.0963860,49.1056470,219 6.0963650,49.1057780,220</coordinates></LineString></Placemark>
  </Folder>
  <Folder><name>L'aqueduc et la corniche de la Fraze</name><description>15.7 km. D+ 208 m. 68 % de chemins. Depart : Ars-sur-Moselle, pres de la gare (20 min de Metz). Les arches romaines de Jouy, puis la corniche calcaire qui surplombe la Moselle et le plateau boise ou passait l'aqueduc, retour par les villages viticoles.</description>
    <Placemark><name>Depart : Ars-sur-Moselle</name><description>Depart en voiture. Se garer pres de la gare ou du centre.</description><styleUrl>#depart</styleUrl><Point><coordinates>6.0763110,49.0769680,0</coordinates></Point></Placemark>
    <Placemark><name>1. Aqueduc romain de Jouy-aux-Arches</name><description>Sept arches encore debout d'un aqueduc du IIe siecle qui amenait l'eau de Gorze a Metz. La suite de l'ouvrage se devine tout le long du vallon.</description><styleUrl>#etape</styleUrl><Point><coordinates>6.0802500,49.0652930,0</coordinates></Point></Placemark>
    <Placemark><name>2. Dornot</name><description>Hameau viticole au pied de la corniche.</description><styleUrl>#etape</styleUrl><Point><coordinates>6.0560000,49.0481000,0</coordinates></Point></Placemark>
    <Placemark><name>3. Les Roches de la Fraze</name><description>Corniche calcaire, vue plongeante sur la vallee de la Moselle.</description><styleUrl>#etape</styleUrl><Point><coordinates>6.0465750,49.0401580,0</coordinates></Point></Placemark>
    <Placemark><name>4. Croix Saint-Clement</name><description>Carrefour de chemins sur le plateau, entre Gorze et la Moselle.</description><styleUrl>#etape</styleUrl><Point><coordinates>6.0391770,49.0537800,0</coordinates></Point></Placemark>
    <Placemark><name>5. Ancy-sur-Moselle</name><description>Village au bord de l'eau, au debouche du vallon de Gorze.</description><styleUrl>#etape</styleUrl><Point><coordinates>6.0584740,49.0565610,0</coordinates></Point></Placemark>
    <Style id="t10"><LineStyle><color>ff7A4A6B</color><width>4</width></LineStyle></Style>
    <Placemark><name>L'aqueduc et la corniche de la Fraze</name><description>15.7 km. D+ 208 m. 68 % de chemins. Depart : Ars-sur-Moselle, pres de la gare (20 min de Metz). Les arches romaines de Jouy, puis la corniche calcaire qui surplombe la Moselle et le plateau boise ou passait l'aqueduc, retour par les villages viticoles.</description><styleUrl>#t10</styleUrl><LineString><tessellate>1</tessellate><coordinates>6.0761790,49.0768840,173 6.0761810,49.0768830,173 6.0764640,49.0766920,173 6.0765670,49.0766210,173 6.0766840,49.0765460,173 6.0766160,49.0765050,173 6.0763580,49.0763730,173 6.0762660,49.0763570,174 6.0760020,49.0761200,175 6.0757630,49.0759690,174 6.0759000,49.0758780,174 6.0757230,49.0757580,174 6.0758260,49.0756970,174 6.0755830,49.0755190,175 6.0756910,49.0754990,174 6.0757940,49.0754460,174 6.0758680,49.0754100,174 6.0759380,49.0753710,174 6.0758790,49.0753050,174 6.0758660,49.0752710,174 6.0758590,49.0751710,174 6.0759300,49.0751560,173 6.0760050,49.0751490,173 6.0760400,49.0751390,173 6.0761110,49.0751000,173 6.0763680,49.0749530,172 6.0770350,49.0745420,172 6.0770880,49.0745190,172 6.0771830,49.0744700,173 6.0773370,49.0743710,173 6.0772330,49.0742860,173 6.0770680,49.0741630,174 6.0769680,49.0740980,175 6.0769280,49.0740710,175 6.0770870,49.0739710,174 6.0772840,49.0738140,174 6.0774180,49.0736850,174 6.0775150,49.0735640,174 6.0777350,49.0736410,174 6.0777530,49.0736310,174 6.0778230,49.0735420,174 6.0778720,49.0733200,176 6.0779050,49.0732470,176 6.0779480,49.0731770,176 6.0780010,49.0731290,175 6.0780740,49.0730850,175 6.0782000,49.0730350,174 6.0782690,49.0729950,174 6.0783130,49.0729360,175 6.0783300,49.0728720,175 6.0783340,49.0727960,176 6.0783140,49.0727280,176 6.0782770,49.0724950,177 6.0782870,49.0722730,177 6.0785300,49.0720130,173 6.0789950,49.0715560,172 6.0791220,49.0714390,176 6.0792310,49.0713530,177 6.0793620,49.0712630,176 6.0793930,49.0712440,176 6.0796550,49.0710800,174 6.0818450,49.0698190,173 6.0818750,49.0698000,173 6.0818170,49.0697600,174 6.0816740,49.0696560,173 6.0815560,49.0695650,172 6.0814290,49.0694700,172 6.0811790,49.0692250,172 6.0806640,49.0689090,174 6.0806440,49.0688780,174 6.0806330,49.0688380,174 6.0806490,49.0687940,174 6.0806740,49.0687600,173 6.0809530,49.0686110,174 6.0810350,49.0685240,174 6.0809880,49.0684590,173 6.0805370,49.0682330,170 6.0803380,49.0681270,170 6.0797200,49.0676720,170 6.0794790,49.0674650,171 6.0790370,49.0662740,170 6.0788640,49.0658820,171 6.0790800,49.0658400,172 6.0791360,49.0658270,172 6.0795690,49.0655180,175 6.0796770,49.0654750,176 6.0800790,49.0653750,177 6.0801110,49.0653670,177 6.0802340,49.0655860,176 6.0802980,49.0655750,177 6.0803380,49.0655580,177 6.0803650,49.0655130,178 6.0803410,49.0653450,178 6.0803450,49.0653200,178 6.0803150,49.0652690,178 6.0802450,49.0652040,178 6.0802200,49.0651990,178 6.0801610,49.0652080,178 6.0802070,49.0653010,178 6.0801610,49.0652080,178 6.0802200,49.0651990,178 6.0802450,49.0652040,178 6.0803150,49.0652690,178 6.0803450,49.0653200,178 6.0803410,49.0653450,178 6.0803650,49.0655130,178 6.0803380,49.0655580,177 6.0802980,49.0655750,177 6.0802340,49.0655860,176 6.0801110,49.0653670,177 6.0800790,49.0653750,177 6.0796770,49.0654750,176 6.0795690,49.0655180,175 6.0791360,49.0658270,172 6.0790800,49.0658400,172 6.0788640,49.0658820,171 6.0790370,49.0662740,170 6.0794790,49.0674650,171 6.0797200,49.0676720,170 6.0803380,49.0681270,170 6.0805370,49.0682330,170 6.0809880,49.0684590,173 6.0810350,49.0685240,174 6.0809530,49.0686110,174 6.0806740,49.0687600,173 6.0806490,49.0687940,174 6.0806330,49.0688380,174 6.0806440,49.0688780,174 6.0806640,49.0689090,174 6.0811790,49.0692250,172 6.0814290,49.0694700,172 6.0815560,49.0695650,172 6.0816740,49.0696560,173 6.0818170,49.0697600,174 6.0818750,49.0698000,173 6.0818450,49.0698190,173 6.0796550,49.0710800,174 6.0793930,49.0712440,176 6.0793620,49.0712630,176 6.0792310,49.0713530,177 6.0791220,49.0714390,176 6.0789950,49.0715560,172 6.0785300,49.0720130,173 6.0782870,49.0722730,177 6.0782770,49.0724950,177 6.0783140,49.0727280,176 6.0783340,49.0727960,176 6.0783300,49.0728720,175 6.0783130,49.0729360,175 6.0782690,49.0729950,174 6.0782000,49.0730350,174 6.0780740,49.0730850,175 6.0780010,49.0731290,175 6.0779480,49.0731770,176 6.0779050,49.0732470,176 6.0778720,49.0733200,176 6.0778230,49.0735420,174 6.0777530,49.0736310,174 6.0777350,49.0736410,174 6.0776520,49.0736610,174 6.0775610,49.0736540,174 6.0773800,49.0735570,173 6.0765330,49.0729070,172 6.0754180,49.0721000,172 6.0746270,49.0714650,172 6.0743400,49.0711920,172 6.0739070,49.0706660,172 6.0738440,49.0705700,173 6.0737470,49.0704620,172 6.0730890,49.0697860,171 6.0725100,49.0691020,171 6.0715820,49.0679070,172 6.0713410,49.0675440,171 6.0712400,49.0674230,172 6.0711510,49.0672880,172 6.0710670,49.0671400,172 6.0704780,49.0655760,171 6.0704780,49.0653630,170 6.0699490,49.0641310,172 6.0697890,49.0638230,172 6.0695690,49.0632440,172 6.0693950,49.0628530,172 6.0692020,49.0624920,174 6.0689500,49.0621540,172 6.0686570,49.0618260,172 6.0681120,49.0613310,172 6.0673940,49.0608490,173 6.0665310,49.0604040,172 6.0659050,49.0599710,172 6.0652950,49.0595780,172 6.0649360,49.0592750,171 6.0645320,49.0589890,172 6.0642670,49.0586820,171 6.0637810,49.0582690,172 6.0635870,49.0580880,172 6.0630880,49.0574600,173 6.0629580,49.0572590,172 6.0628830,49.0571160,172 6.0628370,49.0570500,172 6.0627690,49.0569100,172 6.0626310,49.0566650,172 6.0625260,49.0564010,171 6.0624940,49.0562940,171 6.0624680,49.0560740,171 6.0624740,49.0559270,171 6.0624660,49.0558600,171 6.0624460,49.0558170,171 6.0624100,49.0557710,171 6.0622040,49.0555690,171 6.0621600,49.0554960,172 6.0621120,49.0553250,172 6.0620700,49.0551280,172 6.0620460,49.0549470,172 6.0618740,49.0544010,172 6.0618290,49.0541720,171 6.0616420,49.0536930,171 6.0612040,49.0522080,172 6.0611040,49.0521310,172 6.0605460,49.0504540,172 6.0605480,49.0504140,172 6.0604240,49.0501760,173 6.0597350,49.0480920,171 6.0597490,49.0479800,171 6.0598220,49.0478760,172 6.0599670,49.0478010,172 6.0598400,49.0477650,172 6.0596480,49.0477700,172 6.0595010,49.0477850,174 6.0592080,49.0478300,173 6.0589640,49.0478690,173 6.0588190,49.0473250,173 6.0586730,49.0472700,173 6.0585330,49.0472400,173 6.0583640,49.0472350,173 6.0579570,49.0472930,174 6.0572820,49.0474070,178 6.0565780,49.0475450,184 6.0559240,49.0476480,190 6.0560410,49.0479860,189 6.0560290,49.0481010,189 6.0560410,49.0479860,189 6.0559240,49.0476480,190 6.0555360,49.0476690,194 6.0552150,49.0476860,198 6.0549140,49.0477100,200 6.0546410,49.0476580,204 6.0542950,49.0475950,209 6.0541690,49.0475750,210 6.0537000,49.0475020,215 6.0535470,49.0475210,217 6.0533470,49.0477560,220 6.0532240,49.0478570,222 6.0530070,49.0479200,225 6.0526710,49.0479470,229 6.0523870,49.0479440,232 6.0522320,49.0479160,234 6.0521350,49.0478920,234 6.0520090,49.0478270,236 6.0518630,49.0476280,239 6.0518390,49.0475780,240 6.0518290,49.0475220,240 6.0516500,49.0475230,241 6.0515620,49.0475350,243 6.0512440,49.0476840,249 6.0510130,49.0477840,252 6.0508300,49.0478480,255 6.0504060,49.0479700,259 6.0501420,49.0480250,261 6.0499570,49.0480320,262 6.0497040,49.0479880,264 6.0495490,49.0479770,265 6.0493650,49.0479820,266 6.0477440,49.0482760,272 6.0466960,49.0484120,279 6.0466650,49.0482990,282 6.0466660,49.0482210,285 6.0466450,49.0481720,287 6.0465940,49.0481350,289 6.0464680,49.0481080,292 6.0464480,49.0480490,294 6.0464690,49.0480130,296 6.0464570,49.0479840,297 6.0464130,49.0479670,298 6.0463090,49.0479710,300 6.0462770,49.0479630,300 6.0462770,49.0479320,302 6.0462950,49.0479030,303 6.0463480,49.0478860,303 6.0463980,49.0478800,302 6.0464130,49.0478600,303 6.0463990,49.0478160,305 6.0463270,49.0477440,308 6.0462010,49.0477160,310 6.0461610,49.0476970,311 6.0461500,49.0476500,312 6.0461750,49.0475830,314 6.0461630,49.0475210,315 6.0460990,49.0474870,316 6.0459590,49.0474690,318 6.0458600,49.0474340,319 6.0456370,49.0472050,323 6.0460840,49.0471000,323 6.0468850,49.0469330,320 6.0474960,49.0467400,318 6.0479710,49.0465290,316 6.0483380,49.0463190,315 6.0486560,49.0460650,314 6.0488850,49.0457700,313 6.0490730,49.0454270,313 6.0491280,49.0452310,314 6.0491200,49.0449430,314 6.0491310,49.0445850,315 6.0490570,49.0443820,316 6.0487860,49.0441410,320 6.0485530,49.0438830,323 6.0485060,49.0436420,324 6.0484370,49.0434850,324 6.0483740,49.0433520,324 6.0482670,49.0431300,324 6.0481200,49.0429250,325 6.0479690,49.0426960,326 6.0479550,49.0426740,326 6.0475450,49.0420420,324 6.0466650,49.0408400,323 6.0464400,49.0405290,322 6.0462400,49.0402660,322 6.0464400,49.0405290,322 6.0466650,49.0408400,323 6.0475450,49.0420420,324 6.0479550,49.0426740,326 6.0463930,49.0431620,330 6.0461360,49.0432540,330 6.0449480,49.0436550,334 6.0447360,49.0437600,334 6.0444300,49.0441360,334 6.0440930,49.0445190,335 6.0437550,49.0448850,334 6.0433890,49.0453140,333 6.0432570,49.0454120,333 6.0431990,49.0454760,334 6.0431090,49.0456190,334 6.0430700,49.0456600,334 6.0430050,49.0456850,334 6.0429370,49.0456910,334 6.0428690,49.0456820,334 6.0428080,49.0456410,334 6.0427470,49.0456240,334 6.0426790,49.0456340,334 6.0426210,49.0456680,333 6.0426270,49.0457180,333 6.0426490,49.0457620,334 6.0427940,49.0458450,334 6.0428400,49.0458810,334 6.0428460,49.0459300,333 6.0428190,49.0459790,333 6.0425880,49.0462100,333 6.0423000,49.0464990,333 6.0415030,49.0475310,329 6.0405130,49.0486100,323 6.0403860,49.0488710,322 6.0403650,49.0489930,322 6.0403470,49.0490980,322 6.0403530,49.0495810,322 6.0403400,49.0498480,322 6.0403370,49.0503750,322 6.0403830,49.0507880,322 6.0404130,49.0512280,322 6.0403990,49.0513580,322 6.0403370,49.0517100,322 6.0403200,49.0519420,324 6.0403030,49.0523890,325 6.0400340,49.0527100,327 6.0398260,49.0529840,328 6.0395070,49.0532920,328 6.0392320,49.0535380,330 6.0390930,49.0537570,332 6.0388070,49.0542080,332 6.0389820,49.0541710,332 6.0391760,49.0541170,331 6.0393370,49.0540580,330 6.0396560,49.0538960,327 6.0398570,49.0537750,326 6.0399530,49.0537240,325 6.0401550,49.0536430,324 6.0404330,49.0536540,322 6.0409250,49.0537100,318 6.0414760,49.0538470,312 6.0419640,49.0540540,303 6.0420670,49.0541200,300 6.0422820,49.0542580,295 6.0425670,49.0546210,286 6.0426900,49.0549070,286 6.0428410,49.0552030,284 6.0428950,49.0552590,283 6.0429710,49.0552970,282 6.0429830,49.0552410,281 6.0429810,49.0551720,281 6.0428450,49.0547520,282 6.0428180,49.0544270,281 6.0431620,49.0542940,276 6.0434690,49.0542310,272 6.0437710,49.0542320,268 6.0440900,49.0541790,264 6.0450230,49.0540040,255 6.0452290,49.0539430,254 6.0455600,49.0538440,251 6.0460520,49.0537660,246 6.0462490,49.0537740,244 6.0464500,49.0538210,240 6.0466630,49.0538340,237 6.0476460,49.0538290,227 6.0481270,49.0538700,224 6.0483520,49.0538700,221 6.0487310,49.0538210,220 6.0489300,49.0538200,218 6.0491570,49.0538400,216 6.0492930,49.0538440,215 6.0501570,49.0538620,208 6.0504420,49.0538340,205 6.0507120,49.0538370,202 6.0514460,49.0539110,197 6.0516130,49.0538880,196 6.0519270,49.0539560,195 6.0522320,49.0540560,195 6.0525840,49.0541200,194 6.0527360,49.0541380,194 6.0528570,49.0541230,193 6.0530430,49.0540510,192 6.0531130,49.0540410,192 6.0531840,49.0540510,192 6.0538310,49.0542430,190 6.0539220,49.0542470,190 6.0540970,49.0542090,189 6.0542260,49.0542110,188 6.0544250,49.0542380,188 6.0546080,49.0542810,188 6.0554380,49.0545440,185 6.0556560,49.0543270,182 6.0561430,49.0538820,177 6.0564160,49.0536350,175 6.0572320,49.0539120,173 6.0580830,49.0541150,173 6.0581210,49.0541640,173 6.0583260,49.0544210,173 6.0584270,49.0546560,172 6.0585400,49.0548810,172 6.0587240,49.0551930,172 6.0583660,49.0554910,172 6.0582200,49.0556020,172 6.0582010,49.0556650,172 6.0583250,49.0560610,172 6.0582940,49.0563040,172 6.0584160,49.0564450,173 6.0582470,49.0565370,173 6.0582830,49.0565660,173 6.0583440,49.0566210,173 6.0582830,49.0565660,173 6.0582470,49.0565370,173 6.0575280,49.0569240,177 6.0577310,49.0572460,177 6.0578210,49.0573880,176 6.0580170,49.0577960,176 6.0580530,49.0578530,176 6.0580960,49.0579170,176 6.0580810,49.0579320,176 6.0580770,49.0579500,176 6.0580850,49.0579680,176 6.0581290,49.0579890,176 6.0581060,49.0580560,176 6.0581110,49.0580980,176 6.0580250,49.0582710,177 6.0578920,49.0585770,179 6.0578680,49.0586650,180 6.0579320,49.0589270,181 6.0580510,49.0591030,181 6.0580980,49.0591510,180 6.0582840,49.0593390,179 6.0584620,49.0595420,178 6.0585610,49.0597070,178 6.0586090,49.0598620,177 6.0586870,49.0601470,177 6.0587390,49.0604020,178 6.0587600,49.0606220,179 6.0587550,49.0607260,180 6.0587540,49.0607720,180 6.0587050,49.0609370,180 6.0587070,49.0611170,181 6.0587300,49.0612200,182 6.0587470,49.0612970,182 6.0588140,49.0614450,183 6.0588220,49.0615360,184 6.0589070,49.0617420,186 6.0590430,49.0619940,188 6.0590540,49.0620350,189 6.0594090,49.0621950,190 6.0597030,49.0623540,189 6.0600370,49.0626670,190 6.0604070,49.0628820,187 6.0608360,49.0631530,187 6.0612370,49.0633540,187 6.0616790,49.0635150,185 6.0617390,49.0635310,185 6.0618050,49.0635470,184 6.0619990,49.0636420,184 6.0623130,49.0638680,184 6.0626200,49.0640910,184 6.0627490,49.0641450,184 6.0628310,49.0641550,184 6.0629030,49.0641300,183 6.0629620,49.0640900,182 6.0630350,49.0640220,180 6.0631320,49.0640510,180 6.0633710,49.0641630,181 6.0636060,49.0643170,182 6.0643730,49.0647370,183 6.0644850,49.0648180,184 6.0646350,49.0648960,184 6.0646910,49.0649560,184 6.0646820,49.0649850,185 6.0646160,49.0650580,186 6.0646180,49.0650800,187 6.0647620,49.0651690,188 6.0651490,49.0654270,188 6.0655150,49.0656290,188 6.0660200,49.0659490,190 6.0661700,49.0660420,190 6.0663650,49.0661460,190 6.0666930,49.0663590,190 6.0668750,49.0662920,186 6.0674730,49.0667550,186 6.0676220,49.0669600,186 6.0680650,49.0673850,187 6.0682710,49.0675720,186 6.0683910,49.0676980,186 6.0684970,49.0677870,186 6.0686950,49.0679220,186 6.0690000,49.0681530,188 6.0690290,49.0681890,188 6.0691490,49.0683660,188 6.0691970,49.0684130,188 6.0693600,49.0685410,188 6.0695690,49.0687750,187 6.0696590,49.0688840,186 6.0696850,49.0689040,186 6.0696390,49.0689360,188 6.0696370,49.0689500,188 6.0698610,49.0690560,188 6.0700620,49.0692590,188 6.0702320,49.0693910,188 6.0704580,49.0695470,187 6.0707660,49.0697450,186 6.0711080,49.0699680,185 6.0712510,49.0700860,184 6.0714380,49.0704050,186 6.0715210,49.0705080,186 6.0715960,49.0705670,186 6.0717840,49.0706730,185 6.0718960,49.0707180,184 6.0720420,49.0708310,184 6.0721640,49.0710400,183 6.0722080,49.0711960,184 6.0722450,49.0713690,184 6.0722840,49.0714490,184 6.0723890,49.0716370,183 6.0726520,49.0719850,182 6.0726840,49.0722470,181 6.0727950,49.0726160,181 6.0728740,49.0728230,180 6.0720890,49.0730120,188 6.0718360,49.0730870,193 6.0718970,49.0732900,194 6.0719420,49.0733400,194 6.0720860,49.0734250,194 6.0721320,49.0734710,195 6.0722630,49.0735490,195 6.0724320,49.0736220,193 6.0725390,49.0736820,192 6.0726570,49.0737640,192 6.0727740,49.0738600,192 6.0728680,49.0739580,191 6.0728620,49.0740120,190 6.0726950,49.0746110,182 6.0726670,49.0746730,182 6.0726590,49.0746690,182 6.0726490,49.0747690,182 6.0726590,49.0748050,182 6.0727330,49.0749190,182 6.0728190,49.0749890,182 6.0731080,49.0751640,180 6.0732470,49.0752640,180 6.0733570,49.0753760,179 6.0733960,49.0754280,179 6.0735220,49.0753950,179 6.0736710,49.0753710,179 6.0736920,49.0754180,178 6.0737400,49.0754650,178 6.0750410,49.0764240,176 6.0751540,49.0763540,176 6.0752300,49.0763110,175 6.0756660,49.0765960,174 6.0761810,49.0768830,173 6.0761790,49.0768840,173</coordinates></LineString></Placemark>
  </Folder>
  <Folder><name>La vallee de la Canner</name><description>15.0 km. D+ 249 m. 87 % de chemins. Depart : Kedange-sur-Canner, pres de la mairie (35 min de Metz). Une hetraie et une riviere tranquille, le plus forestier du lot et le plus plat.</description>
    <Placemark><name>Depart : Kedange-sur-Canner</name><description>Depart en voiture, 35 min de Metz. Se garer pres de la mairie.</description><styleUrl>#depart</styleUrl><Point><coordinates>6.3412000,49.3095000,0</coordinates></Point></Placemark>
    <Placemark><name>1. Hombourg-Budange</name><description>Chateau et parc, au bord de la Canner.</description><styleUrl>#etape</styleUrl><Point><coordinates>6.3446340,49.2959530,0</coordinates></Point></Placemark>
    <Placemark><name>2. Foret de Hombourg-Budange</name><description>Grande hetraie, chemins forestiers larges et bien traces.</description><styleUrl>#etape</styleUrl><Point><coordinates>6.3716440,49.2856010,0</coordinates></Point></Placemark>
    <Style id="t11"><LineStyle><color>ff2F5F6B</color><width>4</width></LineStyle></Style>
    <Placemark><name>La vallee de la Canner</name><description>15.0 km. D+ 249 m. 87 % de chemins. Depart : Kedange-sur-Canner, pres de la mairie (35 min de Metz). Une hetraie et une riviere tranquille, le plus forestier du lot et le plus plat.</description><styleUrl>#t11</styleUrl><LineString><tessellate>1</tessellate><coordinates>6.3404590,49.3095520,186 6.3402340,49.3094570,187 6.3401820,49.3094510,186 6.3399630,49.3094590,186 6.3398290,49.3094580,185 6.3396160,49.3094090,184 6.3395270,49.3094070,183 6.3394570,49.3093250,183 6.3394150,49.3092490,183 6.3394540,49.3090220,183 6.3395170,49.3090040,183 6.3395820,49.3089730,183 6.3396460,49.3089040,184 6.3396680,49.3088060,184 6.3396750,49.3087010,184 6.3396340,49.3082490,184 6.3395660,49.3080900,184 6.3395000,49.3080280,183 6.3396070,49.3076930,183 6.3396980,49.3072910,184 6.3397020,49.3070150,184 6.3400110,49.3070190,185 6.3402450,49.3069800,187 6.3404180,49.3069830,188 6.3411400,49.3070800,197 6.3413390,49.3070930,201 6.3415350,49.3070350,202 6.3420620,49.3067490,207 6.3418520,49.3066780,205 6.3417460,49.3063330,206 6.3417050,49.3059940,209 6.3415510,49.3055800,210 6.3412990,49.3053260,210 6.3408270,49.3046950,208 6.3404530,49.3040800,208 6.3400960,49.3033910,209 6.3398190,49.3029830,213 6.3397050,49.3028710,214 6.3394530,49.3024200,220 6.3391930,49.3020070,219 6.3390810,49.3017010,220 6.3390720,49.3015640,221 6.3391600,49.3011510,225 6.3392270,49.3008930,222 6.3394550,49.3005590,217 6.3395160,49.3004980,217 6.3396100,49.3004540,217 6.3400770,49.3000750,216 6.3401550,49.2999630,215 6.3402310,49.2998280,214 6.3403280,49.2997320,214 6.3406790,49.2992660,209 6.3409410,49.2989500,206 6.3410280,49.2988850,205 6.3411220,49.2988370,205 6.3412750,49.2987900,204 6.3416890,49.2986910,203 6.3419200,49.2986460,204 6.3421280,49.2986180,204 6.3423860,49.2986000,205 6.3426190,49.2985740,204 6.3428730,49.2985090,204 6.3430610,49.2984620,204 6.3434040,49.2984020,203 6.3440330,49.2983020,202 6.3449570,49.2981810,203 6.3457000,49.2981940,202 6.3457000,49.2981250,202 6.3457200,49.2981000,202 6.3457820,49.2980770,201 6.3457620,49.2980490,201 6.3457030,49.2979350,200 6.3456380,49.2978800,199 6.3455010,49.2978170,198 6.3453760,49.2977390,198 6.3453920,49.2977250,198 6.3456720,49.2972340,199 6.3458030,49.2972670,200 6.3458380,49.2972340,200 6.3459750,49.2969790,200 6.3461290,49.2967550,200 6.3465070,49.2968930,200 6.3468320,49.2962900,200 6.3467500,49.2961280,199 6.3467230,49.2957340,198 6.3467270,49.2955210,197 6.3466380,49.2955170,197 6.3461000,49.2955300,197 6.3459080,49.2955530,197 6.3449570,49.2957850,197 6.3447520,49.2960010,198 6.3449570,49.2957850,197 6.3459080,49.2955530,197 6.3461000,49.2955300,197 6.3466380,49.2955170,197 6.3467270,49.2955210,197 6.3467230,49.2957340,198 6.3467500,49.2961280,199 6.3468320,49.2962900,200 6.3465070,49.2968930,200 6.3461290,49.2967550,200 6.3459750,49.2969790,200 6.3458380,49.2972340,200 6.3458030,49.2972670,200 6.3456720,49.2972340,199 6.3453920,49.2977250,198 6.3453760,49.2977390,198 6.3455010,49.2978170,198 6.3456380,49.2978800,199 6.3457030,49.2979350,200 6.3457620,49.2980490,201 6.3457820,49.2980770,201 6.3457200,49.2981000,202 6.3457000,49.2981250,202 6.3457000,49.2981940,202 6.3449570,49.2981810,203 6.3440330,49.2983020,202 6.3434040,49.2984020,203 6.3430610,49.2984620,204 6.3428730,49.2985090,204 6.3426190,49.2985740,204 6.3423860,49.2986000,205 6.3421280,49.2986180,204 6.3419200,49.2986460,204 6.3416890,49.2986910,203 6.3412750,49.2987900,204 6.3411220,49.2988370,205 6.3410280,49.2988850,205 6.3409410,49.2989500,206 6.3406790,49.2992660,209 6.3403280,49.2997320,214 6.3402310,49.2998280,214 6.3401550,49.2999630,215 6.3400770,49.3000750,216 6.3396100,49.3004540,217 6.3395160,49.3004980,217 6.3394550,49.3005590,217 6.3392270,49.3008930,222 6.3391600,49.3011510,225 6.3395460,49.3011170,230 6.3398650,49.3010580,233 6.3399780,49.3010600,234 6.3404710,49.3011230,242 6.3405990,49.3011260,243 6.3410240,49.3010750,247 6.3411500,49.3010470,248 6.3413160,49.3009740,249 6.3414720,49.3009480,250 6.3417690,49.3009560,252 6.3425550,49.3010720,254 6.3429200,49.3010700,256 6.3431160,49.3010960,256 6.3432960,49.3011700,257 6.3435340,49.3013130,257 6.3437030,49.3013880,257 6.3439130,49.3014220,258 6.3441870,49.3014080,259 6.3445580,49.3014150,260 6.3449040,49.3014570,260 6.3453660,49.3014660,262 6.3458540,49.3014660,262 6.3459710,49.3014730,263 6.3460660,49.3014900,263 6.3461830,49.3014980,263 6.3463480,49.3014790,264 6.3464280,49.3014860,264 6.3465420,49.3015210,264 6.3467930,49.3015550,264 6.3468830,49.3015890,264 6.3469370,49.3016380,264 6.3471580,49.3018920,264 6.3473180,49.3021960,262 6.3479650,49.3032490,252 6.3485020,49.3033210,254 6.3488330,49.3033410,255 6.3490850,49.3033780,255 6.3495640,49.3034100,256 6.3499690,49.3034520,256 6.3502320,49.3034710,257 6.3505390,49.3034760,258 6.3506780,49.3034960,259 6.3508590,49.3035400,260 6.3511460,49.3035680,260 6.3514780,49.3035550,262 6.3516120,49.3035670,262 6.3517150,49.3035560,263 6.3517940,49.3035100,264 6.3524960,49.3030320,270 6.3525810,49.3029430,271 6.3526240,49.3028030,272 6.3526460,49.3026090,272 6.3526810,49.3025230,272 6.3528280,49.3024060,273 6.3530510,49.3024780,274 6.3532650,49.3025090,274 6.3535230,49.3025060,275 6.3537350,49.3024800,275 6.3539870,49.3024800,276 6.3542100,49.3024620,276 6.3543870,49.3023960,276 6.3545470,49.3022960,275 6.3546840,49.3022660,275 6.3547940,49.3022750,276 6.3553660,49.3024100,280 6.3561250,49.3025740,286 6.3589010,49.3031250,300 6.3631410,49.3040210,310 6.3633750,49.3040310,309 6.3643780,49.3038320,311 6.3658850,49.3035640,312 6.3667030,49.3034840,313 6.3667190,49.3033740,312 6.3668700,49.3032720,312 6.3675560,49.3029590,308 6.3682510,49.3027600,305 6.3697850,49.3024870,302 6.3703080,49.3024050,303 6.3711020,49.3023190,305 6.3721400,49.3022580,305 6.3723840,49.3022100,305 6.3726440,49.3021190,304 6.3730250,49.3019250,300 6.3736490,49.3015430,300 6.3740920,49.3012570,300 6.3741100,49.3007940,296 6.3741010,49.3006810,296 6.3740420,49.3005470,296 6.3737040,49.3001630,296 6.3730200,49.2999780,293 6.3729820,49.2998840,294 6.3727120,49.2995130,294 6.3727570,49.2992850,295 6.3728250,49.2991150,296 6.3729620,49.2989480,297 6.3731350,49.2988280,298 6.3733400,49.2987580,299 6.3736580,49.2987050,299 6.3746430,49.2986200,296 6.3749120,49.2985650,296 6.3752180,49.2984640,295 6.3754350,49.2984100,294 6.3778710,49.2980140,291 6.3781540,49.2979390,292 6.3784230,49.2978070,291 6.3786070,49.2976560,290 6.3790410,49.2972310,288 6.3791720,49.2970930,289 6.3793080,49.2967680,291 6.3793270,49.2965460,293 6.3791160,49.2960840,295 6.3789040,49.2957760,298 6.3789070,49.2953030,301 6.3788660,49.2949330,302 6.3757200,49.2919040,323 6.3751090,49.2912330,328 6.3750420,49.2910890,328 6.3751580,49.2909160,327 6.3756000,49.2906750,325 6.3766880,49.2901260,321 6.3769620,49.2898520,320 6.3771440,49.2894750,321 6.3772290,49.2891200,322 6.3771880,49.2888660,322 6.3769570,49.2885870,322 6.3764660,49.2882690,323 6.3756590,49.2878210,325 6.3742220,49.2873520,326 6.3740430,49.2872690,326 6.3739080,49.2871550,326 6.3738130,49.2870260,326 6.3737780,49.2868900,326 6.3738030,49.2867490,326 6.3738940,49.2866200,324 6.3740290,49.2865050,324 6.3731880,49.2862990,321 6.3716430,49.2856000,314 6.3731880,49.2862990,321 6.3740290,49.2865050,324 6.3738940,49.2866200,324 6.3738030,49.2867490,326 6.3737780,49.2868900,326 6.3738130,49.2870260,326 6.3739080,49.2871550,326 6.3740430,49.2872690,326 6.3742220,49.2873520,326 6.3756590,49.2878210,325 6.3764660,49.2882690,323 6.3769570,49.2885870,322 6.3771880,49.2888660,322 6.3772290,49.2891200,322 6.3771440,49.2894750,321 6.3769620,49.2898520,320 6.3766880,49.2901260,321 6.3756000,49.2906750,325 6.3751580,49.2909160,327 6.3750420,49.2910890,328 6.3751090,49.2912330,328 6.3757200,49.2919040,323 6.3788660,49.2949330,302 6.3789070,49.2953030,301 6.3789040,49.2957760,298 6.3791160,49.2960840,295 6.3793270,49.2965460,293 6.3793080,49.2967680,291 6.3791720,49.2970930,289 6.3790410,49.2972310,288 6.3786070,49.2976560,290 6.3784230,49.2978070,291 6.3781540,49.2979390,292 6.3778710,49.2980140,291 6.3754350,49.2984100,294 6.3752180,49.2984640,295 6.3749120,49.2985650,296 6.3746430,49.2986200,296 6.3736580,49.2987050,299 6.3733400,49.2987580,299 6.3731350,49.2988280,298 6.3729620,49.2989480,297 6.3728250,49.2991150,296 6.3727570,49.2992850,295 6.3727120,49.2995130,294 6.3729820,49.2998840,294 6.3730200,49.2999780,293 6.3737040,49.3001630,296 6.3740420,49.3005470,296 6.3741010,49.3006810,296 6.3741100,49.3007940,296 6.3740920,49.3012570,300 6.3736490,49.3015430,300 6.3742320,49.3022260,330 6.3743130,49.3024190,334 6.3743400,49.3026880,336 6.3742110,49.3028770,336 6.3739850,49.3034470,336 6.3739880,49.3035100,336 6.3745080,49.3038390,337 6.3756830,49.3046100,338 6.3752970,49.3048060,338 6.3751760,49.3049390,338 6.3748870,49.3051050,335 6.3748200,49.3051520,334 6.3747870,49.3052160,332 6.3747350,49.3052440,332 6.3745580,49.3052470,328 6.3744840,49.3052710,327 6.3741500,49.3054180,318 6.3739840,49.3055160,314 6.3742280,49.3057240,315 6.3743400,49.3058640,316 6.3743960,49.3060200,316 6.3744030,49.3061990,316 6.3743700,49.3063350,316 6.3742940,49.3064640,315 6.3741570,49.3065760,315 6.3739710,49.3066830,315 6.3737910,49.3067500,315 6.3714910,49.3073140,312 6.3711020,49.3074410,311 6.3707590,49.3076140,309 6.3704730,49.3078740,306 6.3702920,49.3080840,304 6.3701580,49.3082990,302 6.3683050,49.3087530,293 6.3673030,49.3090200,288 6.3651770,49.3095370,279 6.3609670,49.3105760,264 6.3606190,49.3106490,264 6.3602660,49.3106870,263 6.3588430,49.3107880,259 6.3584720,49.3108020,258 6.3579340,49.3108520,258 6.3537840,49.3111510,246 6.3523070,49.3111310,240 6.3488190,49.3111010,230 6.3472780,49.3110910,224 6.3470510,49.3104160,220 6.3469960,49.3103310,219 6.3468410,49.3103350,217 6.3462710,49.3104100,214 6.3454180,49.3105700,211 6.3444280,49.3106730,207 6.3443810,49.3106330,206 6.3440020,49.3105030,200 6.3433900,49.3103980,196 6.3433050,49.3103990,196 6.3425930,49.3103320,194 6.3417720,49.3101740,192 6.3416720,49.3101450,191 6.3415470,49.3100890,190 6.3413840,49.3100410,190 6.3411000,49.3099860,189 6.3407540,49.3099380,188 6.3405190,49.3099140,189 6.3400990,49.3098980,188 6.3400250,49.3098900,188 6.3398400,49.3098320,187 6.3397470,49.3097780,185 6.3396570,49.3096700,184 6.3396450,49.3095800,184 6.3396150,49.3095090,184 6.3395270,49.3094070,183 6.3396160,49.3094090,184 6.3398290,49.3094580,185 6.3399630,49.3094590,186 6.3401820,49.3094510,186 6.3402340,49.3094570,187 6.3404590,49.3095520,186</coordinates></LineString></Placemark>
  </Folder>
  <Folder><name>Les pelouses de Montenach</name><description>15.5 km. D+ 330 m. 54 % de chemins. Depart : Sous le chateau de Sierck-les-Bains (45 min de Metz). La reserve naturelle des pelouses calcaires, ses orchidees et ses vues sur la boucle de la Moselle, puis le plateau agricole ; depart du chateau de Sierck.</description>
    <Placemark><name>Depart : Chateau des ducs de Lorraine, Sierck-les-Bains</name><description>Depart en voiture, 45 min de Metz. Parking sous le chateau.</description><styleUrl>#depart</styleUrl><Point><coordinates>6.3597380,49.4400980,0</coordinates></Point></Placemark>
    <Placemark><name>1. Rustroff</name><description>Village au-dessus de Sierck, entre vignes et pelouses seches.</description><styleUrl>#etape</styleUrl><Point><coordinates>6.3720460,49.4421580,0</coordinates></Point></Placemark>
    <Placemark><name>2. Montenach</name><description>Village au pied de la reserve naturelle des pelouses calcaires, orchidees au printemps, vues sur la boucle de la Moselle.</description><styleUrl>#etape</styleUrl><Point><coordinates>6.3811970,49.4203550,0</coordinates></Point></Placemark>
    <Placemark><name>3. Kerling-les-Sierck</name><description>Village le plus au sud du secteur, sur le plateau agricole.</description><styleUrl>#etape</styleUrl><Point><coordinates>6.3532430,49.3977660,0</coordinates></Point></Placemark>
    <Placemark><name>4. Ferme du Koenigsberg</name><description>Ferme isolee sur le plateau, au-dessus de la reserve de Montenach.</description><styleUrl>#etape</styleUrl><Point><coordinates>6.3595130,49.4205570,0</coordinates></Point></Placemark>
    <Style id="t12"><LineStyle><color>ffA0522D</color><width>4</width></LineStyle></Style>
    <Placemark><name>Les pelouses de Montenach</name><description>15.5 km. D+ 330 m. 54 % de chemins. Depart : Sous le chateau de Sierck-les-Bains (45 min de Metz). La reserve naturelle des pelouses calcaires, ses orchidees et ses vues sur la boucle de la Moselle, puis le plateau agricole ; depart du chateau de Sierck.</description><styleUrl>#t12</styleUrl><LineString><tessellate>1</tessellate><coordinates>6.3596930,49.4402550,154 6.3597340,49.4403610,154 6.3598320,49.4406780,154 6.3598870,49.4408570,155 6.3596840,49.4408800,163 6.3598250,49.4413770,161 6.3598810,49.4415480,159 6.3599100,49.4416020,158 6.3602170,49.4419080,154 6.3602910,49.4422200,150 6.3602500,49.4423490,149 6.3602450,49.4423680,149 6.3601480,49.4425250,148 6.3599300,49.4427090,148 6.3599520,49.4427240,148 6.3599050,49.4427540,148 6.3597210,49.4428740,148 6.3602430,49.4431950,148 6.3604800,49.4433680,148 6.3608820,49.4436750,148 6.3611080,49.4438970,148 6.3613630,49.4441200,147 6.3615450,49.4442620,147 6.3616430,49.4443190,147 6.3617380,49.4443620,147 6.3618000,49.4443370,147 6.3619000,49.4442780,147 6.3619180,49.4442550,147 6.3619540,49.4441860,147 6.3619860,49.4441580,147 6.3620870,49.4441100,147 6.3624790,49.4444570,147 6.3625450,49.4445080,147 6.3628990,49.4447860,147 6.3636940,49.4443810,150 6.3637160,49.4443750,150 6.3640170,49.4446140,151 6.3644580,49.4449350,150 6.3649100,49.4452920,151 6.3654280,49.4450020,155 6.3654930,49.4450390,154 6.3655320,49.4450160,155 6.3655470,49.4450070,155 6.3662310,49.4446450,162 6.3673350,49.4440090,176 6.3678760,49.4437560,183 6.3691180,49.4432920,199 6.3698050,49.4430490,208 6.3704930,49.4428240,216 6.3705710,49.4427940,217 6.3708070,49.4426600,219 6.3710630,49.4425150,222 6.3712000,49.4424570,223 6.3712440,49.4424510,223 6.3713650,49.4424750,224 6.3713830,49.4424530,224 6.3714700,49.4423910,225 6.3714900,49.4423610,225 6.3714960,49.4423210,225 6.3714790,49.4422660,225 6.3713600,49.4420900,226 6.3715310,49.4420510,228 6.3718020,49.4419700,230 6.3719560,49.4418970,232 6.3721250,49.4418540,234 6.3722130,49.4420170,232 6.3721250,49.4418540,234 6.3719600,49.4415740,236 6.3718650,49.4415380,236 6.3715480,49.4412030,236 6.3714480,49.4411040,236 6.3713350,49.4409910,236 6.3711970,49.4409360,235 6.3709360,49.4408770,234 6.3709790,49.4407950,235 6.3710620,49.4407080,236 6.3714870,49.4404370,242 6.3716880,49.4402900,244 6.3718080,49.4401730,247 6.3719120,49.4400920,249 6.3720020,49.4400590,251 6.3721250,49.4400540,252 6.3722780,49.4400700,254 6.3725020,49.4401360,256 6.3723150,49.4398000,260 6.3721350,49.4394000,267 6.3720970,49.4391770,270 6.3721240,49.4382020,277 6.3721840,49.4377510,276 6.3721740,49.4372580,278 6.3721220,49.4362280,278 6.3720360,49.4355720,278 6.3720620,49.4350480,280 6.3719720,49.4345000,279 6.3719820,49.4343510,281 6.3718790,49.4343030,279 6.3716450,49.4341800,276 6.3714410,49.4340730,276 6.3707190,49.4335810,270 6.3701660,49.4330210,264 6.3697560,49.4324890,262 6.3692570,49.4321280,258 6.3691740,49.4320390,257 6.3690900,49.4320060,256 6.3690100,49.4320150,254 6.3688090,49.4321180,250 6.3685890,49.4321790,247 6.3680940,49.4322430,239 6.3674900,49.4323850,233 6.3674810,49.4322270,234 6.3674920,49.4320550,235 6.3675740,49.4316220,237 6.3676290,49.4315060,238 6.3678070,49.4312120,238 6.3679140,49.4310840,239 6.3679990,49.4310020,240 6.3682590,49.4307340,242 6.3685100,49.4304420,244 6.3686730,49.4302040,246 6.3687430,49.4300610,246 6.3688580,49.4297890,248 6.3689870,49.4294240,249 6.3690800,49.4292330,249 6.3691270,49.4290440,249 6.3691440,49.4290080,249 6.3691710,49.4289730,249 6.3693640,49.4288360,250 6.3696050,49.4285490,248 6.3698970,49.4282860,246 6.3702830,49.4279960,244 6.3703320,49.4279470,244 6.3705510,49.4276980,243 6.3707600,49.4273430,244 6.3708700,49.4269080,244 6.3708960,49.4268310,244 6.3709440,49.4267090,246 6.3710160,49.4266140,246 6.3711620,49.4264880,247 6.3713970,49.4263010,248 6.3717890,49.4260590,247 6.3718960,49.4259850,246 6.3725210,49.4253030,240 6.3726740,49.4251560,240 6.3729130,49.4249610,240 6.3732850,49.4245240,240 6.3734490,49.4243800,240 6.3735460,49.4242820,240 6.3736550,49.4241930,239 6.3738040,49.4240940,238 6.3739890,49.4240040,238 6.3740730,49.4239640,238 6.3746020,49.4236530,238 6.3748260,49.4235100,237 6.3752150,49.4232910,236 6.3755470,49.4231400,236 6.3763970,49.4228560,235 6.3765950,49.4228000,234 6.3768740,49.4227740,234 6.3775700,49.4227240,234 6.3779150,49.4227170,234 6.3785680,49.4226820,231 6.3803510,49.4225480,225 6.3807000,49.4225570,223 6.3809680,49.4225260,222 6.3809780,49.4225880,222 6.3813750,49.4225630,220 6.3816000,49.4225400,217 6.3819540,49.4224540,213 6.3822650,49.4222720,209 6.3823660,49.4221850,208 6.3823960,49.4221600,208 6.3824350,49.4221280,208 6.3825140,49.4220630,207 6.3824430,49.4220100,207 6.3823120,49.4218040,206 6.3819200,49.4216160,206 6.3818420,49.4215790,206 6.3817240,49.4214800,205 6.3815670,49.4213160,204 6.3814020,49.4211450,203 6.3811980,49.4209150,202 6.3808590,49.4205340,201 6.3809610,49.4204920,201 6.3812180,49.4204540,201 6.3809610,49.4204920,201 6.3808590,49.4205340,201 6.3808200,49.4204970,201 6.3808030,49.4204800,200 6.3807740,49.4204900,200 6.3807400,49.4204900,200 6.3807110,49.4204800,200 6.3806920,49.4204630,200 6.3806580,49.4204710,200 6.3805010,49.4205120,200 6.3801850,49.4205810,200 6.3792570,49.4207680,200 6.3783760,49.4209730,199 6.3781320,49.4210170,199 6.3779350,49.4210440,198 6.3777180,49.4210640,198 6.3774900,49.4210770,198 6.3772000,49.4210830,198 6.3758600,49.4211010,196 6.3752570,49.4210790,195 6.3747720,49.4210260,194 6.3740440,49.4209080,194 6.3738450,49.4208850,194 6.3736600,49.4208850,194 6.3732150,49.4209200,195 6.3732050,49.4208470,194 6.3731580,49.4207800,194 6.3730800,49.4207260,194 6.3729800,49.4206920,194 6.3730400,49.4206100,194 6.3731900,49.4204160,193 6.3733350,49.4202460,194 6.3734150,49.4201850,194 6.3731800,49.4200740,193 6.3729920,49.4200180,192 6.3728150,49.4199860,191 6.3725530,49.4199610,191 6.3723000,49.4198960,190 6.3718770,49.4197000,192 6.3718100,49.4196410,192 6.3715690,49.4193380,195 6.3712330,49.4188290,201 6.3709400,49.4184230,205 6.3706450,49.4181290,209 6.3704150,49.4180040,212 6.3700750,49.4178950,215 6.3698290,49.4178030,218 6.3696300,49.4176960,220 6.3692190,49.4174370,224 6.3689110,49.4173180,228 6.3684790,49.4171260,234 6.3682200,49.4169860,238 6.3679210,49.4167910,241 6.3675700,49.4165170,243 6.3672740,49.4163500,246 6.3671700,49.4163250,247 6.3670700,49.4163280,249 6.3669700,49.4163690,251 6.3668190,49.4165290,255 6.3667050,49.4164990,257 6.3665880,49.4164460,260 6.3664980,49.4163630,262 6.3662620,49.4160420,266 6.3660410,49.4158560,270 6.3656930,49.4155470,275 6.3652960,49.4153020,281 6.3650910,49.4151300,282 6.3649690,49.4149760,282 6.3648850,49.4147970,282 6.3648350,49.4145480,281 6.3647170,49.4143180,282 6.3645450,49.4141300,282 6.3644700,49.4139620,283 6.3643270,49.4138640,284 6.3641670,49.4137860,286 6.3641380,49.4137340,286 6.3641520,49.4136890,286 6.3642030,49.4136420,286 6.3644650,49.4134810,286 6.3645690,49.4133930,286 6.3647600,49.4131640,286 6.3652150,49.4124650,283 6.3653040,49.4123540,282 6.3654710,49.4121750,281 6.3657230,49.4118480,279 6.3657530,49.4117910,279 6.3657390,49.4117320,279 6.3656500,49.4116880,281 6.3652540,49.4116560,285 6.3644340,49.4116420,289 6.3642250,49.4116540,289 6.3640530,49.4116430,289 6.3629570,49.4116380,293 6.3617030,49.4116400,295 6.3617900,49.4113870,294 6.3619830,49.4109400,292 6.3622190,49.4104380,292 6.3624980,49.4098100,290 6.3626370,49.4095300,289 6.3628810,49.4091200,288 6.3631370,49.4085360,287 6.3632190,49.4083890,286 6.3633590,49.4081690,286 6.3633910,49.4080460,286 6.3633950,49.4078870,286 6.3633460,49.4077430,287 6.3632490,49.4075970,288 6.3631020,49.4074590,288 6.3628570,49.4072950,289 6.3625000,49.4070690,289 6.3622500,49.4068590,288 6.3620820,49.4067040,288 6.3618100,49.4064190,288 6.3616060,49.4061780,287 6.3614870,49.4059850,287 6.3614190,49.4058590,287 6.3613620,49.4055270,286 6.3613740,49.4054030,285 6.3615160,49.4051030,285 6.3612720,49.4051870,284 6.3611720,49.4051990,283 6.3610500,49.4051800,282 6.3608470,49.4051200,281 6.3606320,49.4050220,279 6.3603500,49.4048510,278 6.3601680,49.4047060,276 6.3599700,49.4044800,275 6.3598450,49.4042920,274 6.3594570,49.4036030,271 6.3593630,49.4034880,270 6.3591930,49.4033730,270 6.3573800,49.4026150,267 6.3564600,49.4022420,269 6.3558200,49.4019320,271 6.3555810,49.4017880,272 6.3554190,49.4016380,274 6.3548460,49.4009660,282 6.3544560,49.4005510,282 6.3543060,49.4003550,281 6.3540470,49.3999780,280 6.3538360,49.3997370,278 6.3535870,49.3995010,276 6.3532780,49.3992510,274 6.3530840,49.3991180,274 6.3529620,49.3990100,273 6.3529720,49.3990000,273 6.3529940,49.3989790,273 6.3531960,49.3987720,272 6.3534860,49.3983530,271 6.3538190,49.3979950,268 6.3534860,49.3983530,271 6.3531960,49.3987720,272 6.3529940,49.3989790,273 6.3529720,49.3990000,273 6.3529620,49.3990100,273 6.3529320,49.3990830,274 6.3528190,49.3997470,277 6.3527770,49.4000660,279 6.3527610,49.4003550,280 6.3527180,49.4006780,282 6.3526590,49.4010020,283 6.3525810,49.4012960,284 6.3524820,49.4017300,284 6.3524800,49.4018890,283 6.3525990,49.4022040,281 6.3528430,49.4027200,276 6.3528600,49.4028260,275 6.3528510,49.4029200,274 6.3527990,49.4030810,272 6.3527880,49.4032830,270 6.3528320,49.4037760,267 6.3528350,49.4040810,266 6.3528520,49.4042300,265 6.3529180,49.4044980,265 6.3530230,49.4050690,266 6.3530920,49.4053480,268 6.3531330,49.4056590,270 6.3531170,49.4058550,272 6.3530680,49.4059330,272 6.3519110,49.4066310,273 6.3509720,49.4072580,272 6.3507210,49.4074880,272 6.3505240,49.4077160,272 6.3501270,49.4083030,272 6.3500450,49.4084850,272 6.3499410,49.4088500,272 6.3499490,49.4090360,272 6.3500370,49.4091520,273 6.3501020,49.4092170,274 6.3501100,49.4092970,273 6.3496780,49.4099170,269 6.3495290,49.4101020,269 6.3490340,49.4105190,269 6.3486690,49.4109880,270 6.3485690,49.4112050,271 6.3488360,49.4112580,273 6.3486440,49.4117220,272 6.3486030,49.4121600,272 6.3484440,49.4121980,270 6.3483140,49.4122820,268 6.3482420,49.4124440,268 6.3481800,49.4127990,267 6.3482280,49.4131860,267 6.3483020,49.4135900,266 6.3483650,49.4137610,265 6.3483540,49.4138250,265 6.3482600,49.4139610,262 6.3482470,49.4141600,262 6.3481530,49.4142980,260 6.3481020,49.4144410,260 6.3480940,49.4146470,259 6.3480020,49.4150900,256 6.3482260,49.4150620,258 6.3485690,49.4150860,260 6.3498300,49.4153910,264 6.3506990,49.4155730,266 6.3512000,49.4157580,266 6.3517830,49.4159430,267 6.3520160,49.4160340,268 6.3520000,49.4161270,267 6.3519970,49.4162720,267 6.3520250,49.4163790,267 6.3520330,49.4164860,268 6.3520880,49.4166280,268 6.3521070,49.4167440,269 6.3520440,49.4168630,270 6.3518870,49.4170070,272 6.3516010,49.4171910,275 6.3510590,49.4174410,281 6.3509090,49.4175910,283 6.3508000,49.4177630,285 6.3507230,49.4179750,286 6.3506920,49.4183280,286 6.3506480,49.4185330,286 6.3506490,49.4186970,286 6.3506140,49.4188130,286 6.3504970,49.4189440,286 6.3504860,49.4190230,285 6.3509320,49.4188000,288 6.3513880,49.4186220,289 6.3518560,49.4184880,291 6.3527320,49.4182590,291 6.3536190,49.4180630,288 6.3539390,49.4180250,287 6.3542790,49.4180140,286 6.3546190,49.4180400,285 6.3547670,49.4180400,285 6.3550050,49.4181950,287 6.3552380,49.4183650,288 6.3556940,49.4186440,291 6.3572400,49.4194640,295 6.3589220,49.4203440,298 6.3592160,49.4204530,299 6.3594950,49.4205730,299 6.3595670,49.4206040,299 6.3596930,49.4206720,300 6.3597910,49.4207480,300 6.3598680,49.4208140,301 6.3599520,49.4208700,301 6.3601990,49.4209930,303 6.3605480,49.4211780,304 6.3606330,49.4212030,304 6.3606970,49.4212130,304 6.3609710,49.4219750,310 6.3616730,49.4222830,308 6.3620950,49.4222540,306 6.3621990,49.4222490,306 6.3623060,49.4223340,302 6.3623880,49.4223620,301 6.3624750,49.4223650,300 6.3627680,49.4223070,297 6.3630720,49.4221460,294 6.3632000,49.4221000,292 6.3632140,49.4221320,290 6.3632080,49.4221760,288 6.3631640,49.4222380,288 6.3631450,49.4222930,286 6.3630090,49.4224730,283 6.3628500,49.4226070,282 6.3627800,49.4226400,282 6.3626180,49.4226410,286 6.3624410,49.4226540,290 6.3622700,49.4227670,288 6.3621960,49.4228940,284 6.3621900,49.4229510,281 6.3621880,49.4229690,280 6.3621840,49.4230220,278 6.3621820,49.4230410,276 6.3621700,49.4231630,271 6.3621120,49.4233020,266 6.3618910,49.4235320,264 6.3619110,49.4236220,260 6.3617290,49.4237690,260 6.3616310,49.4239290,258 6.3615090,49.4240500,258 6.3610990,49.4243860,258 6.3608750,49.4246210,258 6.3606430,49.4249150,257 6.3604660,49.4250650,258 6.3603530,49.4251310,259 6.3599990,49.4254520,261 6.3598330,49.4256680,262 6.3597740,49.4257840,262 6.3597420,49.4258940,262 6.3596660,49.4259920,262 6.3594960,49.4261650,263 6.3594880,49.4263260,262 6.3594960,49.4264550,260 6.3594400,49.4266090,260 6.3593890,49.4266990,260 6.3593750,49.4268150,259 6.3594440,49.4269140,257 6.3594810,49.4270140,256 6.3594600,49.4271950,255 6.3595280,49.4273250,253 6.3595300,49.4274580,252 6.3594960,49.4275560,252 6.3594960,49.4276300,252 6.3595470,49.4276570,250 6.3594990,49.4278230,250 6.3593780,49.4281070,252 6.3592980,49.4285430,253 6.3592150,49.4287630,254 6.3591840,49.4289050,254 6.3591840,49.4290880,254 6.3591500,49.4293200,254 6.3590800,49.4296270,254 6.3588870,49.4303190,250 6.3588380,49.4304000,250 6.3590900,49.4305380,246 6.3593630,49.4306990,242 6.3594770,49.4308030,240 6.3595360,49.4309340,238 6.3595500,49.4310520,236 6.3595430,49.4312420,234 6.3595440,49.4315440,230 6.3595270,49.4317140,228 6.3594980,49.4319170,226 6.3595960,49.4319240,225 6.3596820,49.4319540,224 6.3597430,49.4320050,223 6.3597700,49.4320660,222 6.3597580,49.4321300,222 6.3596210,49.4323320,222 6.3595660,49.4324650,221 6.3595390,49.4326620,220 6.3595690,49.4331860,215 6.3596030,49.4333130,214 6.3597060,49.4334870,212 6.3601160,49.4342300,205 6.3602000,49.4344030,203 6.3603670,49.4348180,198 6.3604750,49.4351990,194 6.3604950,49.4353010,192 6.3605030,49.4354080,192 6.3604860,49.4355170,191 6.3604520,49.4356470,190 6.3601690,49.4367560,181 6.3601570,49.4368970,179 6.3601640,49.4369970,178 6.3601870,49.4370860,177 6.3603560,49.4375070,174 6.3604090,49.4376330,172 6.3604250,49.4376830,172 6.3604360,49.4377270,172 6.3605220,49.4382750,168 6.3605150,49.4383300,167 6.3604990,49.4383840,167 6.3601240,49.4389370,170 6.3601060,49.4389630,170 6.3597170,49.4393560,167 6.3595830,49.4395400,165 6.3594300,49.4398210,166 6.3594140,49.4399400,166 6.3594150,49.4401370,165 6.3596840,49.4408800,163 6.3598870,49.4408570,155 6.3598320,49.4406780,154 6.3597340,49.4403610,154 6.3596930,49.4402550,154</coordinates></LineString></Placemark>
  </Folder>
  <Folder><name>Le tour du vallon de Gorze</name><description>12.8 km. D+ 188 m. 64 % de chemins. Depart : Gorze, pres du palais abbatial (25 min de Metz). L'abbaye, la source qui alimentait l'aqueduc romain, puis le tour complet du vallon par les plateaux : montee au nord, plateau ouest, retour par le sud et la foret du Graoully, et un dernier belvedere avant de redescendre au village.</description>
    <Placemark><name>Depart : Gorze</name><description>Village au fond de la vallee, ancienne abbaye benedictine et palais abbatial. Boulangerie et cafe sur la place.</description><styleUrl>#depart</styleUrl><Point><coordinates>5.9988240,49.0516250,0</coordinates></Point></Placemark>
    <Placemark><name>1. Abbaye de Gorze</name><description>Le palais abbatial et son jardin en terrasses.</description><styleUrl>#etape</styleUrl><Point><coordinates>5.9970580,49.0554390,0</coordinates></Point></Placemark>
    <Placemark><name>2. Source des Bouillons, Gorze</name><description>Resurgence qui alimentait l'aqueduc romain jusqu'a Metz.</description><styleUrl>#etape</styleUrl><Point><coordinates>5.9951890,49.0566900,0</coordinates></Point></Placemark>
    <Placemark><name>3. Saint-Thiebaut</name><description>Hameau accroche au versant nord du vallon, au-dessus de l'abbaye.</description><styleUrl>#etape</styleUrl><Point><coordinates>5.9903210,49.0582640,0</coordinates></Point></Placemark>
    <Placemark><name>4. Croix Sergent</name><description>Croix de chemin sur le plateau, a l'ouest du vallon.</description><styleUrl>#etape</styleUrl><Point><coordinates>5.9713960,49.0546330,0</coordinates></Point></Placemark>
    <Placemark><name>5. Labauville</name><description>Ferme isolee au bout du plateau, point le plus a l'ouest de la boucle.</description><styleUrl>#etape</styleUrl><Point><coordinates>5.9638200,49.0491050,0</coordinates></Point></Placemark>
    <Placemark><name>6. Foret domaniale du Graoully</name><description></description><styleUrl>#etape</styleUrl><Point><coordinates>6.0064400,49.0403300,0</coordinates></Point></Placemark>
    <Placemark><name>7. Belvedere du vallon</name><description>Point de vue sur Gorze et le fond du vallon, juste avant de redescendre au village.</description><styleUrl>#etape</styleUrl><Point><coordinates>6.0052460,49.0466350,0</coordinates></Point></Placemark>
    <Style id="t13"><LineStyle><color>ff6B4A7A</color><width>4</width></LineStyle></Style>
    <Placemark><name>Le tour du vallon de Gorze</name><description>12.8 km. D+ 188 m. 64 % de chemins. Depart : Gorze, pres du palais abbatial (25 min de Metz). L'abbaye, la source qui alimentait l'aqueduc romain, puis le tour complet du vallon par les plateaux : montee au nord, plateau ouest, retour par le sud et la foret du Graoully, et un dernier belvedere avant de redescendre au village.</description><styleUrl>#t13</styleUrl><LineString><tessellate>1</tessellate><coordinates>5.9986660,49.0514350,221 5.9984330,49.0515080,222 5.9982140,49.0515190,223 5.9980030,49.0515090,224 5.9980230,49.0515450,224 5.9985570,49.0518300,216 5.9982700,49.0520270,216 5.9987160,49.0523020,211 5.9986200,49.0523580,211 5.9984610,49.0524500,211 5.9981780,49.0526400,211 5.9980340,49.0527350,212 5.9979410,49.0528100,212 5.9978460,49.0528930,212 5.9974020,49.0533410,214 5.9972920,49.0534980,213 5.9971570,49.0537020,214 5.9971490,49.0538180,214 5.9972430,49.0540820,212 5.9970350,49.0540860,214 5.9970370,49.0541180,214 5.9969990,49.0549410,214 5.9970020,49.0552030,214 5.9970270,49.0553890,213 5.9970590,49.0554380,210 5.9970270,49.0553890,213 5.9970020,49.0552030,214 5.9969990,49.0549410,214 5.9970370,49.0541180,214 5.9970350,49.0540860,214 5.9969190,49.0540880,214 5.9962690,49.0541040,219 5.9961680,49.0541130,219 5.9961010,49.0541330,219 5.9958710,49.0542360,220 5.9952750,49.0544990,224 5.9951060,49.0545980,226 5.9945120,49.0550360,229 5.9944490,49.0551770,228 5.9944010,49.0552500,228 5.9940100,49.0556310,228 5.9939360,49.0557350,228 5.9936560,49.0564190,224 5.9939360,49.0557350,228 5.9940100,49.0556310,228 5.9944010,49.0552500,228 5.9944490,49.0551770,228 5.9945120,49.0550360,229 5.9940580,49.0553560,231 5.9935110,49.0557500,234 5.9933450,49.0558400,234 5.9931590,49.0559230,236 5.9929570,49.0559850,236 5.9927260,49.0560410,237 5.9894470,49.0564110,251 5.9891550,49.0564190,251 5.9890810,49.0564550,251 5.9889740,49.0564760,252 5.9885700,49.0565250,253 5.9895740,49.0577540,255 5.9894190,49.0579280,255 5.9894010,49.0580010,255 5.9893870,49.0581690,254 5.9894010,49.0580010,255 5.9894190,49.0579280,255 5.9895740,49.0577540,255 5.9885700,49.0565250,253 5.9884070,49.0565600,254 5.9882890,49.0565930,255 5.9873840,49.0569100,257 5.9874800,49.0567180,257 5.9875350,49.0565710,256 5.9875210,49.0564650,256 5.9874970,49.0564000,256 5.9874140,49.0562370,256 5.9874280,49.0561850,256 5.9872680,49.0561600,256 5.9863770,49.0560220,257 5.9862610,49.0560040,257 5.9857790,49.0559500,258 5.9851230,49.0558960,260 5.9756150,49.0552320,267 5.9748790,49.0551660,267 5.9738380,49.0550350,266 5.9713720,49.0547030,259 5.9700500,49.0545260,259 5.9639420,49.0537040,270 5.9595760,49.0531010,284 5.9617140,49.0505570,272 5.9623020,49.0499000,273 5.9628520,49.0493250,274 5.9629670,49.0492000,275 5.9632990,49.0488440,276 5.9633780,49.0488550,276 5.9636090,49.0488130,277 5.9636590,49.0488120,277 5.9637550,49.0488560,278 5.9637780,49.0488910,278 5.9638350,49.0489340,278 5.9639090,49.0489730,278 5.9638350,49.0489340,278 5.9637780,49.0488910,278 5.9637550,49.0488560,278 5.9636590,49.0488120,277 5.9636090,49.0488130,277 5.9633780,49.0488550,276 5.9632990,49.0488440,276 5.9635060,49.0486220,277 5.9636950,49.0483800,279 5.9638790,49.0480470,284 5.9643760,49.0476810,293 5.9646150,49.0475500,295 5.9653420,49.0473260,301 5.9661370,49.0472220,305 5.9668460,49.0471770,308 5.9672940,49.0471260,311 5.9675150,49.0470510,312 5.9678610,49.0468280,315 5.9680690,49.0464990,318 5.9680450,49.0464440,318 5.9680330,49.0463710,318 5.9680380,49.0463150,318 5.9680660,49.0462290,318 5.9681430,49.0461010,319 5.9683520,49.0458380,321 5.9683990,49.0457610,322 5.9684270,49.0456730,322 5.9684310,49.0456020,323 5.9684210,49.0455310,323 5.9685620,49.0453760,325 5.9686460,49.0452630,326 5.9687580,49.0450040,329 5.9687910,49.0448000,332 5.9688590,49.0442110,338 5.9689810,49.0436130,343 5.9691290,49.0436340,344 5.9700920,49.0439190,344 5.9723050,49.0445400,344 5.9726820,49.0446580,344 5.9741610,49.0450730,345 5.9747030,49.0452390,346 5.9765280,49.0457570,346 5.9845610,49.0480480,340 5.9847230,49.0480540,340 5.9848490,49.0480400,340 5.9849360,49.0479950,340 5.9854240,49.0472620,336 5.9864560,49.0457150,320 5.9871170,49.0447530,322 5.9873780,49.0443320,323 5.9875070,49.0441910,324 5.9876260,49.0441090,324 5.9878980,49.0439910,323 5.9880820,49.0439610,323 5.9882740,49.0439540,323 5.9890640,49.0439950,321 5.9896910,49.0439760,320 5.9904830,49.0438820,319 5.9907720,49.0438250,319 5.9910610,49.0436990,320 5.9912250,49.0435740,320 5.9913310,49.0434460,321 5.9914740,49.0432360,322 5.9915420,49.0430190,324 5.9915310,49.0427820,326 5.9914850,49.0425440,327 5.9911700,49.0417510,331 5.9911190,49.0415710,332 5.9910290,49.0408500,330 5.9910230,49.0406640,329 5.9910580,49.0405550,328 5.9911220,49.0404420,328 5.9912640,49.0403500,327 5.9915020,49.0402770,327 5.9919070,49.0402820,328 5.9920270,49.0402780,328 5.9990370,49.0400400,332 5.9992440,49.0400330,332 5.9993750,49.0399910,333 5.9994730,49.0399190,333 5.9992420,49.0370540,344 5.9992520,49.0369330,344 5.9992970,49.0368430,344 5.9993670,49.0367750,343 5.9994640,49.0367170,343 5.9995700,49.0366690,343 5.9997400,49.0366330,343 5.9999000,49.0366390,344 6.0000950,49.0367060,344 6.0023980,49.0376220,347 6.0071790,49.0395260,344 6.0089840,49.0402450,344 6.0136340,49.0420860,333 6.0138720,49.0421930,332 6.0139360,49.0422850,331 6.0139200,49.0424080,330 6.0138410,49.0424960,329 6.0137030,49.0425730,328 6.0126220,49.0431730,325 6.0103690,49.0443590,318 6.0100460,49.0445090,317 6.0099990,49.0447700,316 6.0099430,49.0449620,314 6.0098310,49.0451980,312 6.0096990,49.0453360,312 6.0093640,49.0455190,310 6.0091740,49.0455990,308 6.0085130,49.0457110,304 6.0078020,49.0459760,294 6.0076910,49.0460670,292 6.0075240,49.0462780,289 6.0073040,49.0465270,282 6.0072550,49.0471800,272 6.0072770,49.0472460,272 6.0072770,49.0475070,266 6.0074410,49.0476380,268 6.0074790,49.0479150,261 6.0076940,49.0482570,252 6.0076620,49.0483620,248 6.0075030,49.0485300,244 6.0073220,49.0486710,240 6.0072800,49.0486860,240 6.0065350,49.0489570,234 6.0063280,49.0490520,232 6.0063400,49.0489650,234 6.0062980,49.0488560,234 6.0062600,49.0487160,236 6.0062180,49.0485270,237 6.0062280,49.0484730,238 6.0061250,49.0476820,242 6.0060410,49.0473870,243 6.0060140,49.0472040,244 6.0059470,49.0470180,244 6.0056520,49.0465390,245 6.0056320,49.0465110,247 6.0056520,49.0465390,245 6.0059470,49.0470180,244 6.0060140,49.0472040,244 6.0057290,49.0472110,240 6.0055300,49.0472430,238 6.0053210,49.0473010,235 6.0052350,49.0472830,234 6.0052410,49.0472310,234 6.0052170,49.0472180,233 6.0051560,49.0472580,232 6.0051110,49.0472510,231 6.0049970,49.0471120,227 6.0049860,49.0470280,226 6.0049520,49.0469870,226 6.0048700,49.0471010,224 6.0048080,49.0473000,224 6.0047730,49.0476720,222 6.0046280,49.0477200,220 6.0042250,49.0477840,218 6.0037660,49.0477530,222 6.0036220,49.0477610,224 6.0035020,49.0478230,226 6.0034540,49.0478400,226 6.0033340,49.0485080,220 6.0033240,49.0486450,219 6.0033220,49.0491430,216 6.0031910,49.0495240,214 6.0031300,49.0497330,212 6.0031110,49.0499660,211 6.0031270,49.0501940,208 6.0030810,49.0501850,209 6.0027810,49.0501910,211 6.0024000,49.0502240,213 6.0018020,49.0503030,214 6.0014830,49.0503560,215 6.0007120,49.0505160,216 6.0003700,49.0506330,216 5.9999550,49.0507930,217 5.9994970,49.0510090,218 5.9988890,49.0513260,220 5.9986660,49.0514350,221</coordinates></LineString></Placemark>
  </Folder>
  <Folder><name>La Moselle et les deux iles</name><description>5.5 km. D+ 19 m. 35 % de chemins. Le grand tour de l'eau : l'Esplanade, le lac aux Cygnes, la rive ouest du plan d'eau, la promenade du Grand Patural, et le retour par le Saulcy et le port Saint-Marcel. Pas un metre refait.</description>
    <Placemark><name>Depart : Rue des Parmentiers, Metz</name><description>Depart des deux boucles vers Borny, dans la Nouvelle Ville. A dix minutes a pied de la gare, dont il partage les commodites.</description><styleUrl>#depart</styleUrl><Point><coordinates>6.1768700,49.1153870,0</coordinates></Point></Placemark>
    <Placemark><name>1. Jardin de l'Esplanade</name><description>Terrasse au-dessus de la Moselle, vue sur le Mont Saint-Quentin.</description><styleUrl>#etape</styleUrl><Point><coordinates>6.1705190,49.1159680,0</coordinates></Point></Placemark>
    <Placemark><name>2. Parc du Lac aux Cygnes</name><description>Rive du plan d'eau sous l'Esplanade, cygnes et saules.</description><styleUrl>#etape</styleUrl><Point><coordinates>6.1673270,49.1161600,0</coordinates></Point></Placemark>
    <Placemark><name>3. Base de loisirs de l'Esplanade</name><description>Rive ouest du plan d'eau, face au Saulcy. Buvette l'ete.</description><styleUrl>#etape</styleUrl><Point><coordinates>6.1631070,49.1158530,0</coordinates></Point></Placemark>
    <Placemark><name>4. Le Grand Patural, Ban-Saint-Martin</name><description>Prairie et promenade au bord de la Moselle, juste avant de quitter la ville.</description><styleUrl>#etape</styleUrl><Point><coordinates>6.1510520,49.1179290,0</coordinates></Point></Placemark>
    <Placemark><name>5. Ile du Saulcy</name><description>Ile universitaire, tres calme hors semestre. Cygnes sur les deux bras.</description><styleUrl>#etape</styleUrl><Point><coordinates>6.1612490,49.1201090,0</coordinates></Point></Placemark>
    <Placemark><name>6. Port Saint-Marcel</name><description>Petit port de plaisance au nord de l'ile, peniches a quai.</description><styleUrl>#etape</styleUrl><Point><coordinates>6.1713120,49.1216350,0</coordinates></Point></Placemark>
    <Placemark><name>7. Temple Neuf et le Moyen Pont</name><description>Pointe de l'ile du Petit-Saulcy, entre les deux bras de la Moselle ; la vue sur la cathedrale et le plan d'eau.</description><styleUrl>#etape</styleUrl><Point><coordinates>6.1703820,49.1197430,0</coordinates></Point></Placemark>
    <Style id="t14"><LineStyle><color>ff4F7CAC</color><width>4</width></LineStyle></Style>
    <Placemark><name>La Moselle et les deux iles</name><description>5.5 km. D+ 19 m. 35 % de chemins. Le grand tour de l'eau : l'Esplanade, le lac aux Cygnes, la rive ouest du plan d'eau, la promenade du Grand Patural, et le retour par le Saulcy et le port Saint-Marcel. Pas un metre refait.</description><styleUrl>#t14</styleUrl><LineString><tessellate>1</tessellate><coordinates>6.1768670,49.1153870,174 6.1766270,49.1151930,174 6.1763740,49.1150400,174 6.1761790,49.1149300,174 6.1761630,49.1149200,174 6.1759210,49.1147900,174 6.1758600,49.1148100,174 6.1757900,49.1148400,174 6.1756540,49.1148970,174 6.1753530,49.1150280,175 6.1752220,49.1150830,175 6.1750010,49.1151570,175 6.1748990,49.1151860,175 6.1745290,49.1153320,176 6.1741900,49.1154570,177 6.1740920,49.1154990,177 6.1740250,49.1155380,177 6.1740090,49.1155540,177 6.1740510,49.1156050,177 6.1738750,49.1157030,177 6.1731540,49.1160400,178 6.1728450,49.1161960,179 6.1727720,49.1162270,179 6.1724170,49.1163850,180 6.1718220,49.1166550,182 6.1713770,49.1168540,184 6.1713610,49.1168380,184 6.1713030,49.1168550,184 6.1712460,49.1168730,184 6.1711830,49.1168310,184 6.1710660,49.1166490,184 6.1708900,49.1164880,183 6.1706320,49.1162500,182 6.1705340,49.1161620,181 6.1705010,49.1161330,181 6.1705480,49.1161050,181 6.1705790,49.1160690,181 6.1705890,49.1160280,181 6.1705780,49.1159870,181 6.1705520,49.1159550,181 6.1705780,49.1159870,181 6.1705890,49.1160280,181 6.1705790,49.1160690,181 6.1705480,49.1161050,181 6.1705010,49.1161330,181 6.1705340,49.1161620,181 6.1706320,49.1162500,182 6.1701230,49.1164970,182 6.1695730,49.1167630,180 6.1694930,49.1168050,179 6.1693770,49.1168320,178 6.1693100,49.1168390,178 6.1690950,49.1168510,177 6.1688200,49.1167950,176 6.1687900,49.1168000,176 6.1687060,49.1168130,176 6.1686460,49.1168250,176 6.1685320,49.1168470,174 6.1684590,49.1168590,172 6.1683910,49.1168710,172 6.1682370,49.1168760,170 6.1680530,49.1168490,168 6.1679080,49.1167840,168 6.1677890,49.1166960,168 6.1677680,49.1166360,169 6.1675660,49.1165940,167 6.1674750,49.1166120,167 6.1670360,49.1161370,167 6.1671560,49.1160810,167 6.1671560,49.1160810,167 6.1670360,49.1161370,167 6.1664490,49.1155630,169 6.1664240,49.1155160,169 6.1662560,49.1154800,168 6.1661920,49.1154710,168 6.1653460,49.1155090,169 6.1652720,49.1155290,170 6.1652540,49.1154730,169 6.1652340,49.1153570,168 6.1652400,49.1152870,168 6.1653050,49.1150160,167 6.1650560,49.1150270,167 6.1649000,49.1149870,167 6.1647060,49.1149550,167 6.1643200,49.1149230,166 6.1642460,49.1149240,166 6.1635940,49.1150220,167 6.1632470,49.1150950,166 6.1627130,49.1152430,167 6.1625090,49.1153000,167 6.1623900,49.1153470,167 6.1623260,49.1153920,167 6.1622690,49.1154420,167 6.1621180,49.1156350,167 6.1614550,49.1156280,168 6.1613440,49.1155890,168 6.1612120,49.1155490,168 6.1610720,49.1155070,168 6.1610330,49.1155240,168 6.1604110,49.1159510,170 6.1600410,49.1161620,168 6.1598330,49.1162470,170 6.1597420,49.1162680,170 6.1595710,49.1162890,169 6.1594740,49.1162950,168 6.1593550,49.1162880,168 6.1591050,49.1162550,167 6.1589270,49.1162010,168 6.1587450,49.1161100,168 6.1586300,49.1160240,168 6.1585190,49.1159150,168 6.1584040,49.1157130,168 6.1583580,49.1156940,168 6.1579730,49.1156260,168 6.1578630,49.1155680,168 6.1576840,49.1156980,168 6.1574240,49.1158830,168 6.1567840,49.1163100,168 6.1562120,49.1166770,168 6.1558450,49.1168560,167 6.1549190,49.1173060,168 6.1546540,49.1174130,168 6.1545130,49.1174500,168 6.1543340,49.1174890,168 6.1529120,49.1176830,168 6.1528610,49.1176890,168 6.1529020,49.1178190,168 6.1526330,49.1178560,168 6.1522690,49.1178930,168 6.1519000,49.1179380,167 6.1516560,49.1179630,167 6.1512970,49.1179490,167 6.1511750,49.1179340,167 6.1510580,49.1179120,168 6.1511750,49.1179340,167 6.1512970,49.1179490,167 6.1516560,49.1179630,167 6.1519000,49.1179380,167 6.1522690,49.1178930,168 6.1526330,49.1178560,168 6.1529020,49.1178190,168 6.1535600,49.1177530,167 6.1541800,49.1177120,167 6.1543170,49.1176720,167 6.1544150,49.1176580,167 6.1545830,49.1176610,167 6.1547520,49.1176760,167 6.1548610,49.1177000,167 6.1550950,49.1178060,167 6.1551300,49.1177960,167 6.1553810,49.1177960,166 6.1556250,49.1177890,166 6.1557120,49.1177760,166 6.1560450,49.1177550,166 6.1561370,49.1177690,166 6.1562090,49.1177910,166 6.1562680,49.1178020,166 6.1566650,49.1177530,167 6.1572550,49.1176590,168 6.1576990,49.1176110,167 6.1579790,49.1175980,167 6.1583190,49.1176420,167 6.1589450,49.1177680,168 6.1591480,49.1178280,168 6.1593070,49.1178830,168 6.1599080,49.1181380,168 6.1600500,49.1182070,168 6.1601360,49.1182310,168 6.1604360,49.1183120,168 6.1607530,49.1183730,168 6.1608430,49.1182340,168 6.1607770,49.1181150,170 6.1607230,49.1182470,169 6.1606150,49.1188230,168 6.1605840,49.1190320,170 6.1605930,49.1190810,170 6.1606310,49.1191400,170 6.1606800,49.1191870,170 6.1607540,49.1192360,169 6.1608110,49.1193110,168 6.1608360,49.1193830,168 6.1608890,49.1194370,168 6.1608800,49.1194620,168 6.1608030,49.1196830,167 6.1609040,49.1197000,167 6.1611120,49.1197950,168 6.1612430,49.1201090,167 6.1612450,49.1201140,167 6.1615810,49.1201620,167 6.1619570,49.1202160,167 6.1623910,49.1202790,167 6.1628100,49.1203380,167 6.1628970,49.1203660,167 6.1630360,49.1203710,167 6.1630880,49.1203720,167 6.1631110,49.1203640,167 6.1631900,49.1203880,167 6.1632550,49.1203940,167 6.1636870,49.1204150,168 6.1641210,49.1203880,167 6.1642400,49.1203630,167 6.1643110,49.1203410,168 6.1644890,49.1203080,168 6.1647530,49.1202690,168 6.1650630,49.1202330,168 6.1654300,49.1202040,168 6.1655510,49.1201850,168 6.1656830,49.1201550,168 6.1657680,49.1201160,168 6.1659190,49.1200120,168 6.1659370,49.1199840,168 6.1659350,49.1199470,168 6.1660010,49.1199260,168 6.1661250,49.1199720,168 6.1661750,49.1199910,168 6.1662610,49.1199880,168 6.1663160,49.1199800,168 6.1663850,49.1199570,168 6.1664940,49.1198980,168 6.1665620,49.1198630,168 6.1666300,49.1198260,168 6.1667070,49.1198940,168 6.1668450,49.1200160,168 6.1669530,49.1199650,168 6.1670250,49.1199400,168 6.1671220,49.1199400,168 6.1672160,49.1199490,168 6.1673200,49.1199740,168 6.1673880,49.1200110,167 6.1674380,49.1199850,167 6.1675010,49.1200240,167 6.1680210,49.1203080,166 6.1680550,49.1203120,166 6.1680840,49.1203160,166 6.1681070,49.1203080,166 6.1681300,49.1202660,166 6.1682020,49.1202850,168 6.1682660,49.1202930,168 6.1683480,49.1203120,169 6.1683220,49.1203500,168 6.1683150,49.1203940,168 6.1688400,49.1206710,169 6.1689150,49.1207570,169 6.1689680,49.1207900,169 6.1692310,49.1206230,169 6.1692460,49.1206140,169 6.1692690,49.1205970,169 6.1695720,49.1208210,170 6.1699530,49.1211240,169 6.1704470,49.1215160,168 6.1704880,49.1214950,168 6.1705150,49.1215050,168 6.1705490,49.1215030,168 6.1705610,49.1215130,168 6.1705880,49.1215290,168 6.1708880,49.1213480,167 6.1710660,49.1214260,168 6.1713880,49.1215170,166 6.1710660,49.1214260,168 6.1708880,49.1213480,167 6.1708580,49.1213260,167 6.1708770,49.1213140,167 6.1708310,49.1212570,167 6.1700220,49.1200330,169 6.1699880,49.1200060,169 6.1700170,49.1199820,169 6.1700790,49.1199310,169 6.1701490,49.1199050,169 6.1702460,49.1198490,169 6.1702950,49.1198160,169 6.1703950,49.1197510,168 6.1709210,49.1194160,168 6.1709920,49.1193840,170 6.1710220,49.1193900,170 6.1710740,49.1193520,171 6.1711350,49.1193190,171 6.1714050,49.1195320,169 6.1714690,49.1195690,169 6.1715220,49.1195940,169 6.1716300,49.1195680,170 6.1718770,49.1195100,172 6.1719990,49.1194610,173 6.1725390,49.1193330,175 6.1729180,49.1192400,177 6.1733120,49.1191420,177 6.1735250,49.1190890,178 6.1739480,49.1188890,179 6.1740430,49.1188490,180 6.1745370,49.1186870,181 6.1750450,49.1184970,180 6.1750080,49.1184610,180 6.1750530,49.1184390,180 6.1760070,49.1178570,178 6.1761170,49.1177820,178 6.1762120,49.1177270,178 6.1769650,49.1174010,176 6.1772570,49.1172750,175 6.1780060,49.1169400,173 6.1780100,49.1169380,173 6.1780910,49.1168970,173 6.1779150,49.1166880,174 6.1776850,49.1164140,174 6.1776540,49.1163770,174 6.1776130,49.1163200,174 6.1775060,49.1161750,174 6.1774070,49.1160140,174 6.1772820,49.1158090,174 6.1770330,49.1155220,175 6.1768670,49.1153870,174</coordinates></LineString></Placemark>
  </Folder>
  <Folder><name>Chambiere et le plan d'eau</name><description>4.5 km. D+ 19 m. 34 % de chemins. La meme eau par l'autre bout : on longe la rive ouest du plan d'eau, on passe sur la rive nord -- celle que personne ne prend -- et on rentre par l'abbaye Saint-Vincent et l'ile.</description>
    <Placemark><name>Depart : Rue des Parmentiers, Metz</name><description>Depart des deux boucles vers Borny, dans la Nouvelle Ville. A dix minutes a pied de la gare, dont il partage les commodites.</description><styleUrl>#depart</styleUrl><Point><coordinates>6.1768700,49.1153870,0</coordinates></Point></Placemark>
    <Placemark><name>1. Jardin de l'Esplanade</name><description>Terrasse au-dessus de la Moselle, vue sur le Mont Saint-Quentin.</description><styleUrl>#etape</styleUrl><Point><coordinates>6.1705190,49.1159680,0</coordinates></Point></Placemark>
    <Placemark><name>2. Parc du Lac aux Cygnes</name><description>Rive du plan d'eau sous l'Esplanade, cygnes et saules.</description><styleUrl>#etape</styleUrl><Point><coordinates>6.1673270,49.1161600,0</coordinates></Point></Placemark>
    <Placemark><name>3. Base de loisirs de l'Esplanade</name><description>Rive ouest du plan d'eau, face au Saulcy. Buvette l'ete.</description><styleUrl>#etape</styleUrl><Point><coordinates>6.1631070,49.1158530,0</coordinates></Point></Placemark>
    <Placemark><name>4. Plan d'eau, rive nord</name><description>La rive d'en face, celle que personne ne prend. Plus calme, plus ombragee.</description><styleUrl>#etape</styleUrl><Point><coordinates>6.1644000,49.1192000,0</coordinates></Point></Placemark>
    <Placemark><name>5. Abbaye Saint-Vincent</name><description>Ancienne abbaye du quartier Chambiere, facade classique.</description><styleUrl>#etape</styleUrl><Point><coordinates>6.1724500,49.1231340,0</coordinates></Point></Placemark>
    <Placemark><name>6. Temple Neuf et le Moyen Pont</name><description>Pointe de l'ile du Petit-Saulcy, entre les deux bras de la Moselle ; la vue sur la cathedrale et le plan d'eau.</description><styleUrl>#etape</styleUrl><Point><coordinates>6.1703820,49.1197430,0</coordinates></Point></Placemark>
    <Style id="t15"><LineStyle><color>ff2E7A8C</color><width>4</width></LineStyle></Style>
    <Placemark><name>Chambiere et le plan d'eau</name><description>4.5 km. D+ 19 m. 34 % de chemins. La meme eau par l'autre bout : on longe la rive ouest du plan d'eau, on passe sur la rive nord -- celle que personne ne prend -- et on rentre par l'abbaye Saint-Vincent et l'ile.</description><styleUrl>#t15</styleUrl><LineString><tessellate>1</tessellate><coordinates>6.1768670,49.1153870,174 6.1766270,49.1151930,174 6.1763740,49.1150400,174 6.1761790,49.1149300,174 6.1761630,49.1149200,174 6.1759210,49.1147900,174 6.1758600,49.1148100,174 6.1757900,49.1148400,174 6.1756540,49.1148970,174 6.1753530,49.1150280,175 6.1752220,49.1150830,175 6.1750010,49.1151570,175 6.1748990,49.1151860,175 6.1745290,49.1153320,176 6.1741900,49.1154570,177 6.1740920,49.1154990,177 6.1740250,49.1155380,177 6.1740090,49.1155540,177 6.1740510,49.1156050,177 6.1738750,49.1157030,177 6.1731540,49.1160400,178 6.1728450,49.1161960,179 6.1727720,49.1162270,179 6.1724170,49.1163850,180 6.1718220,49.1166550,182 6.1713770,49.1168540,184 6.1713610,49.1168380,184 6.1713030,49.1168550,184 6.1712460,49.1168730,184 6.1711830,49.1168310,184 6.1710660,49.1166490,184 6.1708900,49.1164880,183 6.1706320,49.1162500,182 6.1705340,49.1161620,181 6.1705010,49.1161330,181 6.1705480,49.1161050,181 6.1705790,49.1160690,181 6.1705890,49.1160280,181 6.1705780,49.1159870,181 6.1705520,49.1159550,181 6.1705780,49.1159870,181 6.1705890,49.1160280,181 6.1705790,49.1160690,181 6.1705480,49.1161050,181 6.1705010,49.1161330,181 6.1705340,49.1161620,181 6.1706320,49.1162500,182 6.1701230,49.1164970,182 6.1695730,49.1167630,180 6.1694930,49.1168050,179 6.1693770,49.1168320,178 6.1693100,49.1168390,178 6.1690950,49.1168510,177 6.1688200,49.1167950,176 6.1687900,49.1168000,176 6.1687060,49.1168130,176 6.1686460,49.1168250,176 6.1685320,49.1168470,174 6.1684590,49.1168590,172 6.1683910,49.1168710,172 6.1682370,49.1168760,170 6.1680530,49.1168490,168 6.1679080,49.1167840,168 6.1677890,49.1166960,168 6.1677680,49.1166360,169 6.1675660,49.1165940,167 6.1674750,49.1166120,167 6.1670360,49.1161370,167 6.1671560,49.1160810,167 6.1671560,49.1160810,167 6.1670360,49.1161370,167 6.1664490,49.1155630,169 6.1664240,49.1155160,169 6.1662560,49.1154800,168 6.1661920,49.1154710,168 6.1653460,49.1155090,169 6.1652720,49.1155290,170 6.1652540,49.1154730,169 6.1652340,49.1153570,168 6.1652400,49.1152870,168 6.1653050,49.1150160,167 6.1650560,49.1150270,167 6.1649000,49.1149870,167 6.1647060,49.1149550,167 6.1643200,49.1149230,166 6.1642460,49.1149240,166 6.1635940,49.1150220,167 6.1632470,49.1150950,166 6.1627130,49.1152430,167 6.1625090,49.1153000,167 6.1623900,49.1153470,167 6.1623260,49.1153920,167 6.1622690,49.1154420,167 6.1621180,49.1156350,167 6.1618060,49.1163920,166 6.1617400,49.1165810,166 6.1616910,49.1167750,167 6.1616350,49.1174180,167 6.1615620,49.1176880,167 6.1615020,49.1179060,167 6.1614810,49.1179410,167 6.1613890,49.1179230,167 6.1612090,49.1179160,168 6.1610430,49.1179340,169 6.1608600,49.1179710,170 6.1608170,49.1180300,170 6.1607770,49.1181150,170 6.1607230,49.1182470,169 6.1606150,49.1188230,168 6.1605840,49.1190320,170 6.1605930,49.1190810,170 6.1606310,49.1191400,170 6.1607810,49.1191340,169 6.1608230,49.1191170,168 6.1609380,49.1190470,168 6.1609690,49.1190410,168 6.1610100,49.1190440,168 6.1610450,49.1189770,167 6.1610680,49.1189570,167 6.1611070,49.1189390,167 6.1611940,49.1189280,167 6.1613950,49.1189550,167 6.1624670,49.1191160,168 6.1625920,49.1190530,167 6.1631040,49.1189930,167 6.1635500,49.1189190,168 6.1637780,49.1189440,168 6.1637660,49.1189860,168 6.1637750,49.1190280,168 6.1638050,49.1190650,168 6.1638480,49.1190920,168 6.1639010,49.1191100,168 6.1639590,49.1191160,168 6.1640260,49.1191090,168 6.1640850,49.1190880,168 6.1641290,49.1190540,168 6.1642640,49.1191050,168 6.1643560,49.1192150,167 6.1643810,49.1192440,167 6.1644250,49.1192800,167 6.1646560,49.1193910,168 6.1647590,49.1193620,168 6.1649810,49.1192020,168 6.1650140,49.1191850,168 6.1652090,49.1194670,167 6.1652910,49.1195430,167 6.1655610,49.1196890,167 6.1655550,49.1196610,167 6.1655700,49.1196350,167 6.1656200,49.1195860,167 6.1658660,49.1194760,167 6.1659040,49.1194970,167 6.1662320,49.1196810,168 6.1665620,49.1198630,168 6.1666300,49.1198260,168 6.1667070,49.1198940,168 6.1668450,49.1200160,168 6.1669530,49.1199650,168 6.1670250,49.1199400,168 6.1671220,49.1199400,168 6.1672160,49.1199490,168 6.1673200,49.1199740,168 6.1673880,49.1200110,167 6.1674380,49.1199850,167 6.1675010,49.1200240,167 6.1680210,49.1203080,166 6.1680550,49.1203120,166 6.1680840,49.1203160,166 6.1681070,49.1203080,166 6.1681300,49.1202660,166 6.1682020,49.1202850,168 6.1682660,49.1202930,168 6.1683480,49.1203120,169 6.1683220,49.1203500,168 6.1683150,49.1203940,168 6.1688400,49.1206710,169 6.1689150,49.1207570,169 6.1689680,49.1207900,169 6.1692310,49.1206230,169 6.1692460,49.1206140,169 6.1692690,49.1205970,169 6.1695720,49.1208210,170 6.1699530,49.1211240,169 6.1704470,49.1215160,168 6.1704760,49.1215390,168 6.1704960,49.1215540,168 6.1705460,49.1215910,168 6.1706440,49.1216700,168 6.1709330,49.1219070,169 6.1712610,49.1221840,168 6.1716870,49.1226100,168 6.1717340,49.1226100,168 6.1717850,49.1226660,168 6.1718140,49.1227820,168 6.1721070,49.1232410,168 6.1721210,49.1232560,168 6.1721070,49.1232410,168 6.1718140,49.1227820,168 6.1717850,49.1226660,168 6.1717340,49.1226100,168 6.1717230,49.1225890,168 6.1713550,49.1222140,168 6.1712420,49.1221070,168 6.1710130,49.1219280,169 6.1709690,49.1218840,168 6.1706750,49.1216520,168 6.1705800,49.1215740,168 6.1705670,49.1215610,168 6.1705690,49.1215480,168 6.1705880,49.1215290,168 6.1705610,49.1215130,168 6.1705490,49.1215030,168 6.1708320,49.1213300,167 6.1707930,49.1212700,167 6.1708310,49.1212570,167 6.1700220,49.1200330,169 6.1699880,49.1200060,169 6.1700170,49.1199820,169 6.1700790,49.1199310,169 6.1701490,49.1199050,169 6.1702460,49.1198490,169 6.1702950,49.1198160,169 6.1703950,49.1197510,168 6.1709210,49.1194160,168 6.1709920,49.1193840,170 6.1710220,49.1193900,170 6.1710740,49.1193520,171 6.1711350,49.1193190,171 6.1714050,49.1195320,169 6.1714690,49.1195690,169 6.1715220,49.1195940,169 6.1716300,49.1195680,170 6.1718770,49.1195100,172 6.1719990,49.1194610,173 6.1725390,49.1193330,175 6.1729180,49.1192400,177 6.1733120,49.1191420,177 6.1735250,49.1190890,178 6.1739480,49.1188890,179 6.1740430,49.1188490,180 6.1745370,49.1186870,181 6.1750450,49.1184970,180 6.1750080,49.1184610,180 6.1750530,49.1184390,180 6.1760070,49.1178570,178 6.1761170,49.1177820,178 6.1762120,49.1177270,178 6.1769650,49.1174010,176 6.1772570,49.1172750,175 6.1780060,49.1169400,173 6.1780100,49.1169380,173 6.1780910,49.1168970,173 6.1779150,49.1166880,174 6.1776850,49.1164140,174 6.1776540,49.1163770,174 6.1776130,49.1163200,174 6.1775060,49.1161750,174 6.1774070,49.1160140,174 6.1772820,49.1158090,174 6.1770330,49.1155220,175 6.1768670,49.1153870,174</coordinates></LineString></Placemark>
  </Folder>
  <Folder><name>Le Sansonnet et les portes</name><description>5.1 km. D+ 42 m. 27 % de chemins. La plus verte des courtes cote nord : le bras de la Moselle a Chambiere, les sous-bois du parc du Sansonnet, puis les deux portes fortifiees, Sarrelouis et les Allemands. Un tiers de chemin balise.</description>
    <Placemark><name>Depart : Rue des Parmentiers, Metz</name><description>Depart des deux boucles vers Borny, dans la Nouvelle Ville. A dix minutes a pied de la gare, dont il partage les commodites.</description><styleUrl>#depart</styleUrl><Point><coordinates>6.1768700,49.1153870,0</coordinates></Point></Placemark>
    <Placemark><name>1. Moulin des Thermes</name><description>Bras de la Moselle a Chambiere, ancien moulin et lavoirs.</description><styleUrl>#etape</styleUrl><Point><coordinates>6.1765620,49.1230520,0</coordinates></Point></Placemark>
    <Placemark><name>2. Parc du Sansonnet, entree sud</name><description>Le plus grand espace vert du nord de Metz, etang et sous-bois.</description><styleUrl>#etape</styleUrl><Point><coordinates>6.1880000,49.1260000,0</coordinates></Point></Placemark>
    <Placemark><name>3. Porte de Sarrelouis</name><description>Vestige des fortifications du XVIIIe siecle, a l'est de la ville.</description><styleUrl>#etape</styleUrl><Point><coordinates>6.1914470,49.1206290,0</coordinates></Point></Placemark>
    <Placemark><name>4. Porte des Allemands</name><description>Chatelet fortifie du XIIIe siecle a cheval sur la Seille, et le depart du chemin des remparts.</description><styleUrl>#etape</styleUrl><Point><coordinates>6.1855680,49.1178800,0</coordinates></Point></Placemark>
    <Style id="t16"><LineStyle><color>ff6E8B3D</color><width>4</width></LineStyle></Style>
    <Placemark><name>Le Sansonnet et les portes</name><description>5.1 km. D+ 42 m. 27 % de chemins. La plus verte des courtes cote nord : le bras de la Moselle a Chambiere, les sous-bois du parc du Sansonnet, puis les deux portes fortifiees, Sarrelouis et les Allemands. Un tiers de chemin balise.</description><styleUrl>#t16</styleUrl><LineString><tessellate>1</tessellate><coordinates>6.1768670,49.1153870,174 6.1770330,49.1155220,175 6.1772820,49.1158090,174 6.1774070,49.1160140,174 6.1775060,49.1161750,174 6.1776130,49.1163200,174 6.1776540,49.1163770,174 6.1776850,49.1164140,174 6.1779150,49.1166880,174 6.1780910,49.1168970,173 6.1780060,49.1169400,173 6.1772570,49.1172750,175 6.1769650,49.1174010,176 6.1762120,49.1177270,178 6.1761170,49.1177820,178 6.1760070,49.1178570,178 6.1750530,49.1184390,180 6.1750080,49.1184610,180 6.1750450,49.1184970,180 6.1753180,49.1187280,180 6.1753890,49.1187910,180 6.1755170,49.1189220,180 6.1756690,49.1192030,180 6.1756860,49.1192460,179 6.1757050,49.1193230,179 6.1757860,49.1193990,179 6.1758300,49.1194430,179 6.1758600,49.1194700,179 6.1759070,49.1195130,179 6.1760700,49.1198630,179 6.1762180,49.1202150,178 6.1762750,49.1202690,178 6.1763290,49.1203210,178 6.1763870,49.1204220,178 6.1764270,49.1204900,178 6.1764420,49.1205060,178 6.1770670,49.1211840,176 6.1774960,49.1216480,174 6.1776370,49.1218000,174 6.1781460,49.1223650,171 6.1781820,49.1224040,170 6.1782880,49.1225230,170 6.1782020,49.1225700,169 6.1781730,49.1225850,168 6.1781550,49.1225990,168 6.1783090,49.1227340,169 6.1785030,49.1229430,166 6.1784720,49.1229670,166 6.1780680,49.1233510,166 6.1780340,49.1233840,166 6.1778470,49.1235620,168 6.1777830,49.1235330,168 6.1777280,49.1235060,168 6.1776520,49.1234760,167 6.1776250,49.1234640,167 6.1775460,49.1234300,166 6.1774600,49.1234180,166 6.1772940,49.1234050,166 6.1770590,49.1233840,166 6.1769730,49.1233860,166 6.1768840,49.1233890,166 6.1769090,49.1232820,166 6.1766660,49.1232560,165 6.1769090,49.1232820,166 6.1768840,49.1233890,166 6.1769730,49.1233860,166 6.1770590,49.1233840,166 6.1772940,49.1234050,166 6.1774600,49.1234180,166 6.1775460,49.1234300,166 6.1776250,49.1234640,167 6.1776520,49.1234760,167 6.1777280,49.1235060,168 6.1777830,49.1235330,168 6.1778470,49.1235620,168 6.1780340,49.1233840,166 6.1780680,49.1233510,166 6.1784720,49.1229670,166 6.1785030,49.1229430,166 6.1786080,49.1229670,166 6.1787400,49.1229570,168 6.1787860,49.1229590,168 6.1788150,49.1229660,168 6.1788610,49.1229890,168 6.1789040,49.1229500,169 6.1789370,49.1229240,169 6.1789450,49.1229150,169 6.1789970,49.1228570,168 6.1793380,49.1229230,168 6.1794540,49.1229750,168 6.1797900,49.1231520,168 6.1798260,49.1231630,168 6.1800820,49.1232820,168 6.1801000,49.1232710,168 6.1801280,49.1232460,168 6.1801470,49.1232450,168 6.1801680,49.1232430,168 6.1804990,49.1234440,168 6.1809080,49.1236740,168 6.1810440,49.1237340,168 6.1812460,49.1238170,168 6.1814510,49.1238680,167 6.1815580,49.1238950,168 6.1819980,49.1239590,168 6.1821270,49.1239610,168 6.1821750,49.1238370,168 6.1823060,49.1238540,168 6.1824600,49.1238800,168 6.1825330,49.1238640,168 6.1825940,49.1238710,168 6.1826110,49.1238910,168 6.1826150,49.1239190,168 6.1826160,49.1239330,168 6.1826010,49.1239750,168 6.1827110,49.1239830,168 6.1831100,49.1240260,168 6.1832030,49.1240340,168 6.1832860,49.1240420,168 6.1837000,49.1240800,168 6.1841910,49.1242250,167 6.1842810,49.1242400,166 6.1843720,49.1242390,166 6.1844000,49.1242350,167 6.1844200,49.1242370,166 6.1844330,49.1242660,166 6.1844550,49.1243030,166 6.1844930,49.1243330,166 6.1847310,49.1244050,167 6.1851540,49.1244860,168 6.1853420,49.1245430,166 6.1853760,49.1245540,166 6.1854430,49.1245750,165 6.1854250,49.1245980,165 6.1854530,49.1246110,165 6.1854740,49.1246210,165 6.1854130,49.1247200,165 6.1856530,49.1248910,165 6.1856440,49.1249500,166 6.1859870,49.1249750,166 6.1860300,49.1249780,166 6.1860630,49.1249800,166 6.1859910,49.1250770,166 6.1857730,49.1253050,166 6.1856640,49.1254360,166 6.1856490,49.1254690,166 6.1856750,49.1255490,167 6.1856990,49.1256230,166 6.1857130,49.1256590,166 6.1857280,49.1256970,166 6.1855730,49.1256790,165 6.1856130,49.1258670,163 6.1856500,49.1259320,163 6.1858330,49.1260590,163 6.1859560,49.1261950,165 6.1863000,49.1264090,164 6.1863310,49.1264200,164 6.1863720,49.1264220,164 6.1864220,49.1264150,164 6.1865650,49.1263750,165 6.1866140,49.1263500,165 6.1866590,49.1263160,166 6.1867680,49.1261470,166 6.1868090,49.1260480,167 6.1868980,49.1259030,168 6.1869210,49.1257710,168 6.1869420,49.1257270,169 6.1869820,49.1256850,169 6.1871360,49.1255870,170 6.1871830,49.1255670,171 6.1872690,49.1255540,171 6.1872850,49.1255880,171 6.1873350,49.1256120,171 6.1873740,49.1256260,171 6.1874620,49.1256310,172 6.1875400,49.1256370,172 6.1876200,49.1256200,171 6.1876680,49.1256040,171 6.1877610,49.1255730,171 6.1880300,49.1255690,171 6.1882380,49.1256710,170 6.1882910,49.1256930,170 6.1882380,49.1256710,170 6.1880300,49.1255690,171 6.1877610,49.1255730,171 6.1876680,49.1256040,171 6.1876200,49.1256200,171 6.1876140,49.1255970,171 6.1876130,49.1255280,172 6.1876150,49.1254860,172 6.1878550,49.1254660,171 6.1879000,49.1254470,171 6.1879230,49.1254370,171 6.1878030,49.1253020,171 6.1877010,49.1250720,172 6.1876970,49.1249260,172 6.1877320,49.1247960,172 6.1879180,49.1248300,174 6.1879110,49.1248670,174 6.1879260,49.1248830,174 6.1879640,49.1248950,175 6.1880450,49.1249050,177 6.1880970,49.1249110,178 6.1881490,49.1249170,178 6.1884600,49.1249540,181 6.1892080,49.1250710,186 6.1894130,49.1251080,188 6.1897340,49.1251190,191 6.1900050,49.1251180,196 6.1901540,49.1250960,195 6.1901850,49.1250770,195 6.1902250,49.1250320,194 6.1903140,49.1248180,197 6.1903550,49.1247560,198 6.1905890,49.1244860,198 6.1906670,49.1243260,199 6.1906850,49.1242090,199 6.1907670,49.1239200,198 6.1908530,49.1236840,198 6.1910220,49.1234200,198 6.1911310,49.1233050,198 6.1913460,49.1231610,200 6.1917130,49.1229310,199 6.1920150,49.1227170,200 6.1921320,49.1226190,201 6.1921950,49.1225450,200 6.1922660,49.1224310,202 6.1923280,49.1223140,203 6.1923540,49.1222320,204 6.1923360,49.1220840,202 6.1922660,49.1218190,200 6.1922640,49.1217390,199 6.1923040,49.1215830,199 6.1923140,49.1214840,199 6.1922400,49.1213310,199 6.1920320,49.1208430,198 6.1920350,49.1208320,198 6.1920580,49.1208130,198 6.1920670,49.1206670,198 6.1922340,49.1206670,199 6.1922340,49.1206310,198 6.1919920,49.1206340,198 6.1914720,49.1206290,198 6.1914470,49.1206290,198 6.1914220,49.1206290,198 6.1910130,49.1206230,197 6.1908700,49.1206100,196 6.1908320,49.1205900,196 6.1908040,49.1205570,196 6.1907820,49.1204960,195 6.1907180,49.1202150,194 6.1906680,49.1201210,194 6.1905070,49.1199560,192 6.1905360,49.1199460,192 6.1905690,49.1199350,193 6.1906200,49.1199210,193 6.1906910,49.1199000,193 6.1907100,49.1198810,193 6.1908350,49.1192090,192 6.1907340,49.1191690,192 6.1905390,49.1191160,191 6.1904860,49.1190940,191 6.1903700,49.1189550,191 6.1904140,49.1189360,191 6.1904300,49.1189190,192 6.1904340,49.1188720,192 6.1902350,49.1182210,190 6.1901630,49.1182380,189 6.1899780,49.1181800,188 6.1898950,49.1181900,188 6.1898650,49.1181250,188 6.1898060,49.1180420,187 6.1897350,49.1179420,186 6.1896860,49.1178910,186 6.1896350,49.1178420,186 6.1894830,49.1177260,184 6.1893950,49.1176740,184 6.1892920,49.1176260,184 6.1891690,49.1176030,184 6.1890860,49.1176010,184 6.1889920,49.1176110,183 6.1889040,49.1176430,182 6.1888260,49.1176880,182 6.1887600,49.1177470,182 6.1887120,49.1178280,181 6.1886000,49.1177940,180 6.1885090,49.1177920,178 6.1878120,49.1178700,178 6.1877440,49.1178580,178 6.1877290,49.1178480,178 6.1877140,49.1178090,178 6.1877180,49.1177600,178 6.1877440,49.1176800,177 6.1877550,49.1176720,176 6.1877730,49.1176700,176 6.1877900,49.1176810,176 6.1877950,49.1176960,176 6.1878100,49.1177000,176 6.1878240,49.1176970,176 6.1878320,49.1176870,176 6.1878350,49.1175840,175 6.1878110,49.1175160,174 6.1877450,49.1174540,174 6.1877360,49.1174260,175 6.1875770,49.1174100,177 6.1861480,49.1173930,173 6.1861470,49.1175020,173 6.1861450,49.1175590,172 6.1860280,49.1176250,172 6.1858500,49.1177710,172 6.1858090,49.1178010,172 6.1857490,49.1178170,172 6.1856710,49.1178270,172 6.1855640,49.1178300,172 6.1855250,49.1178320,172 6.1854350,49.1178220,172 6.1853590,49.1178070,172 6.1852170,49.1177970,172 6.1851900,49.1177950,173 6.1851770,49.1178230,173 6.1851240,49.1178150,173 6.1850790,49.1178090,173 6.1850720,49.1178390,173 6.1849900,49.1178300,173 6.1850040,49.1177790,173 6.1848800,49.1177740,172 6.1848590,49.1177740,172 6.1848150,49.1177720,172 6.1846580,49.1177670,172 6.1839440,49.1177430,171 6.1832730,49.1177170,171 6.1832350,49.1177160,171 6.1831370,49.1177130,171 6.1830570,49.1177080,171 6.1830180,49.1177060,171 6.1826620,49.1176860,171 6.1824910,49.1176890,171 6.1823110,49.1177000,171 6.1819420,49.1177420,171 6.1817930,49.1177620,171 6.1817350,49.1177220,171 6.1816500,49.1176870,171 6.1811380,49.1174780,170 6.1810260,49.1174330,170 6.1809630,49.1174070,170 6.1809000,49.1173670,170 6.1802980,49.1169900,169 6.1801880,49.1169210,169 6.1801100,49.1168720,169 6.1800400,49.1168190,169 6.1800200,49.1168050,169 6.1799840,49.1167810,169 6.1798660,49.1167340,169 6.1798020,49.1167240,169 6.1795940,49.1167200,169 6.1794470,49.1167260,169 6.1791540,49.1167370,170 6.1791100,49.1167390,170 6.1790470,49.1167410,170 6.1788700,49.1167480,170 6.1788320,49.1167490,170 6.1787960,49.1167550,170 6.1785530,49.1167900,172 6.1782950,49.1168450,173 6.1780910,49.1168970,173 6.1779150,49.1166880,174 6.1776850,49.1164140,174 6.1776540,49.1163770,174 6.1776130,49.1163200,174 6.1775060,49.1161750,174 6.1774070,49.1160140,174 6.1772820,49.1158090,174 6.1770330,49.1155220,175 6.1768670,49.1153870,174</coordinates></LineString></Placemark>
  </Folder>
  <Folder><name>Les remparts et la colline Sainte-Croix</name><description>4.2 km. D+ 29 m. 16 % de chemins. La plus courte : le chemin des remparts depuis la Porte des Allemands, les terrasses du jardin des Tanneurs, Chambiere et l'ile. Une heure, et tout le vieux Metz.</description>
    <Placemark><name>Depart : Rue des Parmentiers, Metz</name><description>Depart des deux boucles vers Borny, dans la Nouvelle Ville. A dix minutes a pied de la gare, dont il partage les commodites.</description><styleUrl>#depart</styleUrl><Point><coordinates>6.1768700,49.1153870,0</coordinates></Point></Placemark>
    <Placemark><name>1. Porte des Allemands</name><description>Chatelet fortifie du XIIIe siecle a cheval sur la Seille, et le depart du chemin des remparts.</description><styleUrl>#etape</styleUrl><Point><coordinates>6.1855680,49.1178800,0</coordinates></Point></Placemark>
    <Placemark><name>2. Jardin des Tanneurs</name><description>Jardin en terrasses sur le flanc de la colline Sainte-Croix.</description><styleUrl>#etape</styleUrl><Point><coordinates>6.1811210,49.1197080,0</coordinates></Point></Placemark>
    <Placemark><name>3. Moulin des Thermes</name><description>Bras de la Moselle a Chambiere, ancien moulin et lavoirs.</description><styleUrl>#etape</styleUrl><Point><coordinates>6.1765620,49.1230520,0</coordinates></Point></Placemark>
    <Placemark><name>4. Abbaye Saint-Vincent</name><description>Ancienne abbaye du quartier Chambiere, facade classique.</description><styleUrl>#etape</styleUrl><Point><coordinates>6.1724500,49.1231340,0</coordinates></Point></Placemark>
    <Placemark><name>5. Temple Neuf et le Moyen Pont</name><description>Pointe de l'ile du Petit-Saulcy, entre les deux bras de la Moselle ; la vue sur la cathedrale et le plan d'eau.</description><styleUrl>#etape</styleUrl><Point><coordinates>6.1703820,49.1197430,0</coordinates></Point></Placemark>
    <Placemark><name>6. Jardin de l'Esplanade</name><description>Terrasse au-dessus de la Moselle, vue sur le Mont Saint-Quentin.</description><styleUrl>#etape</styleUrl><Point><coordinates>6.1705190,49.1159680,0</coordinates></Point></Placemark>
    <Style id="t17"><LineStyle><color>ff8E5572</color><width>4</width></LineStyle></Style>
    <Placemark><name>Les remparts et la colline Sainte-Croix</name><description>4.2 km. D+ 29 m. 16 % de chemins. La plus courte : le chemin des remparts depuis la Porte des Allemands, les terrasses du jardin des Tanneurs, Chambiere et l'ile. Une heure, et tout le vieux Metz.</description><styleUrl>#t17</styleUrl><LineString><tessellate>1</tessellate><coordinates>6.1768670,49.1153870,174 6.1770330,49.1155220,175 6.1772820,49.1158090,174 6.1774070,49.1160140,174 6.1775060,49.1161750,174 6.1776130,49.1163200,174 6.1776540,49.1163770,174 6.1776850,49.1164140,174 6.1779150,49.1166880,174 6.1780910,49.1168970,173 6.1782950,49.1168450,173 6.1785530,49.1167900,172 6.1787960,49.1167550,170 6.1788320,49.1167490,170 6.1788700,49.1167480,170 6.1790470,49.1167410,170 6.1791100,49.1167390,170 6.1791540,49.1167370,170 6.1794470,49.1167260,169 6.1795940,49.1167200,169 6.1798020,49.1167240,169 6.1798660,49.1167340,169 6.1799840,49.1167810,169 6.1800200,49.1168050,169 6.1800400,49.1168190,169 6.1801100,49.1168720,169 6.1801880,49.1169210,169 6.1802980,49.1169900,169 6.1809000,49.1173670,170 6.1809630,49.1174070,170 6.1810260,49.1174330,170 6.1811380,49.1174780,170 6.1816500,49.1176870,171 6.1817350,49.1177220,171 6.1817930,49.1177620,171 6.1819420,49.1177420,171 6.1823110,49.1177000,171 6.1824910,49.1176890,171 6.1826620,49.1176860,171 6.1830180,49.1177060,171 6.1830570,49.1177080,171 6.1831370,49.1177130,171 6.1832350,49.1177160,171 6.1832730,49.1177170,171 6.1839440,49.1177430,171 6.1846580,49.1177670,172 6.1848150,49.1177720,172 6.1848590,49.1177740,172 6.1848800,49.1177740,172 6.1850040,49.1177790,173 6.1849900,49.1178300,173 6.1850720,49.1178390,173 6.1850790,49.1178090,173 6.1851240,49.1178150,173 6.1851770,49.1178230,173 6.1851900,49.1177950,173 6.1852170,49.1177970,173 6.1853590,49.1178070,173 6.1854350,49.1178220,173 6.1855250,49.1178320,173 6.1855640,49.1178300,173 6.1855250,49.1178320,173 6.1854350,49.1178220,173 6.1853590,49.1178070,173 6.1852170,49.1177970,173 6.1851900,49.1177950,173 6.1851770,49.1178230,173 6.1851240,49.1178150,173 6.1850790,49.1178090,173 6.1850720,49.1178390,173 6.1849900,49.1178300,173 6.1850040,49.1177790,173 6.1848800,49.1177740,172 6.1848590,49.1177740,172 6.1848150,49.1177720,172 6.1846580,49.1177670,172 6.1839440,49.1177430,171 6.1839430,49.1177840,171 6.1838180,49.1180380,171 6.1838050,49.1180600,171 6.1835980,49.1184100,170 6.1834790,49.1186130,169 6.1834600,49.1186450,169 6.1832510,49.1186420,168 6.1829300,49.1186580,168 6.1828390,49.1186620,168 6.1826500,49.1187240,168 6.1825240,49.1189780,166 6.1824950,49.1190310,166 6.1824660,49.1190780,166 6.1822730,49.1194270,167 6.1822620,49.1194450,167 6.1822310,49.1194990,167 6.1821990,49.1195470,167 6.1821800,49.1195770,168 6.1820710,49.1195400,168 6.1820230,49.1195230,168 6.1820140,49.1196400,168 6.1819010,49.1196310,169 6.1818070,49.1197090,172 6.1817620,49.1197780,174 6.1817210,49.1198480,176 6.1816840,49.1198890,177 6.1815980,49.1199260,178 6.1815340,49.1199430,180 6.1814780,49.1199500,180 6.1814270,49.1199460,180 6.1813300,49.1199210,182 6.1812810,49.1198910,182 6.1810860,49.1199180,186 6.1810490,49.1197260,185 6.1810490,49.1197260,185 6.1810860,49.1199180,186 6.1811190,49.1200330,186 6.1811170,49.1200960,186 6.1810370,49.1204380,184 6.1809580,49.1206520,184 6.1808960,49.1207300,185 6.1808430,49.1207690,186 6.1808710,49.1207880,185 6.1810020,49.1208680,183 6.1810120,49.1208740,183 6.1810320,49.1208870,183 6.1805720,49.1211750,185 6.1799360,49.1215330,184 6.1798650,49.1215720,184 6.1798100,49.1215970,184 6.1795310,49.1217330,182 6.1792600,49.1219380,179 6.1791880,49.1219860,179 6.1791010,49.1220380,178 6.1790330,49.1220720,178 6.1789580,49.1221130,177 6.1788690,49.1221460,176 6.1782430,49.1223810,171 6.1781820,49.1224040,170 6.1782880,49.1225230,170 6.1782020,49.1225700,169 6.1781730,49.1225850,168 6.1781550,49.1225990,168 6.1783090,49.1227340,169 6.1785030,49.1229430,166 6.1784720,49.1229670,166 6.1780680,49.1233510,166 6.1780340,49.1233840,166 6.1778470,49.1235620,168 6.1777830,49.1235330,168 6.1777280,49.1235060,168 6.1776520,49.1234760,167 6.1776250,49.1234640,167 6.1775460,49.1234300,166 6.1774600,49.1234180,166 6.1772940,49.1234050,166 6.1770590,49.1233840,166 6.1769730,49.1233860,166 6.1768840,49.1233890,166 6.1769090,49.1232820,166 6.1766660,49.1232560,165 6.1769090,49.1232820,166 6.1768840,49.1233890,166 6.1768060,49.1233980,166 6.1763050,49.1235840,167 6.1762890,49.1236100,167 6.1762280,49.1235980,167 6.1760550,49.1235880,167 6.1759670,49.1235930,168 6.1758440,49.1236340,169 6.1757520,49.1236920,169 6.1755230,49.1238610,168 6.1753750,49.1238240,168 6.1753170,49.1238190,168 6.1753720,49.1236450,168 6.1753400,49.1236400,168 6.1753240,49.1236370,168 6.1753310,49.1236140,168 6.1753000,49.1236080,168 6.1746280,49.1234700,168 6.1745750,49.1234580,168 6.1744700,49.1234340,167 6.1742540,49.1233700,167 6.1740890,49.1232870,167 6.1740630,49.1232810,167 6.1740430,49.1232830,167 6.1733600,49.1236990,168 6.1731140,49.1238630,168 6.1729410,49.1239490,168 6.1728900,49.1239510,168 6.1725340,49.1236420,168 6.1722640,49.1233890,168 6.1721780,49.1233220,168 6.1721210,49.1232560,168 6.1721070,49.1232410,168 6.1718140,49.1227820,168 6.1717850,49.1226660,168 6.1717340,49.1226100,168 6.1717230,49.1225890,168 6.1713550,49.1222140,168 6.1712420,49.1221070,168 6.1710130,49.1219280,169 6.1709690,49.1218840,168 6.1706750,49.1216520,168 6.1705800,49.1215740,168 6.1705670,49.1215610,168 6.1705690,49.1215480,168 6.1705880,49.1215290,168 6.1705610,49.1215130,168 6.1705490,49.1215030,168 6.1708320,49.1213300,167 6.1707930,49.1212700,167 6.1708310,49.1212570,167 6.1700220,49.1200330,169 6.1699880,49.1200060,169 6.1700170,49.1199820,169 6.1700790,49.1199310,169 6.1701490,49.1199050,169 6.1702460,49.1198490,169 6.1702950,49.1198160,169 6.1703950,49.1197510,168 6.1709210,49.1194160,168 6.1709920,49.1193840,170 6.1710220,49.1193900,170 6.1710740,49.1193520,171 6.1711350,49.1193190,171 6.1710840,49.1192770,171 6.1701700,49.1186500,174 6.1698700,49.1182840,176 6.1698680,49.1182570,176 6.1698790,49.1182410,176 6.1699300,49.1182140,176 6.1699080,49.1181960,177 6.1698650,49.1181600,177 6.1698220,49.1181260,178 6.1697690,49.1181440,178 6.1697350,49.1181230,178 6.1693850,49.1178250,177 6.1692620,49.1177110,178 6.1692370,49.1176820,178 6.1691300,49.1174580,178 6.1690670,49.1172730,178 6.1690450,49.1172320,178 6.1690250,49.1171900,178 6.1689920,49.1171220,177 6.1694000,49.1168860,178 6.1695190,49.1168160,179 6.1695940,49.1167820,180 6.1695730,49.1167630,180 6.1701230,49.1164970,182 6.1706320,49.1162500,182 6.1705340,49.1161620,181 6.1705010,49.1161330,181 6.1705480,49.1161050,181 6.1705790,49.1160690,181 6.1705890,49.1160280,181 6.1705780,49.1159870,181 6.1705520,49.1159550,181 6.1705780,49.1159870,181 6.1705890,49.1160280,181 6.1705790,49.1160690,181 6.1705480,49.1161050,181 6.1705010,49.1161330,181 6.1705340,49.1161620,181 6.1706320,49.1162500,182 6.1708900,49.1164880,183 6.1710660,49.1166490,184 6.1711830,49.1168310,184 6.1712460,49.1168730,184 6.1713030,49.1168550,184 6.1713610,49.1168380,184 6.1713770,49.1168540,184 6.1718220,49.1166550,182 6.1724170,49.1163850,180 6.1727720,49.1162270,179 6.1728450,49.1161960,179 6.1731540,49.1160400,178 6.1738750,49.1157030,177 6.1740510,49.1156050,177 6.1740090,49.1155540,177 6.1740250,49.1155380,177 6.1740920,49.1154990,177 6.1741900,49.1154570,177 6.1745290,49.1153320,176 6.1748990,49.1151860,175 6.1750010,49.1151570,175 6.1752220,49.1150830,175 6.1753530,49.1150280,175 6.1756540,49.1148970,174 6.1757900,49.1148400,174 6.1758600,49.1148100,174 6.1759210,49.1147900,174 6.1761630,49.1149200,174 6.1761790,49.1149300,174 6.1763740,49.1150400,174 6.1766270,49.1151930,174 6.1768670,49.1153870,175</coordinates></LineString></Placemark>
  </Folder>
  <Folder><name>Le tour des jardins du centre</name><description>4.4 km. D+ 25 m. 16 % de chemins. Un chapelet de jardins et de places : les Cinq Sens au bord de la Seille, Saint-Thiebault, la tour Camoufle, la Porte Serpenoise, l'Esplanade, l'ile et les Tanneurs. Beaucoup de pave, peu de voitures.</description>
    <Placemark><name>Depart : Rue des Parmentiers, Metz</name><description>Depart des deux boucles vers Borny, dans la Nouvelle Ville. A dix minutes a pied de la gare, dont il partage les commodites.</description><styleUrl>#depart</styleUrl><Point><coordinates>6.1768700,49.1153870,0</coordinates></Point></Placemark>
    <Placemark><name>1. Jardin des Cinq Sens</name><description>Jardin au bord de la Seille, au pied d'Outre-Seille.</description><styleUrl>#etape</styleUrl><Point><coordinates>6.1808580,49.1125690,0</coordinates></Point></Placemark>
    <Placemark><name>2. Place Saint-Thiebault</name><description>Place plantee entre la Nouvelle Ville et la vieille ville.</description><styleUrl>#etape</styleUrl><Point><coordinates>6.1777970,49.1124790,0</coordinates></Point></Placemark>
    <Placemark><name>3. Tour Camoufle</name><description>Tour d'artillerie du XVe siecle, restee seule dans son square.</description><styleUrl>#etape</styleUrl><Point><coordinates>6.1735780,49.1120470,0</coordinates></Point></Placemark>
    <Placemark><name>4. Porte Serpenoise</name><description>Porte de l'enceinte et entree du quartier imperial.</description><styleUrl>#etape</styleUrl><Point><coordinates>6.1710240,49.1125700,0</coordinates></Point></Placemark>
    <Placemark><name>5. Jardin de l'Esplanade</name><description>Terrasse au-dessus de la Moselle, vue sur le Mont Saint-Quentin.</description><styleUrl>#etape</styleUrl><Point><coordinates>6.1705190,49.1159680,0</coordinates></Point></Placemark>
    <Placemark><name>6. Temple Neuf et le Moyen Pont</name><description>Pointe de l'ile du Petit-Saulcy, entre les deux bras de la Moselle ; la vue sur la cathedrale et le plan d'eau.</description><styleUrl>#etape</styleUrl><Point><coordinates>6.1703820,49.1197430,0</coordinates></Point></Placemark>
    <Placemark><name>7. Jardin des Tanneurs</name><description>Jardin en terrasses sur le flanc de la colline Sainte-Croix.</description><styleUrl>#etape</styleUrl><Point><coordinates>6.1811210,49.1197080,0</coordinates></Point></Placemark>
    <Style id="t18"><LineStyle><color>ffB5651D</color><width>4</width></LineStyle></Style>
    <Placemark><name>Le tour des jardins du centre</name><description>4.4 km. D+ 25 m. 16 % de chemins. Un chapelet de jardins et de places : les Cinq Sens au bord de la Seille, Saint-Thiebault, la tour Camoufle, la Porte Serpenoise, l'Esplanade, l'ile et les Tanneurs. Beaucoup de pave, peu de voitures.</description><styleUrl>#t18</styleUrl><LineString><tessellate>1</tessellate><coordinates>6.1768670,49.1153870,174 6.1766270,49.1151930,174 6.1763740,49.1150400,174 6.1761790,49.1149300,174 6.1761630,49.1149200,174 6.1759210,49.1147900,174 6.1763650,49.1146430,174 6.1766400,49.1145180,174 6.1770090,49.1143590,174 6.1771560,49.1143000,173 6.1773110,49.1142490,172 6.1780590,49.1140180,171 6.1780930,49.1140020,171 6.1781230,49.1139770,171 6.1781770,49.1139240,171 6.1782120,49.1138680,171 6.1782300,49.1138140,171 6.1782480,49.1136600,171 6.1782470,49.1135520,171 6.1783930,49.1135600,171 6.1789930,49.1136090,170 6.1793320,49.1136390,170 6.1794180,49.1136460,170 6.1794280,49.1136070,170 6.1795760,49.1129310,170 6.1795880,49.1128750,170 6.1796210,49.1128890,170 6.1796520,49.1128910,170 6.1797120,49.1128980,170 6.1797320,49.1128560,170 6.1797370,49.1128460,170 6.1802370,49.1128010,171 6.1802470,49.1127800,171 6.1803200,49.1126310,171 6.1804140,49.1124470,171 6.1804620,49.1124580,171 6.1806160,49.1124910,171 6.1807260,49.1125150,171 6.1808440,49.1125400,171 6.1808700,49.1125450,171 6.1808440,49.1125400,171 6.1807260,49.1125150,171 6.1806160,49.1124910,171 6.1804620,49.1124580,171 6.1804140,49.1124470,171 6.1803200,49.1126310,171 6.1802470,49.1127800,171 6.1802370,49.1128010,171 6.1797370,49.1128460,170 6.1797320,49.1128560,170 6.1797120,49.1128980,170 6.1796520,49.1128910,170 6.1796210,49.1128890,170 6.1795880,49.1128750,170 6.1795410,49.1128650,170 6.1794990,49.1128570,170 6.1786070,49.1126580,171 6.1785480,49.1126550,171 6.1785130,49.1126550,171 6.1784890,49.1126550,171 6.1784660,49.1126560,171 6.1784460,49.1126560,171 6.1781040,49.1126630,172 6.1778090,49.1126710,172 6.1775780,49.1126780,172 6.1774530,49.1126810,172 6.1774310,49.1122940,172 6.1772580,49.1122980,172 6.1771920,49.1123000,172 6.1771020,49.1123020,172 6.1770720,49.1122290,173 6.1769520,49.1122330,173 6.1755780,49.1122740,174 6.1753690,49.1122810,174 6.1753090,49.1122820,175 6.1751970,49.1122860,175 6.1750260,49.1122900,175 6.1747190,49.1122970,175 6.1739750,49.1123150,176 6.1739720,49.1122850,176 6.1737930,49.1122910,176 6.1737760,49.1122310,176 6.1737030,49.1121700,176 6.1736710,49.1121590,176 6.1736740,49.1121520,176 6.1737350,49.1120680,176 6.1737300,49.1120430,176 6.1736170,49.1120600,176 6.1735910,49.1120670,176 6.1735460,49.1120800,176 6.1735310,49.1120850,176 6.1734810,49.1120320,176 6.1733320,49.1120540,176 6.1733200,49.1120370,176 6.1731800,49.1118340,177 6.1731100,49.1118360,178 6.1730530,49.1118370,178 6.1729940,49.1118390,178 6.1729500,49.1118320,178 6.1727660,49.1118380,178 6.1724620,49.1118440,178 6.1721800,49.1118590,178 6.1720630,49.1118670,178 6.1720060,49.1118690,179 6.1719490,49.1118710,179 6.1718930,49.1118750,179 6.1718640,49.1118860,179 6.1718470,49.1119410,179 6.1715740,49.1124670,179 6.1714820,49.1127150,179 6.1714510,49.1126410,179 6.1713900,49.1126080,179 6.1713390,49.1126000,179 6.1712580,49.1126150,179 6.1712220,49.1126210,179 6.1710280,49.1126610,180 6.1709540,49.1126780,180 6.1708420,49.1125650,180 6.1709400,49.1125100,180 6.1708420,49.1125650,180 6.1709540,49.1126780,180 6.1709230,49.1126850,180 6.1705260,49.1128590,182 6.1698040,49.1131750,184 6.1698650,49.1132330,184 6.1699260,49.1132880,184 6.1700250,49.1133830,184 6.1699210,49.1134290,184 6.1698290,49.1134710,184 6.1699850,49.1136280,184 6.1700850,49.1137230,184 6.1701490,49.1137830,184 6.1702220,49.1138720,184 6.1702640,49.1139140,184 6.1704740,49.1141240,183 6.1704820,49.1141330,183 6.1704760,49.1141350,183 6.1711700,49.1148170,183 6.1705820,49.1150760,184 6.1704660,49.1151270,184 6.1705130,49.1151720,184 6.1707310,49.1153780,182 6.1708020,49.1154460,182 6.1701110,49.1157780,182 6.1702420,49.1158950,181 6.1702820,49.1159310,181 6.1703340,49.1159120,181 6.1703910,49.1159050,181 6.1704500,49.1159090,181 6.1705030,49.1159250,181 6.1705470,49.1159500,181 6.1705520,49.1159550,181 6.1705780,49.1159870,181 6.1705890,49.1160280,181 6.1705790,49.1160690,181 6.1705480,49.1161050,181 6.1705010,49.1161330,181 6.1705340,49.1161620,181 6.1706320,49.1162500,182 6.1701230,49.1164970,182 6.1695730,49.1167630,180 6.1695940,49.1167820,180 6.1695190,49.1168160,179 6.1694000,49.1168860,178 6.1689920,49.1171220,177 6.1690250,49.1171900,178 6.1690450,49.1172320,178 6.1690670,49.1172730,178 6.1691300,49.1174580,178 6.1692370,49.1176820,178 6.1692620,49.1177110,178 6.1693850,49.1178250,177 6.1697350,49.1181230,178 6.1697690,49.1181440,178 6.1698220,49.1181260,178 6.1698650,49.1181600,177 6.1699080,49.1181960,177 6.1699300,49.1182140,176 6.1698790,49.1182410,176 6.1698680,49.1182570,176 6.1698700,49.1182840,176 6.1701700,49.1186500,174 6.1710840,49.1192770,171 6.1711350,49.1193190,171 6.1710740,49.1193520,171 6.1710220,49.1193900,170 6.1709920,49.1193840,170 6.1709210,49.1194160,168 6.1703950,49.1197510,169 6.1709210,49.1194160,168 6.1709920,49.1193840,170 6.1710220,49.1193900,170 6.1710740,49.1193520,171 6.1711350,49.1193190,171 6.1714050,49.1195320,169 6.1714690,49.1195690,169 6.1715220,49.1195940,169 6.1716300,49.1195680,170 6.1718770,49.1195100,172 6.1719990,49.1194610,173 6.1725390,49.1193330,175 6.1729180,49.1192400,177 6.1733120,49.1191420,177 6.1735250,49.1190890,178 6.1739480,49.1188890,179 6.1740430,49.1188490,180 6.1745370,49.1186870,181 6.1749220,49.1190360,179 6.1752560,49.1193260,179 6.1753130,49.1193750,179 6.1753220,49.1193830,179 6.1753270,49.1193870,179 6.1756690,49.1192030,180 6.1756990,49.1191870,179 6.1757930,49.1192620,179 6.1758400,49.1192410,179 6.1761840,49.1190890,180 6.1770120,49.1187220,180 6.1772290,49.1186240,179 6.1776690,49.1184260,178 6.1778530,49.1183460,176 6.1782050,49.1181960,175 6.1782290,49.1181860,175 6.1783700,49.1181330,174 6.1783920,49.1181250,174 6.1786790,49.1180060,172 6.1789700,49.1182550,175 6.1790430,49.1182940,175 6.1791780,49.1183470,176 6.1796690,49.1187190,179 6.1801890,49.1190470,182 6.1802250,49.1190840,182 6.1802320,49.1190910,183 6.1802650,49.1191110,183 6.1808770,49.1194930,184 6.1809510,49.1195530,184 6.1809840,49.1195870,184 6.1810270,49.1196650,184 6.1810460,49.1197180,185 6.1810270,49.1196650,184 6.1809840,49.1195870,184 6.1809510,49.1195530,184 6.1808770,49.1194930,184 6.1802650,49.1191110,183 6.1802320,49.1190910,183 6.1802250,49.1190840,182 6.1802800,49.1190490,180 6.1801660,49.1189750,179 6.1799970,49.1188430,179 6.1797530,49.1186860,177 6.1795320,49.1185250,176 6.1792720,49.1183150,174 6.1791940,49.1182250,174 6.1791880,49.1181960,173 6.1792020,49.1181300,172 6.1790380,49.1179930,171 6.1789490,49.1178980,171 6.1789720,49.1178900,171 6.1789290,49.1178450,171 6.1788930,49.1178150,171 6.1789600,49.1176310,171 6.1789720,49.1175980,171 6.1789760,49.1175840,171 6.1790180,49.1174570,171 6.1789830,49.1172960,170 6.1789550,49.1171380,170 6.1788700,49.1167480,170 6.1788320,49.1167490,170 6.1787960,49.1167550,170 6.1785530,49.1167900,172 6.1782950,49.1168450,173 6.1780910,49.1168970,173 6.1779150,49.1166880,174 6.1776850,49.1164140,174 6.1776540,49.1163770,174 6.1776130,49.1163200,174 6.1775060,49.1161750,174 6.1774070,49.1160140,174 6.1772820,49.1158090,174 6.1770330,49.1155220,175 6.1768670,49.1153870,174</coordinates></LineString></Placemark>
  </Folder>
  <Folder><name>Le tour du Sablon</name><description>5.1 km. D+ 8 m. 27 % de chemins. Plein sud derriere la gare, la traversee du Sablon jusqu'a son square central, le retour par le jardin Keune et le quartier de l'Amphitheatre. Plate de bout en bout, et la moins bitumee du lot avec la Cheneau.</description>
    <Placemark><name>Depart : Rue des Parmentiers, Metz</name><description>Depart des deux boucles vers Borny, dans la Nouvelle Ville. A dix minutes a pied de la gare, dont il partage les commodites.</description><styleUrl>#depart</styleUrl><Point><coordinates>6.1768700,49.1153870,0</coordinates></Point></Placemark>
    <Placemark><name>1. Gare de Metz, parvis</name><description>Point de ralliement des boucles a pied : a moins d'un quart d'heure de marche pour tout le monde. Abrite, cafe ouvert tot, toilettes.</description><styleUrl>#etape</styleUrl><Point><coordinates>6.1770130,49.1092770,0</coordinates></Point></Placemark>
    <Placemark><name>2. Place Jean Moulin</name><description>Entre la gare et le Sablon, sous les platanes.</description><styleUrl>#etape</styleUrl><Point><coordinates>6.1696860,49.1078690,0</coordinates></Point></Placemark>
    <Placemark><name>3. Square Loiseau de Persuis, Sablon</name><description>Coeur du Sablon, a mi-chemin entre la gare et les roselieres.</description><styleUrl>#etape</styleUrl><Point><coordinates>6.1783190,49.1007230,0</coordinates></Point></Placemark>
    <Placemark><name>4. Jardin Jean-Baptiste Keune</name><description>Jardin du Sablon nord, a deux pas de la Seille.</description><styleUrl>#etape</styleUrl><Point><coordinates>6.1809620,49.1087550,0</coordinates></Point></Placemark>
    <Placemark><name>5. Parvis de l'Amphitheatre</name><description>Le quartier neuf derriere la gare, Centre Pompidou et esplanade.</description><styleUrl>#etape</styleUrl><Point><coordinates>6.1796580,49.1086850,0</coordinates></Point></Placemark>
    <Style id="t19"><LineStyle><color>ff5D5FA6</color><width>4</width></LineStyle></Style>
    <Placemark><name>Le tour du Sablon</name><description>5.1 km. D+ 8 m. 27 % de chemins. Plein sud derriere la gare, la traversee du Sablon jusqu'a son square central, le retour par le jardin Keune et le quartier de l'Amphitheatre. Plate de bout en bout, et la moins bitumee du lot avec la Cheneau.</description><styleUrl>#t19</styleUrl><LineString><tessellate>1</tessellate><coordinates>6.1768670,49.1153870,174 6.1766270,49.1151930,174 6.1763740,49.1150400,174 6.1761790,49.1149300,174 6.1761630,49.1149200,174 6.1759210,49.1147900,174 6.1763650,49.1146430,174 6.1766400,49.1145180,174 6.1770090,49.1143590,174 6.1769710,49.1143230,174 6.1769480,49.1143010,174 6.1768800,49.1142300,174 6.1768190,49.1141940,174 6.1764480,49.1140080,174 6.1763770,49.1139730,174 6.1764170,49.1139380,174 6.1765460,49.1138400,174 6.1766900,49.1137550,173 6.1771290,49.1134950,172 6.1772320,49.1134340,172 6.1772110,49.1134190,172 6.1771580,49.1133810,172 6.1770930,49.1133110,172 6.1770840,49.1131200,173 6.1770730,49.1128790,172 6.1770910,49.1128480,172 6.1771630,49.1127910,172 6.1771240,49.1126890,172 6.1771060,49.1126360,172 6.1770810,49.1123240,172 6.1771020,49.1123020,172 6.1770720,49.1122290,173 6.1770620,49.1121780,173 6.1770570,49.1121110,173 6.1770450,49.1120240,173 6.1770250,49.1118110,173 6.1770220,49.1117780,173 6.1770240,49.1117430,174 6.1770900,49.1117400,173 6.1771600,49.1117280,173 6.1771580,49.1116960,173 6.1771560,49.1116650,173 6.1771560,49.1116320,173 6.1771550,49.1115790,173 6.1771530,49.1114960,174 6.1771520,49.1114620,174 6.1771540,49.1114050,174 6.1771150,49.1113850,174 6.1771080,49.1113740,174 6.1771340,49.1109830,174 6.1771360,49.1107120,174 6.1771460,49.1106040,174 6.1771470,49.1105950,174 6.1771500,49.1105680,174 6.1770570,49.1105310,174 6.1769460,49.1104880,174 6.1769440,49.1104060,174 6.1766380,49.1102540,174 6.1766610,49.1102330,174 6.1767370,49.1101660,174 6.1767800,49.1101280,174 6.1769620,49.1100150,174 6.1770100,49.1099770,174 6.1770060,49.1099000,176 6.1770370,49.1098720,176 6.1771340,49.1097880,178 6.1773040,49.1096300,180 6.1773630,49.1095730,180 6.1773130,49.1095400,180 6.1772910,49.1095290,180 6.1771660,49.1094690,180 6.1771030,49.1094370,180 6.1771540,49.1093930,180 6.1769770,49.1093080,179 6.1765920,49.1091220,179 6.1765400,49.1091670,180 6.1764790,49.1091390,180 6.1762850,49.1090450,179 6.1762620,49.1090320,178 6.1762350,49.1090190,178 6.1761690,49.1090760,177 6.1760960,49.1091370,175 6.1760650,49.1091610,175 6.1760490,49.1091720,175 6.1759730,49.1091660,174 6.1758440,49.1092560,174 6.1758030,49.1092890,174 6.1757580,49.1093300,174 6.1757300,49.1093560,174 6.1756340,49.1094440,174 6.1756210,49.1094570,174 6.1753340,49.1093130,174 6.1752600,49.1093750,174 6.1752270,49.1094030,174 6.1751360,49.1094540,174 6.1751030,49.1094600,174 6.1750130,49.1095390,174 6.1750190,49.1095960,174 6.1749180,49.1096070,174 6.1748670,49.1096290,174 6.1748320,49.1096440,174 6.1747000,49.1097500,174 6.1745680,49.1096860,174 6.1745530,49.1096790,174 6.1744660,49.1096410,175 6.1744130,49.1096880,175 6.1741380,49.1099240,176 6.1741120,49.1099470,176 6.1740600,49.1100180,176 6.1740290,49.1100630,176 6.1735790,49.1099000,177 6.1733500,49.1098310,177 6.1729210,49.1096810,177 6.1723610,49.1094780,178 6.1722980,49.1094480,178 6.1722150,49.1094090,178 6.1720080,49.1092860,178 6.1719840,49.1092630,178 6.1719040,49.1091960,178 6.1718670,49.1091630,178 6.1716300,49.1089980,178 6.1715880,49.1089750,178 6.1714790,49.1089240,178 6.1714090,49.1088790,179 6.1704250,49.1081770,179 6.1701330,49.1079630,180 6.1700720,49.1079070,180 6.1699800,49.1078770,180 6.1700040,49.1078380,180 6.1699340,49.1078210,180 6.1698820,49.1078500,180 6.1697010,49.1078950,180 6.1698820,49.1078500,180 6.1699340,49.1078210,180 6.1700040,49.1078380,180 6.1700350,49.1077910,180 6.1700830,49.1077930,180 6.1701120,49.1077220,179 6.1702880,49.1076120,179 6.1706880,49.1074150,178 6.1708630,49.1073320,177 6.1709870,49.1072650,176 6.1710810,49.1072140,176 6.1712710,49.1070920,175 6.1712940,49.1070750,175 6.1713580,49.1070220,174 6.1714290,49.1069720,174 6.1714830,49.1069560,174 6.1718210,49.1069160,174 6.1718510,49.1069120,174 6.1719980,49.1068260,176 6.1731630,49.1060800,173 6.1733290,49.1060870,173 6.1736080,49.1059220,173 6.1736760,49.1058830,173 6.1738270,49.1057910,173 6.1738880,49.1057270,173 6.1739850,49.1056560,173 6.1739660,49.1056330,173 6.1739560,49.1056220,173 6.1739750,49.1056050,173 6.1739860,49.1055820,173 6.1739830,49.1055530,173 6.1739600,49.1055220,173 6.1739860,49.1055070,173 6.1740200,49.1054840,173 6.1740400,49.1054700,173 6.1740510,49.1054580,173 6.1740580,49.1054380,173 6.1740690,49.1054060,173 6.1740930,49.1053930,173 6.1741400,49.1054080,173 6.1741950,49.1054020,173 6.1742350,49.1053830,173 6.1742480,49.1053570,173 6.1744230,49.1042650,173 6.1744460,49.1042610,173 6.1745000,49.1042630,173 6.1745550,49.1042650,173 6.1745660,49.1042440,173 6.1746000,49.1042260,173 6.1746320,49.1042190,173 6.1746370,49.1041830,173 6.1746450,49.1041450,173 6.1746230,49.1041280,173 6.1746170,49.1041020,173 6.1747950,49.1035590,174 6.1748070,49.1035360,174 6.1748330,49.1035270,174 6.1748330,49.1035200,174 6.1748410,49.1034990,174 6.1748550,49.1034570,174 6.1748580,49.1034480,174 6.1748400,49.1034390,174 6.1748350,49.1034210,174 6.1749220,49.1031870,174 6.1749420,49.1031500,174 6.1749990,49.1031190,174 6.1749970,49.1031070,174 6.1750040,49.1030700,174 6.1752040,49.1030860,173 6.1756760,49.1030180,173 6.1757880,49.1030090,172 6.1758930,49.1030110,172 6.1761280,49.1030340,173 6.1762900,49.1030470,173 6.1767650,49.1030860,172 6.1767770,49.1030280,172 6.1768220,49.1030300,172 6.1768370,49.1030270,172 6.1768740,49.1030420,172 6.1769220,49.1030510,172 6.1773880,49.1030940,171 6.1774430,49.1030910,171 6.1774970,49.1030750,171 6.1774810,49.1030510,171 6.1775400,49.1030470,171 6.1775700,49.1030450,171 6.1776270,49.1030400,171 6.1776920,49.1030350,171 6.1776380,49.1027410,170 6.1776830,49.1026450,170 6.1776480,49.1022740,170 6.1776420,49.1018880,170 6.1776640,49.1018880,170 6.1779130,49.1019090,170 6.1779230,49.1018740,170 6.1780250,49.1018440,170 6.1781700,49.1018430,170 6.1782910,49.1018260,170 6.1783480,49.1018310,170 6.1783560,49.1017870,170 6.1785460,49.1017870,170 6.1785300,49.1016580,170 6.1785380,49.1015960,170 6.1785020,49.1015950,170 6.1785090,49.1015640,170 6.1785170,49.1015260,170 6.1785510,49.1013740,170 6.1783980,49.1013600,170 6.1783810,49.1013060,170 6.1783960,49.1012490,170 6.1783840,49.1012250,170 6.1782930,49.1010420,170 6.1783260,49.1009210,170 6.1783510,49.1007190,170 6.1783200,49.1007150,170 6.1783510,49.1007190,170 6.1783260,49.1009210,170 6.1782930,49.1010420,170 6.1783840,49.1012250,170 6.1783960,49.1012490,170 6.1783810,49.1013060,170 6.1783980,49.1013600,170 6.1785510,49.1013740,170 6.1785170,49.1015260,170 6.1785090,49.1015640,170 6.1785020,49.1015950,170 6.1785380,49.1015960,170 6.1785300,49.1016580,170 6.1785460,49.1017870,170 6.1788010,49.1018110,170 6.1790490,49.1018330,170 6.1793020,49.1018600,170 6.1795110,49.1018780,170 6.1795410,49.1018810,170 6.1795740,49.1018840,170 6.1797050,49.1018270,170 6.1797650,49.1018070,170 6.1798120,49.1018490,170 6.1798110,49.1018780,170 6.1799110,49.1018840,170 6.1799990,49.1018890,170 6.1799840,49.1020120,170 6.1799980,49.1020440,170 6.1799510,49.1023310,170 6.1799340,49.1023620,169 6.1799180,49.1025050,169 6.1799380,49.1025230,169 6.1799300,49.1025300,169 6.1799250,49.1025700,169 6.1803190,49.1025790,170 6.1818510,49.1026200,172 6.1819780,49.1026230,172 6.1819930,49.1027860,172 6.1820040,49.1030720,172 6.1820050,49.1031530,172 6.1820070,49.1033510,172 6.1819930,49.1036840,172 6.1819880,49.1037640,172 6.1819810,49.1038910,172 6.1819740,49.1039690,172 6.1819320,49.1043440,172 6.1819300,49.1043830,172 6.1819280,49.1044030,172 6.1819130,49.1045080,172 6.1819020,49.1045730,172 6.1818840,49.1046720,172 6.1818810,49.1046890,172 6.1818760,49.1047200,172 6.1818050,49.1050690,172 6.1816430,49.1057050,172 6.1815950,49.1058700,172 6.1815530,49.1060100,171 6.1814470,49.1062990,172 6.1814070,49.1064070,172 6.1813460,49.1065720,172 6.1812990,49.1066870,172 6.1811590,49.1070190,171 6.1810180,49.1073040,171 6.1810020,49.1073370,171 6.1809940,49.1073540,171 6.1809560,49.1074440,171 6.1809340,49.1075370,171 6.1808530,49.1076600,171 6.1808270,49.1076940,171 6.1806690,49.1079530,171 6.1807420,49.1080150,171 6.1807860,49.1081780,171 6.1807890,49.1083370,172 6.1807900,49.1083910,172 6.1807970,49.1086520,171 6.1808150,49.1087640,171 6.1807970,49.1086520,171 6.1806390,49.1088460,172 6.1803450,49.1086530,172 6.1802700,49.1086080,172 6.1802240,49.1085810,172 6.1801950,49.1085640,172 6.1801710,49.1085990,172 6.1801210,49.1086420,172 6.1801050,49.1086560,172 6.1800720,49.1086810,172 6.1800320,49.1087070,172 6.1800090,49.1087230,172 6.1799530,49.1086990,172 6.1797750,49.1085960,172 6.1799530,49.1086990,172 6.1800090,49.1087230,172 6.1800320,49.1087070,172 6.1800720,49.1086810,172 6.1802210,49.1087830,172 6.1801550,49.1088080,172 6.1801180,49.1088420,172 6.1800570,49.1089470,172 6.1801370,49.1089690,172 6.1801890,49.1089850,173 6.1801350,49.1090570,173 6.1798980,49.1094690,173 6.1790850,49.1108380,172 6.1790420,49.1109020,172 6.1790250,49.1109300,172 6.1791430,49.1109830,172 6.1790440,49.1110830,172 6.1790080,49.1111160,172 6.1789390,49.1111550,172 6.1789100,49.1112790,172 6.1788200,49.1115270,172 6.1788020,49.1115870,172 6.1787750,49.1116760,172 6.1787570,49.1117320,172 6.1787390,49.1117920,172 6.1787140,49.1118060,172 6.1786900,49.1118380,172 6.1786240,49.1118290,172 6.1785990,49.1118250,172 6.1785410,49.1118160,172 6.1784030,49.1122030,172 6.1784020,49.1122710,172 6.1784370,49.1123030,172 6.1784750,49.1123560,172 6.1784690,49.1125250,171 6.1784690,49.1125350,171 6.1784850,49.1126330,171 6.1784890,49.1126550,171 6.1784930,49.1126750,171 6.1785190,49.1127060,171 6.1785030,49.1128520,171 6.1784810,49.1129500,171 6.1784310,49.1132230,171 6.1784080,49.1133240,171 6.1783750,49.1133740,171 6.1783200,49.1134780,171 6.1782470,49.1135520,171 6.1782480,49.1136600,171 6.1782300,49.1138140,171 6.1782120,49.1138680,171 6.1781770,49.1139240,171 6.1781230,49.1139770,171 6.1780930,49.1140020,171 6.1780590,49.1140180,171 6.1773110,49.1142490,172 6.1771560,49.1143000,173 6.1770090,49.1143590,174 6.1766400,49.1145180,174 6.1763650,49.1146430,174 6.1759210,49.1147900,174 6.1761630,49.1149200,174 6.1761790,49.1149300,174 6.1763740,49.1150400,174 6.1766270,49.1151930,174 6.1768670,49.1153870,175</coordinates></LineString></Placemark>
  </Folder>
  <Folder><name>La Seille et le Sablon</name><description>4.9 km. D+ 10 m. 29 % de chemins. La descente vers le Sablon, puis la remontee par les jardins Pelt et le parc de la Seille : on rentre le long de l'eau, a plat et sur l'herbe.</description>
    <Placemark><name>Depart : Rue des Parmentiers, Metz</name><description>Depart des deux boucles vers Borny, dans la Nouvelle Ville. A dix minutes a pied de la gare, dont il partage les commodites.</description><styleUrl>#depart</styleUrl><Point><coordinates>6.1768700,49.1153870,0</coordinates></Point></Placemark>
    <Placemark><name>1. Gare de Metz, parvis</name><description>Point de ralliement des boucles a pied : a moins d'un quart d'heure de marche pour tout le monde. Abrite, cafe ouvert tot, toilettes.</description><styleUrl>#etape</styleUrl><Point><coordinates>6.1770130,49.1092770,0</coordinates></Point></Placemark>
    <Placemark><name>2. Square Loiseau de Persuis, Sablon</name><description>Coeur du Sablon, a mi-chemin entre la gare et les roselieres.</description><styleUrl>#etape</styleUrl><Point><coordinates>6.1783190,49.1007230,0</coordinates></Point></Placemark>
    <Placemark><name>3. Jardins Jean-Marie Pelt</name><description>Prolongement sud du parc de la Seille, prairies et passerelles.</description><styleUrl>#etape</styleUrl><Point><coordinates>6.1857570,49.1065930,0</coordinates></Point></Placemark>
    <Placemark><name>4. Parc de la Seille</name><description>Prairies humides et roselieres au bord de la Seille. Herons.</description><styleUrl>#etape</styleUrl><Point><coordinates>6.1849680,49.1066100,0</coordinates></Point></Placemark>
    <Style id="t20"><LineStyle><color>ff7C6A3F</color><width>4</width></LineStyle></Style>
    <Placemark><name>La Seille et le Sablon</name><description>4.9 km. D+ 10 m. 29 % de chemins. La descente vers le Sablon, puis la remontee par les jardins Pelt et le parc de la Seille : on rentre le long de l'eau, a plat et sur l'herbe.</description><styleUrl>#t20</styleUrl><LineString><tessellate>1</tessellate><coordinates>6.1768670,49.1153870,174 6.1766270,49.1151930,174 6.1763740,49.1150400,174 6.1761790,49.1149300,174 6.1761630,49.1149200,174 6.1759210,49.1147900,174 6.1763650,49.1146430,174 6.1766400,49.1145180,174 6.1770090,49.1143590,174 6.1769710,49.1143230,174 6.1769480,49.1143010,174 6.1768800,49.1142300,174 6.1768190,49.1141940,174 6.1764480,49.1140080,174 6.1763770,49.1139730,174 6.1764170,49.1139380,174 6.1765460,49.1138400,174 6.1766900,49.1137550,173 6.1771290,49.1134950,172 6.1772320,49.1134340,172 6.1772110,49.1134190,172 6.1771580,49.1133810,172 6.1770930,49.1133110,172 6.1770840,49.1131200,173 6.1770730,49.1128790,172 6.1770910,49.1128480,172 6.1771630,49.1127910,172 6.1771240,49.1126890,172 6.1771060,49.1126360,172 6.1770810,49.1123240,172 6.1771020,49.1123020,172 6.1770720,49.1122290,173 6.1770620,49.1121780,173 6.1770570,49.1121110,173 6.1770450,49.1120240,173 6.1770250,49.1118110,173 6.1770220,49.1117780,173 6.1770240,49.1117430,174 6.1770900,49.1117400,173 6.1771600,49.1117280,173 6.1771580,49.1116960,173 6.1771560,49.1116650,173 6.1771560,49.1116320,173 6.1771550,49.1115790,173 6.1771530,49.1114960,174 6.1771520,49.1114620,174 6.1771540,49.1114050,174 6.1771150,49.1113850,174 6.1771080,49.1113740,174 6.1771340,49.1109830,174 6.1771360,49.1107120,174 6.1771460,49.1106040,174 6.1771470,49.1105950,174 6.1771500,49.1105680,174 6.1770570,49.1105310,174 6.1769460,49.1104880,174 6.1769440,49.1104060,174 6.1766380,49.1102540,174 6.1766610,49.1102330,174 6.1767370,49.1101660,174 6.1767800,49.1101280,174 6.1769620,49.1100150,174 6.1770100,49.1099770,174 6.1770060,49.1099000,176 6.1770370,49.1098720,176 6.1771340,49.1097880,178 6.1773040,49.1096300,180 6.1773630,49.1095730,180 6.1773130,49.1095400,180 6.1772910,49.1095290,180 6.1771660,49.1094690,180 6.1771030,49.1094370,180 6.1771540,49.1093930,180 6.1769770,49.1093080,179 6.1771540,49.1093930,180 6.1771030,49.1094370,180 6.1771660,49.1094690,180 6.1772910,49.1095290,180 6.1773130,49.1095400,180 6.1773630,49.1095730,180 6.1774310,49.1096070,180 6.1774510,49.1095900,180 6.1776440,49.1094230,179 6.1777310,49.1093450,179 6.1778550,49.1092350,179 6.1779350,49.1091650,179 6.1781230,49.1090000,179 6.1785370,49.1086340,176 6.1785780,49.1085970,176 6.1789650,49.1086370,174 6.1790320,49.1086290,174 6.1792300,49.1086030,172 6.1794770,49.1085900,172 6.1795900,49.1084890,172 6.1796210,49.1084460,172 6.1796610,49.1084180,172 6.1794600,49.1082810,172 6.1791090,49.1080580,170 6.1792220,49.1079530,172 6.1792570,49.1078480,174 6.1791630,49.1078230,175 6.1791290,49.1077910,175 6.1791160,49.1077560,175 6.1791480,49.1075750,174 6.1791580,49.1075590,174 6.1791790,49.1075560,174 6.1791850,49.1075080,174 6.1791920,49.1074580,173 6.1791970,49.1074210,173 6.1791980,49.1074090,172 6.1792010,49.1073880,172 6.1793030,49.1073940,172 6.1793070,49.1073610,172 6.1793120,49.1073310,171 6.1793180,49.1072870,171 6.1793190,49.1072750,170 6.1792880,49.1072430,170 6.1792830,49.1072120,170 6.1792680,49.1072110,170 6.1792250,49.1072090,170 6.1791730,49.1072070,170 6.1791320,49.1072050,170 6.1791450,49.1071530,170 6.1791200,49.1071560,170 6.1790740,49.1071570,170 6.1785570,49.1071240,170 6.1784740,49.1071130,170 6.1784050,49.1070880,170 6.1782550,49.1070150,170 6.1780970,49.1069090,170 6.1789090,49.1064410,169 6.1789310,49.1064140,169 6.1789930,49.1059670,169 6.1789410,49.1059530,169 6.1788870,49.1059190,169 6.1786500,49.1056310,169 6.1786180,49.1055780,169 6.1785940,49.1055450,169 6.1785480,49.1054960,169 6.1785180,49.1054540,170 6.1784870,49.1054230,170 6.1784140,49.1053480,170 6.1783100,49.1051920,170 6.1782230,49.1050560,170 6.1781960,49.1049330,170 6.1781740,49.1048840,170 6.1781140,49.1047660,170 6.1780890,49.1047120,170 6.1780570,49.1046950,170 6.1780210,49.1046760,170 6.1779900,49.1046160,170 6.1779200,49.1044620,170 6.1778990,49.1044200,170 6.1778950,49.1043880,170 6.1778780,49.1043410,170 6.1778640,49.1043220,170 6.1777970,49.1041410,170 6.1777560,49.1040230,170 6.1777200,49.1038950,170 6.1776890,49.1037880,170 6.1776620,49.1036890,170 6.1776350,49.1035970,170 6.1776090,49.1035040,170 6.1775870,49.1033650,171 6.1775940,49.1033310,171 6.1775570,49.1032330,171 6.1775890,49.1032280,171 6.1776180,49.1032230,171 6.1776760,49.1032170,171 6.1777360,49.1032110,171 6.1776920,49.1030350,171 6.1776380,49.1027410,170 6.1776830,49.1026450,170 6.1776480,49.1022740,170 6.1776420,49.1018880,170 6.1776640,49.1018880,170 6.1779130,49.1019090,170 6.1779230,49.1018740,170 6.1780250,49.1018440,170 6.1781700,49.1018430,170 6.1782910,49.1018260,170 6.1783480,49.1018310,170 6.1783560,49.1017870,170 6.1785460,49.1017870,170 6.1785300,49.1016580,170 6.1785380,49.1015960,170 6.1785020,49.1015950,170 6.1785090,49.1015640,170 6.1785170,49.1015260,170 6.1785510,49.1013740,170 6.1783980,49.1013600,170 6.1783810,49.1013060,170 6.1783960,49.1012490,170 6.1783840,49.1012250,170 6.1782930,49.1010420,170 6.1783260,49.1009210,170 6.1783510,49.1007190,170 6.1783200,49.1007150,170 6.1783510,49.1007190,170 6.1783260,49.1009210,170 6.1782930,49.1010420,170 6.1783840,49.1012250,170 6.1783960,49.1012490,170 6.1783810,49.1013060,170 6.1783980,49.1013600,170 6.1785510,49.1013740,170 6.1785170,49.1015260,170 6.1785090,49.1015640,170 6.1785020,49.1015950,170 6.1785380,49.1015960,170 6.1785300,49.1016580,170 6.1785460,49.1017870,170 6.1788010,49.1018110,170 6.1790490,49.1018330,170 6.1793020,49.1018600,170 6.1795110,49.1018780,170 6.1795410,49.1018810,170 6.1795740,49.1018840,170 6.1797050,49.1018270,170 6.1797650,49.1018070,170 6.1798120,49.1018490,170 6.1798110,49.1018780,170 6.1799110,49.1018840,170 6.1799990,49.1018890,170 6.1799840,49.1020120,170 6.1799980,49.1020440,170 6.1799510,49.1023310,170 6.1799340,49.1023620,169 6.1799180,49.1025050,169 6.1799380,49.1025230,169 6.1799300,49.1025300,169 6.1799250,49.1025700,169 6.1803190,49.1025790,170 6.1818510,49.1026200,172 6.1819780,49.1026230,172 6.1819930,49.1027860,172 6.1820040,49.1030720,172 6.1820050,49.1031530,172 6.1820070,49.1033510,172 6.1819930,49.1036840,172 6.1819880,49.1037640,172 6.1819810,49.1038910,172 6.1819740,49.1039690,172 6.1819320,49.1043440,172 6.1819300,49.1043830,172 6.1819280,49.1044030,172 6.1819970,49.1044090,172 6.1820430,49.1044130,172 6.1820990,49.1044690,172 6.1820880,49.1045110,172 6.1827110,49.1045840,171 6.1827860,49.1045920,171 6.1827680,49.1046620,171 6.1829360,49.1046810,170 6.1829260,49.1047200,170 6.1829800,49.1047260,170 6.1830460,49.1047320,169 6.1831930,49.1047470,169 6.1834260,49.1047580,170 6.1836540,49.1047810,170 6.1837500,49.1048020,170 6.1838100,49.1048240,170 6.1838460,49.1048890,170 6.1839220,49.1048930,169 6.1840080,49.1048970,169 6.1839600,49.1051830,170 6.1842910,49.1052610,170 6.1843310,49.1052710,170 6.1842580,49.1057230,170 6.1844420,49.1057350,170 6.1850890,49.1057780,169 6.1851930,49.1057870,169 6.1852920,49.1057910,169 6.1853020,49.1057920,169 6.1853150,49.1057930,168 6.1853470,49.1057950,168 6.1853860,49.1057970,168 6.1854240,49.1058000,168 6.1855070,49.1058050,167 6.1855360,49.1059540,167 6.1855950,49.1060930,166 6.1854740,49.1062390,167 6.1854540,49.1062780,167 6.1854800,49.1062830,167 6.1855000,49.1062950,166 6.1855390,49.1063380,166 6.1855610,49.1064330,166 6.1855940,49.1065220,166 6.1856540,49.1066190,165 6.1856660,49.1066380,165 6.1856730,49.1066710,165 6.1854630,49.1066560,166 6.1853470,49.1066420,168 6.1853250,49.1066420,168 6.1852180,49.1066400,168 6.1851740,49.1066390,168 6.1851470,49.1066370,169 6.1850780,49.1066320,169 6.1849620,49.1066240,170 6.1849640,49.1066090,169 6.1849620,49.1066240,170 6.1847110,49.1066060,170 6.1839010,49.1074370,170 6.1838590,49.1074340,170 6.1836340,49.1074180,170 6.1836170,49.1075120,170 6.1834120,49.1075020,170 6.1833290,49.1074970,170 6.1832440,49.1074910,170 6.1832290,49.1075150,170 6.1831850,49.1075310,170 6.1830140,49.1075180,171 6.1830050,49.1075710,172 6.1829990,49.1076110,172 6.1829890,49.1077060,172 6.1829870,49.1077260,173 6.1825490,49.1076960,171 6.1812390,49.1076120,171 6.1811800,49.1076210,171 6.1811230,49.1076290,171 6.1810350,49.1076610,171 6.1809750,49.1077000,171 6.1809290,49.1077440,171 6.1807420,49.1080150,171 6.1806420,49.1081610,171 6.1803450,49.1086530,172 6.1802700,49.1086080,172 6.1802210,49.1087830,172 6.1801550,49.1088080,172 6.1801180,49.1088420,172 6.1800570,49.1089470,172 6.1801370,49.1089690,172 6.1801890,49.1089850,173 6.1801350,49.1090570,173 6.1798980,49.1094690,173 6.1790850,49.1108380,172 6.1790420,49.1109020,172 6.1790250,49.1109300,172 6.1791430,49.1109830,172 6.1790440,49.1110830,172 6.1790080,49.1111160,172 6.1789390,49.1111550,172 6.1789100,49.1112790,172 6.1788200,49.1115270,172 6.1788020,49.1115870,172 6.1787750,49.1116760,172 6.1787570,49.1117320,172 6.1787390,49.1117920,172 6.1787140,49.1118060,172 6.1786900,49.1118380,172 6.1786240,49.1118290,172 6.1785990,49.1118250,172 6.1785410,49.1118160,172 6.1784030,49.1122030,172 6.1784020,49.1122710,172 6.1784370,49.1123030,172 6.1784750,49.1123560,172 6.1784690,49.1125250,171 6.1784690,49.1125350,171 6.1784850,49.1126330,171 6.1784890,49.1126550,171 6.1784930,49.1126750,171 6.1785190,49.1127060,171 6.1785030,49.1128520,171 6.1784810,49.1129500,171 6.1784310,49.1132230,171 6.1784080,49.1133240,171 6.1783750,49.1133740,171 6.1783200,49.1134780,171 6.1782470,49.1135520,171 6.1782480,49.1136600,171 6.1782300,49.1138140,171 6.1782120,49.1138680,171 6.1781770,49.1139240,171 6.1781230,49.1139770,171 6.1780930,49.1140020,171 6.1780590,49.1140180,171 6.1773110,49.1142490,172 6.1771560,49.1143000,173 6.1770090,49.1143590,174 6.1766400,49.1145180,174 6.1763650,49.1146430,174 6.1759210,49.1147900,174 6.1761630,49.1149200,174 6.1761790,49.1149300,174 6.1763740,49.1150400,174 6.1766270,49.1151930,174 6.1768670,49.1153870,175</coordinates></LineString></Placemark>
  </Folder>
  <Folder><name>La boucle de la Seille</name><description>4.2 km. D+ 5 m. 34 % de chemins. Le tour complet de la riviere en ville : le jardin des Cinq Sens, l'Amphitheatre, les jardins Pelt, le parc de la Seille, et la remontee jusqu'a la Porte des Allemands. Quatre-vingts metres refaits, pas un de plus.</description>
    <Placemark><name>Depart : Rue des Parmentiers, Metz</name><description>Depart des deux boucles vers Borny, dans la Nouvelle Ville. A dix minutes a pied de la gare, dont il partage les commodites.</description><styleUrl>#depart</styleUrl><Point><coordinates>6.1768700,49.1153870,0</coordinates></Point></Placemark>
    <Placemark><name>1. Jardin des Cinq Sens</name><description>Jardin au bord de la Seille, au pied d'Outre-Seille.</description><styleUrl>#etape</styleUrl><Point><coordinates>6.1808580,49.1125690,0</coordinates></Point></Placemark>
    <Placemark><name>2. Parvis de l'Amphitheatre</name><description>Le quartier neuf derriere la gare, Centre Pompidou et esplanade.</description><styleUrl>#etape</styleUrl><Point><coordinates>6.1796580,49.1086850,0</coordinates></Point></Placemark>
    <Placemark><name>3. Jardin Jean-Baptiste Keune</name><description>Jardin du Sablon nord, a deux pas de la Seille.</description><styleUrl>#etape</styleUrl><Point><coordinates>6.1809620,49.1087550,0</coordinates></Point></Placemark>
    <Placemark><name>4. Jardins Jean-Marie Pelt</name><description>Prolongement sud du parc de la Seille, prairies et passerelles.</description><styleUrl>#etape</styleUrl><Point><coordinates>6.1857570,49.1065930,0</coordinates></Point></Placemark>
    <Placemark><name>5. Parc de la Seille</name><description>Prairies humides et roselieres au bord de la Seille. Herons.</description><styleUrl>#etape</styleUrl><Point><coordinates>6.1849680,49.1066100,0</coordinates></Point></Placemark>
    <Placemark><name>6. Porte des Allemands</name><description>Chatelet fortifie du XIIIe siecle a cheval sur la Seille, et le depart du chemin des remparts.</description><styleUrl>#etape</styleUrl><Point><coordinates>6.1855680,49.1178800,0</coordinates></Point></Placemark>
    <Style id="t21"><LineStyle><color>ff3F7D6E</color><width>4</width></LineStyle></Style>
    <Placemark><name>La boucle de la Seille</name><description>4.2 km. D+ 5 m. 34 % de chemins. Le tour complet de la riviere en ville : le jardin des Cinq Sens, l'Amphitheatre, les jardins Pelt, le parc de la Seille, et la remontee jusqu'a la Porte des Allemands. Quatre-vingts metres refaits, pas un de plus.</description><styleUrl>#t21</styleUrl><LineString><tessellate>1</tessellate><coordinates>6.1768670,49.1153870,174 6.1766270,49.1151930,174 6.1763740,49.1150400,174 6.1761790,49.1149300,174 6.1761630,49.1149200,174 6.1759210,49.1147900,174 6.1763650,49.1146430,174 6.1766400,49.1145180,174 6.1770090,49.1143590,174 6.1771560,49.1143000,173 6.1773110,49.1142490,172 6.1780590,49.1140180,171 6.1780930,49.1140020,171 6.1781230,49.1139770,171 6.1781770,49.1139240,171 6.1782120,49.1138680,171 6.1782300,49.1138140,171 6.1782480,49.1136600,171 6.1782470,49.1135520,171 6.1783930,49.1135600,171 6.1789930,49.1136090,170 6.1793320,49.1136390,170 6.1794180,49.1136460,170 6.1794280,49.1136070,170 6.1795760,49.1129310,170 6.1795880,49.1128750,170 6.1796210,49.1128890,170 6.1796520,49.1128910,170 6.1797120,49.1128980,170 6.1797320,49.1128560,170 6.1797370,49.1128460,170 6.1802370,49.1128010,171 6.1802470,49.1127800,171 6.1803200,49.1126310,171 6.1804140,49.1124470,171 6.1804620,49.1124580,171 6.1806160,49.1124910,171 6.1807260,49.1125150,171 6.1808440,49.1125400,171 6.1808700,49.1125450,171 6.1808440,49.1125400,171 6.1807260,49.1125150,171 6.1806160,49.1124910,171 6.1807360,49.1122600,171 6.1807590,49.1122160,171 6.1807820,49.1121730,171 6.1807910,49.1121520,171 6.1807980,49.1121350,171 6.1806720,49.1120760,172 6.1802370,49.1119620,172 6.1801480,49.1119460,172 6.1800330,49.1118870,172 6.1800230,49.1118530,172 6.1800210,49.1118460,172 6.1799930,49.1117780,172 6.1799510,49.1117360,172 6.1798500,49.1116800,172 6.1798440,49.1116560,172 6.1798320,49.1116160,172 6.1798640,49.1115490,172 6.1799380,49.1115380,172 6.1799900,49.1115360,173 6.1800740,49.1116020,172 6.1801230,49.1116010,173 6.1801760,49.1116020,173 6.1801420,49.1115720,173 6.1801960,49.1115680,173 6.1802510,49.1115640,174 6.1799200,49.1113420,174 6.1792030,49.1110110,172 6.1791430,49.1109830,172 6.1790250,49.1109300,172 6.1790420,49.1109020,172 6.1790850,49.1108380,172 6.1798980,49.1094690,173 6.1801350,49.1090570,173 6.1801890,49.1089850,173 6.1801370,49.1089690,172 6.1800570,49.1089470,172 6.1801180,49.1088420,172 6.1801550,49.1088080,172 6.1802210,49.1087830,172 6.1800720,49.1086810,172 6.1800320,49.1087070,172 6.1800090,49.1087230,172 6.1799530,49.1086990,172 6.1797750,49.1085960,172 6.1799530,49.1086990,172 6.1800090,49.1087230,172 6.1800320,49.1087070,172 6.1800720,49.1086810,172 6.1801050,49.1086560,172 6.1801210,49.1086420,172 6.1801710,49.1085990,172 6.1801950,49.1085640,172 6.1802240,49.1085810,172 6.1802700,49.1086080,172 6.1803450,49.1086530,172 6.1806390,49.1088460,172 6.1807970,49.1086520,171 6.1808150,49.1087640,171 6.1807970,49.1086520,171 6.1807900,49.1083910,172 6.1807890,49.1083370,172 6.1807860,49.1081780,171 6.1807420,49.1080150,171 6.1809290,49.1077440,171 6.1809750,49.1077000,171 6.1810350,49.1076610,171 6.1811230,49.1076290,171 6.1811800,49.1076210,171 6.1812390,49.1076120,171 6.1825490,49.1076960,171 6.1829870,49.1077260,173 6.1829890,49.1077060,172 6.1829990,49.1076110,172 6.1830050,49.1075710,172 6.1830140,49.1075180,171 6.1831850,49.1075310,170 6.1832290,49.1075150,170 6.1832440,49.1074910,170 6.1833290,49.1074970,170 6.1834120,49.1075020,170 6.1836170,49.1075120,170 6.1836340,49.1074180,170 6.1838590,49.1074340,170 6.1839010,49.1074370,170 6.1847110,49.1066060,170 6.1849620,49.1066240,170 6.1850780,49.1066320,169 6.1851470,49.1066370,169 6.1851740,49.1066390,168 6.1852180,49.1066400,168 6.1853250,49.1066420,168 6.1853470,49.1066420,168 6.1854630,49.1066560,166 6.1856730,49.1066710,165 6.1856660,49.1066380,165 6.1856540,49.1066190,166 6.1856660,49.1066380,165 6.1856730,49.1066710,165 6.1854630,49.1066560,166 6.1853470,49.1066420,168 6.1853250,49.1066420,168 6.1852180,49.1066400,168 6.1851740,49.1066390,168 6.1851470,49.1066370,169 6.1850780,49.1066320,169 6.1849620,49.1066240,170 6.1849640,49.1066090,169 6.1849620,49.1066240,170 6.1850780,49.1066320,169 6.1851400,49.1067400,169 6.1852140,49.1069500,168 6.1852240,49.1070160,168 6.1852320,49.1075280,169 6.1852460,49.1076830,168 6.1852570,49.1082130,168 6.1852880,49.1082180,167 6.1854250,49.1082270,166 6.1853410,49.1088250,167 6.1853730,49.1089110,166 6.1853760,49.1090020,167 6.1852480,49.1093290,170 6.1852030,49.1095010,171 6.1851700,49.1095500,171 6.1852110,49.1105160,171 6.1852140,49.1105290,171 6.1852590,49.1114620,171 6.1852630,49.1115310,171 6.1852670,49.1115960,171 6.1852700,49.1116180,171 6.1852850,49.1119970,171 6.1852140,49.1119490,171 6.1851510,49.1119920,171 6.1851060,49.1120180,171 6.1849390,49.1120630,172 6.1848830,49.1120650,172 6.1848330,49.1120620,173 6.1848360,49.1121260,173 6.1848240,49.1122190,173 6.1847230,49.1124750,171 6.1845770,49.1126070,173 6.1841920,49.1128960,172 6.1841170,49.1129450,171 6.1839430,49.1130300,170 6.1838150,49.1130690,170 6.1836940,49.1130850,171 6.1836970,49.1131310,171 6.1837020,49.1131800,170 6.1837490,49.1132210,170 6.1838380,49.1132890,170 6.1838920,49.1133250,170 6.1839690,49.1134550,170 6.1843750,49.1137500,170 6.1844430,49.1137990,170 6.1844910,49.1138330,170 6.1847780,49.1140410,169 6.1848600,49.1141780,168 6.1849030,49.1143000,168 6.1849470,49.1144230,168 6.1849950,49.1146370,169 6.1850140,49.1147070,170 6.1850320,49.1148500,170 6.1850810,49.1160310,170 6.1850960,49.1161770,170 6.1851110,49.1162400,170 6.1852320,49.1165650,171 6.1853750,49.1169110,171 6.1854280,49.1170380,170 6.1854420,49.1171180,170 6.1854720,49.1171810,169 6.1854010,49.1172270,170 6.1853470,49.1172460,171 6.1852980,49.1172680,172 6.1853350,49.1173420,172 6.1853720,49.1174160,170 6.1853120,49.1174890,172 6.1852360,49.1176840,173 6.1852300,49.1176980,173 6.1851900,49.1177950,173 6.1852170,49.1177970,173 6.1853590,49.1178070,173 6.1854350,49.1178220,173 6.1855250,49.1178320,173 6.1855640,49.1178300,173 6.1855250,49.1178320,173 6.1854350,49.1178220,173 6.1853590,49.1178070,173 6.1852170,49.1177970,173 6.1851900,49.1177950,173 6.1851770,49.1178230,173 6.1851240,49.1178150,173 6.1850790,49.1178090,173 6.1850720,49.1178390,173 6.1849900,49.1178300,173 6.1850040,49.1177790,173 6.1848800,49.1177740,172 6.1848590,49.1177740,172 6.1848150,49.1177720,172 6.1846580,49.1177670,172 6.1839440,49.1177430,171 6.1832730,49.1177170,171 6.1832350,49.1177160,171 6.1831370,49.1177130,171 6.1830570,49.1177080,171 6.1830180,49.1177060,171 6.1826620,49.1176860,171 6.1824910,49.1176890,171 6.1823110,49.1177000,171 6.1819420,49.1177420,171 6.1817930,49.1177620,171 6.1817350,49.1177220,171 6.1816500,49.1176870,171 6.1811380,49.1174780,170 6.1810260,49.1174330,170 6.1809630,49.1174070,170 6.1809000,49.1173670,170 6.1802980,49.1169900,169 6.1801880,49.1169210,169 6.1801100,49.1168720,169 6.1800400,49.1168190,169 6.1800200,49.1168050,169 6.1799840,49.1167810,169 6.1798660,49.1167340,169 6.1798020,49.1167240,169 6.1795940,49.1167200,169 6.1794470,49.1167260,169 6.1791540,49.1167370,170 6.1791100,49.1167390,170 6.1790470,49.1167410,170 6.1788700,49.1167480,170 6.1788320,49.1167490,170 6.1787960,49.1167550,170 6.1785530,49.1167900,172 6.1782950,49.1168450,173 6.1780910,49.1168970,173 6.1779150,49.1166880,174 6.1776850,49.1164140,174 6.1776540,49.1163770,174 6.1776130,49.1163200,174 6.1775060,49.1161750,174 6.1774070,49.1160140,174 6.1772820,49.1158090,174 6.1770330,49.1155220,175 6.1768670,49.1153870,174</coordinates></LineString></Placemark>
  </Folder>
  <Folder><name>Le Technopole et la Cheneau</name><description>6.1 km. D+ 37 m. 24 % de chemins. La plus longue des dix, et de loin la moins bitumee : le parc de la Seille, les allees du Technopole autour du plan d'eau Symphonie, et le parc de la Cheneau. On ne repasse nulle part.</description>
    <Placemark><name>Depart : Rue des Parmentiers, Metz</name><description>Depart des deux boucles vers Borny, dans la Nouvelle Ville. A dix minutes a pied de la gare, dont il partage les commodites.</description><styleUrl>#depart</styleUrl><Point><coordinates>6.1768700,49.1153870,0</coordinates></Point></Placemark>
    <Placemark><name>1. Parc de la Cheneau, entree ouest</name><description>L'entree du parc du cote de Grigy, par les allees en terre.</description><styleUrl>#etape</styleUrl><Point><coordinates>6.2040000,49.1130000,0</coordinates></Point></Placemark>
    <Placemark><name>2. Technopole, square Simon-Louis Freres</name><description>Allees plantees du Technopole, autour du plan d'eau Symphonie.</description><styleUrl>#etape</styleUrl><Point><coordinates>6.2021930,49.1114980,0</coordinates></Point></Placemark>
    <Placemark><name>3. Parc de la Seille</name><description>Prairies humides et roselieres au bord de la Seille. Herons.</description><styleUrl>#etape</styleUrl><Point><coordinates>6.1849680,49.1066100,0</coordinates></Point></Placemark>
    <Style id="t22"><LineStyle><color>ffA34F6B</color><width>4</width></LineStyle></Style>
    <Placemark><name>Le Technopole et la Cheneau</name><description>6.1 km. D+ 37 m. 24 % de chemins. La plus longue des dix, et de loin la moins bitumee : le parc de la Seille, les allees du Technopole autour du plan d'eau Symphonie, et le parc de la Cheneau. On ne repasse nulle part.</description><styleUrl>#t22</styleUrl><LineString><tessellate>1</tessellate><coordinates>6.1768670,49.1153870,174 6.1770330,49.1155220,175 6.1772820,49.1158090,174 6.1774070,49.1160140,174 6.1776380,49.1158940,174 6.1778990,49.1157770,174 6.1781300,49.1156960,174 6.1784910,49.1156250,172 6.1785220,49.1155990,172 6.1785410,49.1155690,172 6.1785200,49.1153910,172 6.1786040,49.1153680,171 6.1788590,49.1153520,171 6.1789320,49.1153480,171 6.1789690,49.1152370,171 6.1790270,49.1152440,171 6.1790670,49.1151530,170 6.1791060,49.1150170,170 6.1791810,49.1150290,170 6.1792870,49.1150440,170 6.1796650,49.1151010,170 6.1799290,49.1151380,170 6.1800240,49.1151620,170 6.1801280,49.1151760,170 6.1807950,49.1152720,169 6.1808400,49.1152730,169 6.1809120,49.1152480,169 6.1809620,49.1151830,169 6.1810110,49.1150540,169 6.1811330,49.1146890,169 6.1811580,49.1146180,169 6.1811960,49.1145540,169 6.1812220,49.1145230,169 6.1812700,49.1145300,169 6.1813870,49.1145480,169 6.1818140,49.1146130,168 6.1818970,49.1146020,168 6.1819340,49.1145940,168 6.1820260,49.1145750,168 6.1820030,49.1145300,168 6.1819950,49.1145160,168 6.1820490,49.1144920,168 6.1821880,49.1142930,169 6.1824760,49.1139090,169 6.1826720,49.1136440,169 6.1827230,49.1135630,169 6.1828110,49.1134460,169 6.1829010,49.1133450,169 6.1829330,49.1133420,170 6.1830500,49.1133470,170 6.1831170,49.1133500,170 6.1832120,49.1134190,170 6.1833030,49.1133700,170 6.1833560,49.1133410,170 6.1834450,49.1132920,170 6.1835430,49.1132380,170 6.1835790,49.1132190,170 6.1837020,49.1131800,170 6.1837490,49.1132210,170 6.1838380,49.1132890,170 6.1838920,49.1133250,170 6.1839270,49.1133210,170 6.1840280,49.1132690,170 6.1842690,49.1131250,171 6.1842810,49.1130760,172 6.1843210,49.1130000,172 6.1846850,49.1127340,172 6.1847160,49.1127180,172 6.1847900,49.1127030,172 6.1848730,49.1127110,172 6.1849230,49.1127270,171 6.1849860,49.1127590,171 6.1850330,49.1127300,171 6.1851030,49.1126960,171 6.1851650,49.1126980,171 6.1852170,49.1126990,171 6.1853170,49.1127050,170 6.1853030,49.1128700,170 6.1853180,49.1129060,170 6.1853460,49.1129400,169 6.1857050,49.1131960,168 6.1857430,49.1132240,169 6.1858300,49.1132630,170 6.1860810,49.1133510,171 6.1862370,49.1134060,171 6.1862840,49.1134200,171 6.1863560,49.1134430,171 6.1864460,49.1134680,171 6.1866980,49.1136350,171 6.1869630,49.1138120,171 6.1872260,49.1139870,173 6.1873780,49.1140880,172 6.1874970,49.1141540,172 6.1877360,49.1142840,172 6.1877680,49.1142910,172 6.1881520,49.1142900,173 6.1883300,49.1143160,172 6.1885620,49.1143560,173 6.1893370,49.1145050,175 6.1894610,49.1145450,175 6.1896470,49.1146240,175 6.1897630,49.1146600,175 6.1898650,49.1146690,175 6.1905050,49.1146290,177 6.1909460,49.1146050,177 6.1910470,49.1145900,177 6.1911510,49.1145620,178 6.1912330,49.1145260,177 6.1913790,49.1144130,177 6.1915220,49.1142950,178 6.1916160,49.1141820,179 6.1917290,49.1142130,178 6.1918330,49.1142280,178 6.1920010,49.1142150,178 6.1925640,49.1141570,178 6.1930250,49.1141090,178 6.1938280,49.1140230,178 6.1940120,49.1140010,178 6.1944390,49.1139880,178 6.1947790,49.1139770,178 6.1962410,49.1139900,180 6.1963380,49.1139940,180 6.1963840,49.1139960,180 6.1964320,49.1139980,180 6.1968190,49.1140390,180 6.1969400,49.1140480,180 6.1974760,49.1141000,181 6.1976170,49.1141080,182 6.1981210,49.1141180,182 6.1982600,49.1141190,182 6.1983810,49.1141340,183 6.1985970,49.1141650,183 6.1986620,49.1141740,183 6.1990880,49.1142360,184 6.1993250,49.1142740,184 6.1993360,49.1142760,184 6.1994520,49.1142940,184 6.2009620,49.1145150,184 6.2010160,49.1144700,184 6.2013700,49.1142690,184 6.2016050,49.1141020,184 6.2017500,49.1139990,184 6.2019120,49.1138640,184 6.2021230,49.1136690,184 6.2021470,49.1136350,184 6.2021590,49.1136120,184 6.2021690,49.1135950,184 6.2023170,49.1136240,184 6.2024460,49.1136560,185 6.2024890,49.1135530,185 6.2025730,49.1135690,185 6.2026100,49.1134960,185 6.2026790,49.1134330,185 6.2027550,49.1133870,186 6.2027720,49.1133520,186 6.2028800,49.1133520,186 6.2029890,49.1133670,186 6.2031320,49.1131700,186 6.2033280,49.1132270,187 6.2034790,49.1131950,187 6.2036100,49.1132370,187 6.2036990,49.1131130,187 6.2037250,49.1130770,187 6.2037420,49.1130530,187 6.2039120,49.1131100,188 6.2037420,49.1130530,187 6.2035510,49.1129960,187 6.2030380,49.1128420,187 6.2029580,49.1128170,187 6.2029030,49.1128010,187 6.2029520,49.1127420,187 6.2030940,49.1125670,188 6.2030070,49.1125210,188 6.2024130,49.1122970,190 6.2021540,49.1122010,191 6.2021920,49.1121580,191 6.2021050,49.1121220,192 6.2020120,49.1120930,192 6.2021360,49.1119850,192 6.2022160,49.1119680,192 6.2023050,49.1119150,192 6.2023300,49.1118720,192 6.2023410,49.1118170,192 6.2023200,49.1117800,192 6.2022370,49.1117440,192 6.2022190,49.1117020,193 6.2022220,49.1115620,193 6.2022410,49.1115050,194 6.2022630,49.1114450,194 6.2022600,49.1114060,194 6.2022400,49.1113470,194 6.2022050,49.1113070,194 6.2022550,49.1112600,194 6.2022800,49.1112060,194 6.2022610,49.1111400,195 6.2021630,49.1109250,196 6.2022100,49.1108680,197 6.2021460,49.1108450,197 6.2020070,49.1108570,197 6.2019020,49.1108650,197 6.2018420,49.1108460,197 6.2017820,49.1108270,197 6.2017190,49.1108070,197 6.2016870,49.1107970,197 6.2015010,49.1107380,198 6.2013010,49.1106750,198 6.2005460,49.1104390,200 6.2004850,49.1104230,200 6.2002060,49.1103460,201 6.1998650,49.1102300,202 6.1996090,49.1101320,202 6.1995100,49.1100890,202 6.1994310,49.1100550,203 6.1992250,49.1099650,203 6.1969120,49.1089580,207 6.1967850,49.1088900,207 6.1966690,49.1088370,207 6.1962500,49.1086800,206 6.1961970,49.1086600,206 6.1959880,49.1085820,206 6.1951030,49.1082510,204 6.1949970,49.1082120,204 6.1949140,49.1081780,204 6.1943160,49.1079200,203 6.1941300,49.1078580,202 6.1940690,49.1078410,202 6.1940000,49.1078310,201 6.1938920,49.1078120,200 6.1937950,49.1077860,198 6.1935600,49.1076910,198 6.1935400,49.1076810,198 6.1935060,49.1076630,199 6.1932020,49.1074820,202 6.1925860,49.1071150,199 6.1925360,49.1070850,199 6.1924730,49.1070480,199 6.1922910,49.1069400,198 6.1922660,49.1069270,198 6.1920200,49.1068040,198 6.1918820,49.1067560,198 6.1917450,49.1067190,198 6.1916690,49.1066980,197 6.1915940,49.1067700,197 6.1913920,49.1069250,196 6.1912780,49.1068710,196 6.1911080,49.1068030,196 6.1909670,49.1067890,196 6.1907100,49.1068020,194 6.1906170,49.1068070,194 6.1905040,49.1060450,190 6.1904890,49.1059420,190 6.1904710,49.1058250,190 6.1904640,49.1057780,190 6.1902460,49.1057980,189 6.1900440,49.1057920,186 6.1897140,49.1057670,184 6.1896140,49.1057750,183 6.1895080,49.1057930,182 6.1893830,49.1058150,180 6.1892320,49.1058170,180 6.1890500,49.1058590,178 6.1889190,49.1059060,177 6.1885690,49.1059730,174 6.1885280,49.1059800,174 6.1876220,49.1061700,169 6.1875620,49.1061820,169 6.1875290,49.1061890,169 6.1874760,49.1061990,169 6.1874620,49.1061530,169 6.1874490,49.1060910,169 6.1874010,49.1060970,168 6.1873730,49.1061000,168 6.1873180,49.1061070,168 6.1870000,49.1061450,168 6.1866520,49.1061880,168 6.1864140,49.1062100,168 6.1863460,49.1062100,168 6.1863420,49.1062490,167 6.1863250,49.1062780,167 6.1861450,49.1073240,168 6.1861190,49.1073520,168 6.1861100,49.1074060,168 6.1860800,49.1075910,168 6.1852320,49.1075280,169 6.1852240,49.1070160,168 6.1852140,49.1069500,168 6.1851400,49.1067400,169 6.1850780,49.1066320,169 6.1849620,49.1066240,170 6.1849640,49.1066090,169 6.1849620,49.1066240,170 6.1847110,49.1066060,170 6.1839010,49.1074370,170 6.1838590,49.1074340,170 6.1836340,49.1074180,170 6.1836170,49.1075120,170 6.1834120,49.1075020,170 6.1833290,49.1074970,170 6.1832440,49.1074910,170 6.1832290,49.1075150,170 6.1831850,49.1075310,170 6.1830140,49.1075180,171 6.1830050,49.1075710,172 6.1829990,49.1076110,172 6.1829890,49.1077060,172 6.1829870,49.1077260,173 6.1825490,49.1076960,171 6.1812390,49.1076120,171 6.1811800,49.1076210,171 6.1811230,49.1076290,171 6.1810350,49.1076610,171 6.1809750,49.1077000,171 6.1809290,49.1077440,171 6.1807420,49.1080150,171 6.1806420,49.1081610,171 6.1803450,49.1086530,172 6.1802700,49.1086080,172 6.1802210,49.1087830,172 6.1801550,49.1088080,172 6.1801180,49.1088420,172 6.1800570,49.1089470,172 6.1801370,49.1089690,172 6.1801890,49.1089850,173 6.1801350,49.1090570,173 6.1798980,49.1094690,173 6.1790850,49.1108380,172 6.1790420,49.1109020,172 6.1790250,49.1109300,172 6.1791430,49.1109830,172 6.1790440,49.1110830,172 6.1790080,49.1111160,172 6.1789390,49.1111550,172 6.1789100,49.1112790,172 6.1788200,49.1115270,172 6.1788020,49.1115870,172 6.1787750,49.1116760,172 6.1787570,49.1117320,172 6.1787390,49.1117920,172 6.1787140,49.1118060,172 6.1786900,49.1118380,172 6.1786240,49.1118290,172 6.1785990,49.1118250,172 6.1785410,49.1118160,172 6.1784030,49.1122030,172 6.1784020,49.1122710,172 6.1784370,49.1123030,172 6.1784750,49.1123560,172 6.1784690,49.1125250,171 6.1784690,49.1125350,171 6.1784850,49.1126330,171 6.1784890,49.1126550,171 6.1784930,49.1126750,171 6.1785190,49.1127060,171 6.1785030,49.1128520,171 6.1784810,49.1129500,171 6.1784310,49.1132230,171 6.1784080,49.1133240,171 6.1783750,49.1133740,171 6.1783200,49.1134780,171 6.1782470,49.1135520,171 6.1782480,49.1136600,171 6.1782300,49.1138140,171 6.1782120,49.1138680,171 6.1781770,49.1139240,171 6.1781230,49.1139770,171 6.1780930,49.1140020,171 6.1780590,49.1140180,171 6.1773110,49.1142490,172 6.1771560,49.1143000,173 6.1770090,49.1143590,174 6.1766400,49.1145180,174 6.1763650,49.1146430,174 6.1759210,49.1147900,174 6.1761630,49.1149200,174 6.1761790,49.1149300,174 6.1763740,49.1150400,174 6.1766270,49.1151930,174 6.1768670,49.1153870,175</coordinates></LineString></Placemark>
  </Folder>
  <Folder><name>La Nouvelle Ville et l'eau</name><description>5.9 km. D+ 21 m. 25 % de chemins. La traversee des rues allemandes, de la gare a Maud'Huy, puis le basculement vers l'Esplanade, le lac aux Cygnes et le Saulcy. Beaucoup de trottoir a l'aller, l'eau tout le retour, et rien en double.</description>
    <Placemark><name>Depart : Rue des Parmentiers, Metz</name><description>Depart des deux boucles vers Borny, dans la Nouvelle Ville. A dix minutes a pied de la gare, dont il partage les commodites.</description><styleUrl>#depart</styleUrl><Point><coordinates>6.1768700,49.1153870,0</coordinates></Point></Placemark>
    <Placemark><name>1. Gare de Metz, parvis</name><description>Point de ralliement des boucles a pied : a moins d'un quart d'heure de marche pour tout le monde. Abrite, cafe ouvert tot, toilettes.</description><styleUrl>#etape</styleUrl><Point><coordinates>6.1770130,49.1092770,0</coordinates></Point></Placemark>
    <Placemark><name>2. Place Jean Moulin</name><description>Entre la gare et le Sablon, sous les platanes.</description><styleUrl>#etape</styleUrl><Point><coordinates>6.1696860,49.1078690,0</coordinates></Point></Placemark>
    <Placemark><name>3. Place de Maud'Huy</name><description>Sud-ouest de la Nouvelle Ville, maisons allemandes.</description><styleUrl>#etape</styleUrl><Point><coordinates>6.1671920,49.1089250,0</coordinates></Point></Placemark>
    <Placemark><name>4. Jardin de l'Esplanade</name><description>Terrasse au-dessus de la Moselle, vue sur le Mont Saint-Quentin.</description><styleUrl>#etape</styleUrl><Point><coordinates>6.1705190,49.1159680,0</coordinates></Point></Placemark>
    <Placemark><name>5. Parc du Lac aux Cygnes</name><description>Rive du plan d'eau sous l'Esplanade, cygnes et saules.</description><styleUrl>#etape</styleUrl><Point><coordinates>6.1673270,49.1161600,0</coordinates></Point></Placemark>
    <Placemark><name>6. Ile du Saulcy</name><description>Ile universitaire, tres calme hors semestre. Cygnes sur les deux bras.</description><styleUrl>#etape</styleUrl><Point><coordinates>6.1612490,49.1201090,0</coordinates></Point></Placemark>
    <Style id="t23"><LineStyle><color>ffC2703D</color><width>4</width></LineStyle></Style>
    <Placemark><name>La Nouvelle Ville et l'eau</name><description>5.9 km. D+ 21 m. 25 % de chemins. La traversee des rues allemandes, de la gare a Maud'Huy, puis le basculement vers l'Esplanade, le lac aux Cygnes et le Saulcy. Beaucoup de trottoir a l'aller, l'eau tout le retour, et rien en double.</description><styleUrl>#t23</styleUrl><LineString><tessellate>1</tessellate><coordinates>6.1768670,49.1153870,174 6.1766270,49.1151930,174 6.1763740,49.1150400,174 6.1761790,49.1149300,174 6.1761630,49.1149200,174 6.1759210,49.1147900,174 6.1763650,49.1146430,174 6.1766400,49.1145180,174 6.1770090,49.1143590,174 6.1769710,49.1143230,174 6.1769480,49.1143010,174 6.1768800,49.1142300,174 6.1768190,49.1141940,174 6.1764480,49.1140080,174 6.1763770,49.1139730,174 6.1764170,49.1139380,174 6.1765460,49.1138400,174 6.1766900,49.1137550,173 6.1771290,49.1134950,172 6.1772320,49.1134340,172 6.1772110,49.1134190,172 6.1771580,49.1133810,172 6.1770930,49.1133110,172 6.1770840,49.1131200,173 6.1770730,49.1128790,172 6.1770910,49.1128480,172 6.1771630,49.1127910,172 6.1771240,49.1126890,172 6.1771060,49.1126360,172 6.1770810,49.1123240,172 6.1771020,49.1123020,172 6.1770720,49.1122290,173 6.1770620,49.1121780,173 6.1770570,49.1121110,173 6.1770450,49.1120240,173 6.1770250,49.1118110,173 6.1770220,49.1117780,173 6.1770240,49.1117430,174 6.1770900,49.1117400,173 6.1771600,49.1117280,173 6.1771580,49.1116960,173 6.1771560,49.1116650,173 6.1771560,49.1116320,173 6.1771550,49.1115790,173 6.1771530,49.1114960,174 6.1771520,49.1114620,174 6.1771540,49.1114050,174 6.1771150,49.1113850,174 6.1771080,49.1113740,174 6.1771340,49.1109830,174 6.1771360,49.1107120,174 6.1771460,49.1106040,174 6.1771470,49.1105950,174 6.1771500,49.1105680,174 6.1770570,49.1105310,174 6.1769460,49.1104880,174 6.1769440,49.1104060,174 6.1766380,49.1102540,174 6.1766610,49.1102330,174 6.1767370,49.1101660,174 6.1767800,49.1101280,174 6.1769620,49.1100150,174 6.1770100,49.1099770,174 6.1770060,49.1099000,176 6.1770370,49.1098720,176 6.1771340,49.1097880,178 6.1773040,49.1096300,180 6.1773630,49.1095730,180 6.1773130,49.1095400,180 6.1772910,49.1095290,180 6.1771660,49.1094690,180 6.1771030,49.1094370,180 6.1771540,49.1093930,180 6.1769770,49.1093080,179 6.1765920,49.1091220,179 6.1765400,49.1091670,180 6.1764790,49.1091390,180 6.1762850,49.1090450,179 6.1762620,49.1090320,178 6.1762350,49.1090190,178 6.1761690,49.1090760,177 6.1760960,49.1091370,175 6.1760650,49.1091610,175 6.1760490,49.1091720,175 6.1759730,49.1091660,174 6.1758440,49.1092560,174 6.1758030,49.1092890,174 6.1757580,49.1093300,174 6.1757300,49.1093560,174 6.1756340,49.1094440,174 6.1756210,49.1094570,174 6.1753340,49.1093130,174 6.1752600,49.1093750,174 6.1752270,49.1094030,174 6.1751360,49.1094540,174 6.1751030,49.1094600,174 6.1750130,49.1095390,174 6.1750190,49.1095960,174 6.1749180,49.1096070,174 6.1748670,49.1096290,174 6.1748320,49.1096440,174 6.1747000,49.1097500,174 6.1745680,49.1096860,174 6.1745530,49.1096790,174 6.1744660,49.1096410,175 6.1744130,49.1096880,175 6.1741380,49.1099240,176 6.1741120,49.1099470,176 6.1740600,49.1100180,176 6.1740290,49.1100630,176 6.1735790,49.1099000,177 6.1733500,49.1098310,177 6.1729210,49.1096810,177 6.1723610,49.1094780,178 6.1722980,49.1094480,178 6.1722150,49.1094090,178 6.1720080,49.1092860,178 6.1719840,49.1092630,178 6.1719040,49.1091960,178 6.1718670,49.1091630,178 6.1716300,49.1089980,178 6.1715880,49.1089750,178 6.1714790,49.1089240,178 6.1714090,49.1088790,179 6.1704250,49.1081770,179 6.1701330,49.1079630,180 6.1700720,49.1079070,180 6.1699800,49.1078770,180 6.1700040,49.1078380,180 6.1699340,49.1078210,180 6.1698820,49.1078500,180 6.1697010,49.1078950,180 6.1695600,49.1079310,180 6.1695660,49.1080020,180 6.1695210,49.1080020,180 6.1694600,49.1080020,181 6.1693940,49.1080040,181 6.1693550,49.1080150,181 6.1692980,49.1080310,181 6.1692530,49.1080430,181 6.1692100,49.1080520,181 6.1691860,49.1080170,181 6.1691550,49.1080250,181 6.1691360,49.1080300,181 6.1691060,49.1080380,181 6.1690490,49.1080120,181 6.1681440,49.1082660,182 6.1678020,49.1083730,182 6.1675630,49.1084550,182 6.1674820,49.1084810,182 6.1674150,49.1085020,182 6.1673190,49.1085330,182 6.1674210,49.1086730,182 6.1676300,49.1089710,182 6.1672820,49.1090660,183 6.1669740,49.1091520,183 6.1668620,49.1091830,183 6.1668130,49.1091980,183 6.1669130,49.1093380,183 6.1672490,49.1099400,183 6.1672760,49.1099880,183 6.1672940,49.1100210,183 6.1673670,49.1101540,183 6.1673810,49.1102140,183 6.1673870,49.1102660,183 6.1673890,49.1102800,183 6.1674010,49.1103200,183 6.1674520,49.1104100,183 6.1674860,49.1104230,183 6.1676730,49.1107260,183 6.1680830,49.1114110,183 6.1681270,49.1114840,183 6.1683900,49.1119230,183 6.1683990,49.1119480,183 6.1683850,49.1119910,183 6.1684810,49.1121500,183 6.1685240,49.1121890,183 6.1685740,49.1122170,183 6.1686170,49.1122340,183 6.1686460,49.1122500,182 6.1686410,49.1122660,182 6.1686330,49.1122960,182 6.1686380,49.1123220,182 6.1687270,49.1124130,182 6.1687500,49.1124280,183 6.1688350,49.1124430,183 6.1688810,49.1124660,183 6.1688840,49.1124990,184 6.1688950,49.1125120,184 6.1689380,49.1125620,184 6.1688840,49.1125860,184 6.1688520,49.1126130,184 6.1688300,49.1126470,184 6.1688090,49.1127010,184 6.1688760,49.1127270,184 6.1693990,49.1130790,184 6.1695740,49.1132100,184 6.1696630,49.1132960,184 6.1697070,49.1133520,184 6.1698290,49.1134710,184 6.1699850,49.1136280,184 6.1700850,49.1137230,184 6.1701490,49.1137830,184 6.1702220,49.1138720,184 6.1702640,49.1139140,184 6.1704740,49.1141240,183 6.1704820,49.1141330,183 6.1704760,49.1141350,183 6.1711700,49.1148170,183 6.1705820,49.1150760,184 6.1704660,49.1151270,184 6.1705130,49.1151720,184 6.1707310,49.1153780,182 6.1708020,49.1154460,182 6.1701110,49.1157780,182 6.1702420,49.1158950,181 6.1702820,49.1159310,181 6.1703340,49.1159120,181 6.1703910,49.1159050,181 6.1704500,49.1159090,181 6.1705030,49.1159250,181 6.1705470,49.1159500,181 6.1705520,49.1159550,181 6.1705780,49.1159870,181 6.1705890,49.1160280,181 6.1705790,49.1160690,181 6.1705480,49.1161050,181 6.1705010,49.1161330,181 6.1705340,49.1161620,181 6.1706320,49.1162500,182 6.1701230,49.1164970,182 6.1695730,49.1167630,180 6.1694930,49.1168050,179 6.1693770,49.1168320,178 6.1693100,49.1168390,178 6.1690950,49.1168510,177 6.1688200,49.1167950,176 6.1687900,49.1168000,176 6.1687060,49.1168130,176 6.1686460,49.1168250,176 6.1685320,49.1168470,174 6.1684590,49.1168590,172 6.1683910,49.1168710,172 6.1682370,49.1168760,170 6.1680530,49.1168490,168 6.1679080,49.1167840,168 6.1677890,49.1166960,168 6.1677680,49.1166360,169 6.1675660,49.1165940,167 6.1674750,49.1166120,167 6.1670360,49.1161370,167 6.1671560,49.1160810,167 6.1671560,49.1160810,167 6.1670360,49.1161370,167 6.1664490,49.1155630,169 6.1664240,49.1155160,169 6.1662560,49.1154800,168 6.1661920,49.1154710,168 6.1653460,49.1155090,169 6.1652720,49.1155290,170 6.1652540,49.1154730,169 6.1652340,49.1153570,168 6.1652400,49.1152870,168 6.1653050,49.1150160,167 6.1650560,49.1150270,167 6.1649000,49.1149870,167 6.1647060,49.1149550,167 6.1643200,49.1149230,166 6.1642460,49.1149240,166 6.1635940,49.1150220,167 6.1632470,49.1150950,166 6.1625090,49.1153000,167 6.1623900,49.1153470,167 6.1623260,49.1153920,167 6.1622690,49.1154420,167 6.1621180,49.1156350,167 6.1618060,49.1163920,166 6.1617400,49.1165810,166 6.1616910,49.1167750,167 6.1616350,49.1174180,167 6.1615620,49.1176880,167 6.1615020,49.1179060,167 6.1614810,49.1179410,167 6.1613890,49.1179230,167 6.1612090,49.1179160,168 6.1610430,49.1179340,169 6.1608600,49.1179710,170 6.1608170,49.1180300,170 6.1607770,49.1181150,170 6.1607230,49.1182470,169 6.1606150,49.1188230,168 6.1605840,49.1190320,170 6.1605930,49.1190810,170 6.1606310,49.1191400,170 6.1606800,49.1191870,170 6.1607540,49.1192360,169 6.1608110,49.1193110,168 6.1608360,49.1193830,168 6.1608890,49.1194370,168 6.1608800,49.1194620,168 6.1608030,49.1196830,167 6.1609040,49.1197000,167 6.1611120,49.1197950,168 6.1612430,49.1201090,167 6.1612450,49.1201140,167 6.1615810,49.1201620,167 6.1619570,49.1202160,167 6.1623910,49.1202790,167 6.1628100,49.1203380,167 6.1628970,49.1203660,167 6.1630360,49.1203710,167 6.1630880,49.1203720,167 6.1631110,49.1203640,167 6.1631900,49.1203880,167 6.1632550,49.1203940,167 6.1636870,49.1204150,168 6.1641210,49.1203880,167 6.1642400,49.1203630,167 6.1643110,49.1203410,168 6.1644890,49.1203080,168 6.1647530,49.1202690,168 6.1650630,49.1202330,168 6.1654300,49.1202040,168 6.1655510,49.1201850,168 6.1656830,49.1201550,168 6.1657680,49.1201160,168 6.1659190,49.1200120,168 6.1659370,49.1199840,168 6.1659350,49.1199470,168 6.1660010,49.1199260,168 6.1661250,49.1199720,168 6.1661750,49.1199910,168 6.1662610,49.1199880,168 6.1663160,49.1199800,168 6.1663850,49.1199570,168 6.1664940,49.1198980,168 6.1665620,49.1198630,168 6.1666300,49.1198260,168 6.1667070,49.1198940,168 6.1668450,49.1200160,168 6.1669530,49.1199650,168 6.1670250,49.1199400,168 6.1671220,49.1199400,168 6.1672160,49.1199490,168 6.1673200,49.1199740,168 6.1673880,49.1200110,167 6.1674380,49.1199850,167 6.1675010,49.1200240,167 6.1680210,49.1203080,166 6.1680550,49.1203120,166 6.1680840,49.1203160,166 6.1681070,49.1203080,166 6.1681300,49.1202660,166 6.1682020,49.1202850,168 6.1682660,49.1202930,168 6.1683480,49.1203120,169 6.1684710,49.1202220,168 6.1686800,49.1201110,169 6.1688330,49.1200430,169 6.1692060,49.1199170,168 6.1693690,49.1198990,168 6.1694780,49.1198930,168 6.1698120,49.1198900,168 6.1699170,49.1198760,169 6.1699810,49.1198800,169 6.1700890,49.1199030,169 6.1700790,49.1199310,169 6.1701490,49.1199050,169 6.1702460,49.1198490,169 6.1702950,49.1198160,169 6.1709210,49.1194160,168 6.1709920,49.1193840,170 6.1710220,49.1193900,170 6.1710740,49.1193520,171 6.1711350,49.1193190,171 6.1714050,49.1195320,169 6.1714690,49.1195690,169 6.1715220,49.1195940,169 6.1716300,49.1195680,170 6.1718770,49.1195100,172 6.1719990,49.1194610,173 6.1725390,49.1193330,175 6.1729180,49.1192400,177 6.1733120,49.1191420,177 6.1735250,49.1190890,178 6.1739480,49.1188890,179 6.1740430,49.1188490,180 6.1745370,49.1186870,181 6.1750450,49.1184970,180 6.1750080,49.1184610,180 6.1750530,49.1184390,180 6.1760070,49.1178570,178 6.1761170,49.1177820,178 6.1762120,49.1177270,178 6.1769650,49.1174010,176 6.1772570,49.1172750,175 6.1780060,49.1169400,173 6.1780910,49.1168970,173 6.1779150,49.1166880,174 6.1776850,49.1164140,174 6.1776540,49.1163770,174 6.1776130,49.1163200,174 6.1775060,49.1161750,174 6.1774070,49.1160140,174 6.1772820,49.1158090,174 6.1770330,49.1155220,175 6.1768670,49.1153870,174</coordinates></LineString></Placemark>
  </Folder>
  <Folder><name>Les hauts de Saint-Julien et le bois de Grimont</name><description>13.4 km. D+ 193 m. 41 % de chemins. La seule boucle a pied qui monte vraiment : on grimpe la cote de Saint-Julien par le parc Marie et Mathias, on longe le fort, on traverse le bois de Grimont, et on redescend par Saint-Julien et le parc Marthe Cohn. Le premier kilometre et demi, jusqu'a Bellecroix, se fait a l'aller et au retour.</description>
    <Placemark><name>Depart : Centre Pompidou-Metz, parvis</name><description>Point de rendez-vous, sur le parvis des Droits de l'Homme, a deux pas de la gare.</description><styleUrl>#depart</styleUrl><Point><coordinates>6.1811000,49.1084000,0</coordinates></Point></Placemark>
    <Placemark><name>1. Parc Marie et Mathias</name><description>Au pied de la cote de Saint-Julien.</description><styleUrl>#etape</styleUrl><Point><coordinates>6.1960500,49.1303700,0</coordinates></Point></Placemark>
    <Placemark><name>2. Fort de Saint-Julien, lisiere</name><description>Le chemin qui longe le fort par le nord. Le point est pose sur le chemin plutot que dans le fort : y entrer obligeait a revenir sur ses pas.</description><styleUrl>#etape</styleUrl><Point><coordinates>6.2072000,49.1415000,0</coordinates></Point></Placemark>
    <Placemark><name>3. Bois de Grimont</name><description>Bois de coteau au nord-est, vue sur la vallee de la Moselle.</description><styleUrl>#etape</styleUrl><Point><coordinates>6.2190990,49.1434240,0</coordinates></Point></Placemark>
    <Placemark><name>4. Espace naturel pedagogique, Saint-Julien</name><description></description><styleUrl>#etape</styleUrl><Point><coordinates>6.2150700,49.1315900,0</coordinates></Point></Placemark>
    <Placemark><name>5. Parc Marthe Cohn</name><description></description><styleUrl>#etape</styleUrl><Point><coordinates>6.2089100,49.1234900,0</coordinates></Point></Placemark>
    <Style id="t24"><LineStyle><color>ff8C3B2E</color><width>4</width></LineStyle></Style>
    <Placemark><name>Les hauts de Saint-Julien et le bois de Grimont</name><description>13.4 km. D+ 193 m. 41 % de chemins. La seule boucle a pied qui monte vraiment : on grimpe la cote de Saint-Julien par le parc Marie et Mathias, on longe le fort, on traverse le bois de Grimont, et on redescend par Saint-Julien et le parc Marthe Cohn. Le premier kilometre et demi, jusqu'a Bellecroix, se fait a l'aller et au retour.</description><styleUrl>#t24</styleUrl><LineString><tessellate>1</tessellate><coordinates>6.1810500,49.1084250,171 6.1813220,49.1086460,171 6.1816010,49.1086180,171 6.1816710,49.1086350,171 6.1816860,49.1086090,171 6.1820400,49.1085720,171 6.1822080,49.1086180,171 6.1821970,49.1086390,171 6.1820310,49.1086500,171 6.1820870,49.1090870,171 6.1820930,49.1091350,171 6.1819270,49.1092350,171 6.1818520,49.1093260,171 6.1817440,49.1094700,171 6.1816630,49.1095210,171 6.1816320,49.1095410,172 6.1822080,49.1099150,172 6.1822780,49.1099880,173 6.1824260,49.1100840,175 6.1827060,49.1102360,172 6.1829010,49.1103120,172 6.1829820,49.1103420,172 6.1830580,49.1103790,172 6.1831580,49.1104310,172 6.1832520,49.1104870,172 6.1832290,49.1105420,172 6.1832080,49.1106050,172 6.1841510,49.1112260,172 6.1849490,49.1117690,171 6.1852140,49.1119490,171 6.1852850,49.1119970,171 6.1853700,49.1120500,169 6.1853880,49.1121020,168 6.1853950,49.1121200,168 6.1853910,49.1122000,168 6.1853170,49.1127050,170 6.1853030,49.1128700,170 6.1853180,49.1129060,170 6.1853460,49.1129400,169 6.1857050,49.1131960,168 6.1857430,49.1132240,169 6.1858300,49.1132630,170 6.1860810,49.1133510,171 6.1862370,49.1134060,171 6.1862840,49.1134200,171 6.1863560,49.1134430,171 6.1864460,49.1134680,171 6.1866980,49.1136350,171 6.1869630,49.1138120,171 6.1872260,49.1139870,173 6.1873780,49.1140880,172 6.1874970,49.1141540,172 6.1877360,49.1142840,172 6.1877680,49.1142910,172 6.1881520,49.1142900,173 6.1883300,49.1143160,172 6.1885620,49.1143560,173 6.1885080,49.1144760,172 6.1884250,49.1146630,173 6.1883800,49.1147560,174 6.1883630,49.1147970,174 6.1887660,49.1148830,175 6.1889310,49.1148990,175 6.1891440,49.1149090,174 6.1893380,49.1149100,174 6.1894990,49.1149020,174 6.1897010,49.1148950,175 6.1898830,49.1151460,176 6.1901800,49.1155550,176 6.1901720,49.1156150,176 6.1902230,49.1156540,175 6.1903430,49.1157190,175 6.1904670,49.1157650,175 6.1906250,49.1157890,175 6.1907060,49.1157980,175 6.1907120,49.1158350,175 6.1907210,49.1158880,177 6.1914470,49.1158140,176 6.1921670,49.1157890,180 6.1928990,49.1157710,182 6.1933300,49.1159690,185 6.1935080,49.1160570,187 6.1935770,49.1160740,187 6.1938090,49.1161870,188 6.1941350,49.1163520,190 6.1944390,49.1165330,190 6.1946760,49.1166880,191 6.1946310,49.1167320,191 6.1945640,49.1168220,192 6.1944320,49.1172560,192 6.1944170,49.1173280,192 6.1942490,49.1179830,195 6.1942480,49.1180540,195 6.1942480,49.1181150,195 6.1944440,49.1184870,196 6.1949500,49.1193450,198 6.1949780,49.1194250,198 6.1949790,49.1194630,198 6.1949800,49.1195230,198 6.1949450,49.1197680,199 6.1949410,49.1198000,199 6.1949270,49.1198720,199 6.1949200,49.1199110,199 6.1949040,49.1199900,199 6.1948900,49.1200790,199 6.1948000,49.1206540,201 6.1947520,49.1210480,203 6.1947120,49.1212670,203 6.1946990,49.1213380,203 6.1946720,49.1215050,203 6.1946570,49.1215990,203 6.1946430,49.1216870,203 6.1946310,49.1217570,203 6.1947140,49.1217640,203 6.1948740,49.1217750,203 6.1951430,49.1217940,204 6.1951270,49.1218790,204 6.1949280,49.1229950,205 6.1949840,49.1229990,206 6.1950540,49.1230620,206 6.1955900,49.1234370,205 6.1957320,49.1235060,206 6.1958570,49.1235300,206 6.1959530,49.1235020,206 6.1960580,49.1234860,206 6.1961720,49.1234750,206 6.1962950,49.1234790,206 6.1964410,49.1235070,206 6.1966770,49.1235980,205 6.1967240,49.1235950,204 6.1968470,49.1235110,204 6.1970630,49.1235100,202 6.1969990,49.1236270,202 6.1966630,49.1239780,197 6.1965180,49.1241630,196 6.1962720,49.1243930,193 6.1960160,49.1246960,189 6.1957910,49.1249270,188 6.1955910,49.1251230,187 6.1953100,49.1253570,186 6.1950580,49.1255380,186 6.1949740,49.1256880,184 6.1948480,49.1258870,180 6.1946690,49.1260930,178 6.1944320,49.1262720,176 6.1937640,49.1265460,174 6.1934830,49.1267090,172 6.1933600,49.1268250,170 6.1933200,49.1269190,169 6.1932130,49.1269900,168 6.1932870,49.1270020,168 6.1935840,49.1270280,168 6.1937830,49.1271760,168 6.1942680,49.1275350,168 6.1945550,49.1277480,166 6.1945990,49.1277810,166 6.1946230,49.1277980,166 6.1948410,49.1279600,166 6.1949230,49.1280210,167 6.1950070,49.1280830,167 6.1949470,49.1281200,167 6.1949250,49.1281390,166 6.1948610,49.1281860,166 6.1947220,49.1283170,166 6.1946590,49.1284130,165 6.1946120,49.1285030,165 6.1946010,49.1286060,164 6.1946720,49.1290190,164 6.1946980,49.1292500,164 6.1947330,49.1294160,165 6.1947470,49.1295670,165 6.1948770,49.1295700,166 6.1951020,49.1296060,166 6.1951090,49.1296360,165 6.1953180,49.1298620,164 6.1953590,49.1299180,164 6.1954050,49.1299540,164 6.1955400,49.1300340,164 6.1956390,49.1301150,164 6.1957790,49.1301890,164 6.1958550,49.1302630,164 6.1958980,49.1303290,164 6.1960420,49.1302710,164 6.1960990,49.1303410,164 6.1960420,49.1302710,164 6.1958980,49.1303290,164 6.1959520,49.1303870,164 6.1960020,49.1304470,164 6.1960350,49.1305040,164 6.1960920,49.1305730,164 6.1961120,49.1306650,164 6.1961340,49.1307180,164 6.1961620,49.1307710,164 6.1962270,49.1308580,164 6.1961420,49.1308870,164 6.1959480,49.1309550,164 6.1957660,49.1310180,164 6.1959140,49.1311590,164 6.1959710,49.1312130,164 6.1959470,49.1313500,164 6.1959620,49.1314040,164 6.1960230,49.1314890,164 6.1961770,49.1316010,164 6.1963240,49.1317120,164 6.1964620,49.1318080,164 6.1966210,49.1319200,164 6.1967610,49.1320180,164 6.1969180,49.1321320,164 6.1970820,49.1322450,164 6.1972090,49.1323320,164 6.1973610,49.1324390,164 6.1974640,49.1325030,165 6.1975600,49.1325930,164 6.1976210,49.1325870,165 6.1976750,49.1325720,165 6.1977210,49.1325730,165 6.1977830,49.1325940,165 6.1978860,49.1326680,165 6.1979240,49.1327440,166 6.1980020,49.1328830,166 6.1980510,49.1329750,165 6.1981540,49.1329500,165 6.1983390,49.1333030,165 6.1985310,49.1336850,165 6.1985800,49.1336890,165 6.1986240,49.1337080,165 6.1986960,49.1337240,165 6.1988000,49.1337370,165 6.1988990,49.1337530,165 6.1989900,49.1337680,165 6.1991450,49.1338250,165 6.1992440,49.1338790,165 6.1993420,49.1339630,165 6.1993650,49.1339970,165 6.1994130,49.1340870,165 6.1994460,49.1342000,165 6.1994660,49.1343340,165 6.1994910,49.1343700,165 6.1995490,49.1344230,165 6.1996450,49.1344770,165 6.1997260,49.1345000,165 6.1998400,49.1345140,165 6.1999670,49.1345190,165 6.2003460,49.1344880,166 6.2003910,49.1344860,167 6.2003600,49.1346870,166 6.2006680,49.1347270,168 6.2009430,49.1347240,173 6.2012580,49.1347920,180 6.2013430,49.1348260,181 6.2016270,49.1349990,184 6.2020050,49.1353190,192 6.2029830,49.1350940,197 6.2029770,49.1350780,197 6.2029710,49.1350630,197 6.2038790,49.1348280,195 6.2041070,49.1352480,196 6.2041870,49.1353740,197 6.2042760,49.1354810,198 6.2043760,49.1355730,198 6.2045090,49.1356770,199 6.2056090,49.1364640,204 6.2049110,49.1367540,208 6.2041120,49.1370410,210 6.2042550,49.1373340,212 6.2043840,49.1373750,213 6.2046040,49.1375800,216 6.2047920,49.1377610,217 6.2051720,49.1383460,226 6.2052510,49.1384510,227 6.2053610,49.1386530,230 6.2053010,49.1386780,230 6.2056030,49.1392630,235 6.2060330,49.1398260,242 6.2061560,49.1399810,242 6.2064050,49.1402870,244 6.2067290,49.1406480,245 6.2069400,49.1408700,247 6.2073130,49.1413190,248 6.2073350,49.1413840,248 6.2072380,49.1415460,246 6.2071800,49.1415310,246 6.2072380,49.1415460,246 6.2072270,49.1415820,246 6.2072280,49.1416100,245 6.2073110,49.1416350,246 6.2073360,49.1416610,245 6.2073160,49.1417170,245 6.2072350,49.1417810,244 6.2071680,49.1418100,243 6.2071290,49.1418270,242 6.2073090,49.1419800,242 6.2080110,49.1426900,241 6.2082790,49.1430130,239 6.2085570,49.1434270,237 6.2090570,49.1442360,235 6.2099800,49.1457440,233 6.2117750,49.1451660,218 6.2121350,49.1450430,218 6.2136160,49.1442610,228 6.2144310,49.1438540,236 6.2146670,49.1436640,238 6.2147960,49.1434260,242 6.2149460,49.1432360,244 6.2151390,49.1431170,246 6.2153900,49.1430400,248 6.2159010,49.1429480,250 6.2166960,49.1428400,253 6.2172170,49.1427460,255 6.2177100,49.1427040,257 6.2178620,49.1428170,256 6.2181810,49.1429990,255 6.2184230,49.1431760,254 6.2185790,49.1432820,253 6.2187200,49.1433460,253 6.2188750,49.1434060,253 6.2189850,49.1434230,253 6.2190990,49.1434240,253 6.2189850,49.1434230,253 6.2188750,49.1434060,253 6.2187200,49.1433460,253 6.2185790,49.1432820,253 6.2184230,49.1431760,254 6.2181810,49.1429990,255 6.2178620,49.1428170,256 6.2177100,49.1427040,257 6.2175320,49.1426050,257 6.2161520,49.1416990,262 6.2161130,49.1416740,262 6.2163100,49.1415120,262 6.2171210,49.1408270,262 6.2172970,49.1406860,262 6.2172600,49.1405770,262 6.2171120,49.1400420,260 6.2168470,49.1390810,255 6.2171160,49.1382290,250 6.2172040,49.1378920,249 6.2172620,49.1378370,249 6.2173060,49.1377940,249 6.2172240,49.1377580,249 6.2172550,49.1377280,249 6.2177850,49.1372180,247 6.2176570,49.1370520,246 6.2170420,49.1366720,244 6.2168990,49.1365930,244 6.2168170,49.1365280,244 6.2165240,49.1363610,243 6.2164700,49.1363360,243 6.2151570,49.1356520,241 6.2154610,49.1353960,241 6.2154690,49.1353590,241 6.2154520,49.1353210,241 6.2146440,49.1348610,240 6.2146110,49.1348410,240 6.2145550,49.1348070,240 6.2146100,49.1347850,240 6.2147330,49.1347170,240 6.2148320,49.1346530,240 6.2151130,49.1344550,240 6.2150490,49.1344140,240 6.2150270,49.1343990,240 6.2140200,49.1337860,240 6.2139860,49.1337560,240 6.2139800,49.1337240,240 6.2139880,49.1336910,240 6.2140140,49.1336630,240 6.2143380,49.1334340,240 6.2144690,49.1333420,240 6.2145200,49.1333070,240 6.2146230,49.1333080,240 6.2146630,49.1333300,241 6.2148850,49.1331690,241 6.2148420,49.1326450,241 6.2145190,49.1324170,242 6.2145870,49.1323450,241 6.2148220,49.1321720,241 6.2149330,49.1322510,241 6.2150670,49.1321640,240 6.2152240,49.1320490,240 6.2150170,49.1319230,240 6.2149180,49.1318620,240 6.2150460,49.1317700,239 6.2151220,49.1317170,239 6.2152690,49.1317390,239 6.2154920,49.1315600,238 6.2155210,49.1314440,237 6.2156710,49.1313060,236 6.2160700,49.1309150,232 6.2162150,49.1307290,231 6.2159400,49.1306710,232 6.2156660,49.1306120,233 6.2152980,49.1304240,233 6.2149480,49.1302610,233 6.2145650,49.1301050,233 6.2142040,49.1299730,233 6.2142220,49.1299360,232 6.2142970,49.1298640,232 6.2144070,49.1297800,231 6.2144760,49.1297220,231 6.2145300,49.1296550,230 6.2145780,49.1295630,229 6.2146120,49.1294750,228 6.2146740,49.1293960,228 6.2147200,49.1293280,228 6.2148770,49.1290990,226 6.2150840,49.1288450,224 6.2152150,49.1287720,223 6.2155910,49.1285170,219 6.2156350,49.1284570,219 6.2154660,49.1283970,219 6.2148620,49.1281880,219 6.2140660,49.1279490,218 6.2135990,49.1278240,218 6.2131220,49.1277120,218 6.2125420,49.1275860,220 6.2122310,49.1275240,219 6.2121690,49.1274850,219 6.2122190,49.1274570,218 6.2122620,49.1274220,218 6.2123850,49.1270380,214 6.2124020,49.1269590,214 6.2123890,49.1268390,212 6.2123600,49.1267360,211 6.2123190,49.1266770,211 6.2121670,49.1265310,210 6.2120180,49.1264580,210 6.2119140,49.1263980,209 6.2120280,49.1263300,208 6.2124220,49.1254980,191 6.2121280,49.1254390,190 6.2119070,49.1254160,190 6.2119180,49.1253950,190 6.2119420,49.1253870,189 6.2120540,49.1253890,189 6.2120620,49.1253730,189 6.2120540,49.1253430,188 6.2120190,49.1252720,187 6.2119730,49.1252100,186 6.2119250,49.1251600,185 6.2117960,49.1250850,184 6.2117510,49.1250430,184 6.2116980,49.1249520,182 6.2116820,49.1248840,181 6.2116820,49.1248250,180 6.2116650,49.1247660,180 6.2115800,49.1246580,178 6.2115350,49.1245640,177 6.2115150,49.1245390,176 6.2112850,49.1242480,172 6.2110320,49.1242390,172 6.2110380,49.1241500,171 6.2109860,49.1241370,171 6.2107610,49.1240410,170 6.2107430,49.1240280,170 6.2106760,49.1240020,170 6.2106130,49.1239570,170 6.2104510,49.1237780,169 6.2104100,49.1237440,169 6.2102950,49.1236040,169 6.2101120,49.1234820,169 6.2100640,49.1234290,170 6.2100360,49.1233870,170 6.2099070,49.1232820,169 6.2098560,49.1232420,169 6.2097760,49.1232020,169 6.2095990,49.1231860,169 6.2094840,49.1231910,169 6.2094270,49.1232000,169 6.2093090,49.1232430,168 6.2092170,49.1232410,168 6.2090200,49.1231800,169 6.2088930,49.1231600,169 6.2087830,49.1231990,169 6.2086090,49.1232260,168 6.2083600,49.1232970,169 6.2081010,49.1233490,169 6.2077530,49.1234070,170 6.2075450,49.1234350,169 6.2074900,49.1234300,169 6.2073700,49.1235000,168 6.2073010,49.1235240,168 6.2071840,49.1235540,168 6.2066880,49.1236550,170 6.2066280,49.1236360,170 6.2066000,49.1236160,170 6.2061540,49.1237290,168 6.2060410,49.1234890,169 6.2059180,49.1232290,170 6.2059040,49.1232000,170 6.2058960,49.1231840,170 6.2058540,49.1230940,170 6.2056580,49.1231260,170 6.2055890,49.1231370,170 6.2052780,49.1232010,170 6.2049730,49.1232730,170 6.2047520,49.1229290,174 6.2046520,49.1227240,177 6.2045310,49.1225010,182 6.2043530,49.1222690,188 6.2042700,49.1221300,190 6.2040580,49.1217990,200 6.2039680,49.1217800,200 6.2039250,49.1218110,200 6.2038280,49.1218390,200 6.2034240,49.1218500,203 6.2032920,49.1218450,203 6.2033450,49.1217420,204 6.2033640,49.1216260,205 6.2033570,49.1213460,207 6.2033450,49.1209070,208 6.2033430,49.1208900,209 6.2033420,49.1208520,209 6.2036120,49.1207900,209 6.2035970,49.1207560,209 6.2035500,49.1206810,209 6.2032710,49.1203260,209 6.2032160,49.1203230,209 6.2031520,49.1203090,209 6.2030710,49.1202830,209 6.2025760,49.1201610,208 6.2024460,49.1201550,208 6.2021000,49.1200410,208 6.2020430,49.1200150,208 6.2019750,49.1199830,208 6.2019470,49.1199620,208 6.2019200,49.1199410,208 6.2016280,49.1197970,207 6.2014480,49.1197270,207 6.2010610,49.1195930,206 6.2007200,49.1194780,206 6.2005630,49.1194400,205 6.2004720,49.1194220,205 6.2001950,49.1193730,206 6.2000520,49.1193550,206 6.1998260,49.1193270,206 6.1997190,49.1193130,206 6.1993960,49.1193010,205 6.1992170,49.1192950,205 6.1981280,49.1192190,204 6.1980370,49.1191890,204 6.1978060,49.1191780,202 6.1977110,49.1192210,202 6.1976550,49.1192170,202 6.1971440,49.1191820,201 6.1971540,49.1191260,201 6.1971750,49.1190130,201 6.1972080,49.1188390,201 6.1972640,49.1185390,200 6.1972080,49.1185350,200 6.1972430,49.1183140,199 6.1971230,49.1182760,198 6.1969680,49.1182480,198 6.1968450,49.1182600,198 6.1966880,49.1183040,198 6.1966350,49.1183000,198 6.1965470,49.1182820,198 6.1964640,49.1182670,198 6.1964760,49.1181770,198 6.1964580,49.1180860,198 6.1964650,49.1180290,198 6.1964870,49.1179950,198 6.1965570,49.1179290,197 6.1965790,49.1178960,197 6.1965960,49.1178240,197 6.1966060,49.1177270,196 6.1966300,49.1176190,196 6.1966860,49.1174350,196 6.1967280,49.1173370,196 6.1967130,49.1172780,195 6.1966880,49.1172640,195 6.1966990,49.1171830,195 6.1959330,49.1171430,194 6.1958460,49.1171390,194 6.1956840,49.1171110,193 6.1955630,49.1170610,193 6.1954780,49.1169850,192 6.1953420,49.1167710,192 6.1952530,49.1167850,191 6.1951430,49.1167960,192 6.1950190,49.1167870,192 6.1948190,49.1167470,191 6.1946760,49.1166880,191 6.1944390,49.1165330,190 6.1941350,49.1163520,190 6.1938090,49.1161870,188 6.1935770,49.1160740,187 6.1935080,49.1160570,187 6.1933300,49.1159690,185 6.1928990,49.1157710,182 6.1921670,49.1157890,180 6.1914470,49.1158140,176 6.1907210,49.1158880,177 6.1907120,49.1158350,175 6.1907060,49.1157980,175 6.1906250,49.1157890,175 6.1904670,49.1157650,175 6.1903430,49.1157190,175 6.1902230,49.1156540,175 6.1901720,49.1156150,176 6.1901800,49.1155550,176 6.1898830,49.1151460,176 6.1897010,49.1148950,175 6.1894990,49.1149020,174 6.1893380,49.1149100,174 6.1891440,49.1149090,174 6.1889310,49.1148990,175 6.1887660,49.1148830,175 6.1883630,49.1147970,174 6.1883800,49.1147560,174 6.1884250,49.1146630,173 6.1885080,49.1144760,172 6.1885620,49.1143560,173 6.1883300,49.1143160,172 6.1881520,49.1142900,173 6.1877680,49.1142910,172 6.1877360,49.1142840,172 6.1874970,49.1141540,172 6.1873780,49.1140880,172 6.1872260,49.1139870,173 6.1869630,49.1138120,171 6.1866980,49.1136350,171 6.1864460,49.1134680,171 6.1863560,49.1134430,171 6.1862840,49.1134200,171 6.1862370,49.1134060,171 6.1860810,49.1133510,171 6.1858300,49.1132630,170 6.1857430,49.1132240,169 6.1857050,49.1131960,168 6.1853460,49.1129400,169 6.1853180,49.1129060,170 6.1853030,49.1128700,170 6.1853170,49.1127050,170 6.1853910,49.1122000,168 6.1853950,49.1121200,168 6.1853880,49.1121020,168 6.1853700,49.1120500,169 6.1852850,49.1119970,171 6.1852140,49.1119490,171 6.1849490,49.1117690,171 6.1841510,49.1112260,172 6.1832080,49.1106050,172 6.1832290,49.1105420,172 6.1832520,49.1104870,172 6.1831580,49.1104310,172 6.1830580,49.1103790,172 6.1829820,49.1103420,172 6.1829010,49.1103120,172 6.1827060,49.1102360,172 6.1824260,49.1100840,175 6.1822780,49.1099880,173 6.1822080,49.1099150,172 6.1816320,49.1095410,172 6.1816630,49.1095210,171 6.1817440,49.1094700,171 6.1818520,49.1093260,171 6.1819270,49.1092350,171 6.1820930,49.1091350,171 6.1820870,49.1090870,171 6.1820310,49.1086500,171 6.1821970,49.1086390,171 6.1822080,49.1086180,171 6.1820400,49.1085720,171 6.1816860,49.1086090,171 6.1816710,49.1086350,171 6.1816010,49.1086180,171 6.1813220,49.1086460,171 6.1810500,49.1084250,172</coordinates></LineString></Placemark>
  </Folder>
  <Folder><name>Saint-Julien et Grimont, depuis la rue des Parmentiers</name><description>12.3 km. D+ 164 m. 27 % de chemins. La meme boucle prise de chez soi : un kilometre de moins, et plus rien en double.</description>
    <Placemark><name>Depart : Rue des Parmentiers, Metz</name><description>Depart des deux boucles vers Borny, dans la Nouvelle Ville. A dix minutes a pied de la gare, dont il partage les commodites.</description><styleUrl>#depart</styleUrl><Point><coordinates>6.1768700,49.1153870,0</coordinates></Point></Placemark>
    <Placemark><name>1. Parc Marie et Mathias</name><description>Au pied de la cote de Saint-Julien.</description><styleUrl>#etape</styleUrl><Point><coordinates>6.1960500,49.1303700,0</coordinates></Point></Placemark>
    <Placemark><name>2. Fort de Saint-Julien, lisiere</name><description>Le chemin qui longe le fort par le nord. Le point est pose sur le chemin plutot que dans le fort : y entrer obligeait a revenir sur ses pas.</description><styleUrl>#etape</styleUrl><Point><coordinates>6.2072000,49.1415000,0</coordinates></Point></Placemark>
    <Placemark><name>3. Bois de Grimont</name><description>Bois de coteau au nord-est, vue sur la vallee de la Moselle.</description><styleUrl>#etape</styleUrl><Point><coordinates>6.2190990,49.1434240,0</coordinates></Point></Placemark>
    <Placemark><name>4. Espace naturel pedagogique, Saint-Julien</name><description></description><styleUrl>#etape</styleUrl><Point><coordinates>6.2150700,49.1315900,0</coordinates></Point></Placemark>
    <Placemark><name>5. Parc Marthe Cohn</name><description></description><styleUrl>#etape</styleUrl><Point><coordinates>6.2089100,49.1234900,0</coordinates></Point></Placemark>
    <Style id="t25"><LineStyle><color>ffB5654F</color><width>4</width></LineStyle></Style>
    <Placemark><name>Saint-Julien et Grimont, depuis la rue des Parmentiers</name><description>12.3 km. D+ 164 m. 27 % de chemins. La meme boucle prise de chez soi : un kilometre de moins, et plus rien en double.</description><styleUrl>#t25</styleUrl><LineString><tessellate>1</tessellate><coordinates>6.1768670,49.1153870,174 6.1770330,49.1155220,175 6.1772820,49.1158090,174 6.1774070,49.1160140,174 6.1775060,49.1161750,174 6.1776130,49.1163200,174 6.1776540,49.1163770,174 6.1776850,49.1164140,174 6.1779150,49.1166880,174 6.1780910,49.1168970,173 6.1782950,49.1168450,173 6.1785530,49.1167900,172 6.1787960,49.1167550,170 6.1788320,49.1167490,170 6.1788700,49.1167480,170 6.1789550,49.1171380,170 6.1789830,49.1172960,170 6.1790180,49.1174570,171 6.1789760,49.1175840,171 6.1789720,49.1175980,171 6.1789600,49.1176310,171 6.1788930,49.1178150,171 6.1789290,49.1178450,171 6.1789720,49.1178900,171 6.1789490,49.1178980,171 6.1790380,49.1179930,171 6.1792020,49.1181300,172 6.1791880,49.1181960,173 6.1791940,49.1182250,174 6.1792720,49.1183150,174 6.1795320,49.1185250,176 6.1797530,49.1186860,177 6.1799970,49.1188430,179 6.1802650,49.1189900,178 6.1802880,49.1190030,178 6.1805580,49.1191630,178 6.1809070,49.1192530,176 6.1809150,49.1192550,176 6.1809730,49.1192680,175 6.1810300,49.1192710,174 6.1810610,49.1192860,174 6.1810790,49.1193220,176 6.1810640,49.1193510,177 6.1811750,49.1193900,176 6.1815140,49.1195050,172 6.1816110,49.1195330,172 6.1816780,49.1195550,172 6.1819010,49.1196310,169 6.1820140,49.1196400,168 6.1820540,49.1197070,168 6.1826420,49.1199360,168 6.1826580,49.1199620,168 6.1826690,49.1199590,168 6.1826960,49.1199670,168 6.1827280,49.1199790,168 6.1827500,49.1199700,168 6.1830990,49.1201050,168 6.1836320,49.1203240,168 6.1837680,49.1203770,168 6.1837710,49.1203880,168 6.1837560,49.1204040,168 6.1837820,49.1204110,168 6.1838200,49.1204230,168 6.1838570,49.1204370,168 6.1838720,49.1204420,168 6.1838540,49.1204680,168 6.1838690,49.1204720,168 6.1839090,49.1204820,168 6.1839530,49.1204950,168 6.1839700,49.1205050,168 6.1840050,49.1205220,168 6.1840460,49.1204890,168 6.1844590,49.1206520,169 6.1845340,49.1206860,169 6.1846580,49.1207550,169 6.1848850,49.1209040,168 6.1849690,49.1209820,168 6.1850150,49.1210050,168 6.1851630,49.1210480,168 6.1852740,49.1211070,168 6.1853650,49.1211420,168 6.1855290,49.1212850,168 6.1856170,49.1213800,168 6.1856830,49.1214740,168 6.1857280,49.1215490,168 6.1858700,49.1219050,167 6.1859890,49.1221660,167 6.1860750,49.1224170,167 6.1860930,49.1225300,167 6.1860900,49.1225870,167 6.1860800,49.1227220,167 6.1860600,49.1227830,167 6.1861780,49.1227980,166 6.1866510,49.1228440,168 6.1866860,49.1228480,168 6.1868010,49.1228580,170 6.1873010,49.1229070,171 6.1874950,49.1229260,170 6.1876220,49.1229390,170 6.1877670,49.1229530,171 6.1877820,49.1229990,171 6.1877790,49.1230850,171 6.1877760,49.1232080,171 6.1877060,49.1236240,172 6.1876610,49.1239830,172 6.1875950,49.1243360,172 6.1874760,49.1248730,172 6.1874750,49.1248740,172 6.1874070,49.1251270,172 6.1873390,49.1253350,172 6.1872630,49.1254420,171 6.1872550,49.1254640,171 6.1872690,49.1255540,171 6.1872850,49.1255880,171 6.1873350,49.1256120,171 6.1873740,49.1256260,171 6.1874620,49.1256310,172 6.1875400,49.1256370,172 6.1876200,49.1256200,171 6.1876680,49.1256040,171 6.1877610,49.1255730,171 6.1880300,49.1255690,171 6.1882380,49.1256710,170 6.1884810,49.1257710,170 6.1893160,49.1260910,170 6.1893930,49.1262990,169 6.1893920,49.1263870,168 6.1894430,49.1263380,169 6.1895770,49.1264000,169 6.1897520,49.1263850,169 6.1900680,49.1263620,169 6.1904480,49.1264460,170 6.1911790,49.1265860,170 6.1923050,49.1268160,170 6.1925620,49.1268680,170 6.1929930,49.1269560,169 6.1932130,49.1269900,168 6.1932870,49.1270020,168 6.1935840,49.1270280,168 6.1937830,49.1271760,168 6.1942680,49.1275350,168 6.1945550,49.1277480,166 6.1945990,49.1277810,166 6.1946230,49.1277980,166 6.1948410,49.1279600,166 6.1949230,49.1280210,167 6.1950070,49.1280830,167 6.1949470,49.1281200,167 6.1949250,49.1281390,166 6.1948610,49.1281860,166 6.1947220,49.1283170,166 6.1946590,49.1284130,165 6.1946120,49.1285030,165 6.1946010,49.1286060,164 6.1946720,49.1290190,164 6.1946980,49.1292500,164 6.1947330,49.1294160,165 6.1947470,49.1295670,165 6.1948770,49.1295700,166 6.1951020,49.1296060,166 6.1951090,49.1296360,165 6.1953180,49.1298620,164 6.1953590,49.1299180,164 6.1954050,49.1299540,164 6.1955400,49.1300340,164 6.1956390,49.1301150,164 6.1957790,49.1301890,164 6.1958550,49.1302630,164 6.1958980,49.1303290,164 6.1960420,49.1302710,164 6.1960990,49.1303410,164 6.1960420,49.1302710,164 6.1958980,49.1303290,164 6.1959520,49.1303870,164 6.1960020,49.1304470,164 6.1960350,49.1305040,164 6.1960920,49.1305730,164 6.1961120,49.1306650,164 6.1961340,49.1307180,164 6.1961620,49.1307710,164 6.1962270,49.1308580,164 6.1961420,49.1308870,164 6.1959480,49.1309550,164 6.1957660,49.1310180,164 6.1959140,49.1311590,164 6.1959710,49.1312130,164 6.1959470,49.1313500,164 6.1959620,49.1314040,164 6.1960230,49.1314890,164 6.1961770,49.1316010,164 6.1963240,49.1317120,164 6.1964620,49.1318080,164 6.1966210,49.1319200,164 6.1967610,49.1320180,164 6.1969180,49.1321320,164 6.1970820,49.1322450,164 6.1972090,49.1323320,164 6.1973610,49.1324390,164 6.1974640,49.1325030,165 6.1975600,49.1325930,164 6.1976210,49.1325870,165 6.1976750,49.1325720,165 6.1977210,49.1325730,165 6.1977830,49.1325940,165 6.1978860,49.1326680,165 6.1979240,49.1327440,166 6.1980020,49.1328830,166 6.1980510,49.1329750,165 6.1981540,49.1329500,165 6.1983390,49.1333030,165 6.1985310,49.1336850,165 6.1985800,49.1336890,165 6.1986240,49.1337080,165 6.1986960,49.1337240,165 6.1988000,49.1337370,165 6.1988990,49.1337530,165 6.1989900,49.1337680,165 6.1991450,49.1338250,165 6.1992440,49.1338790,165 6.1993420,49.1339630,165 6.1993650,49.1339970,165 6.1994130,49.1340870,165 6.1994460,49.1342000,165 6.1994660,49.1343340,165 6.1994910,49.1343700,165 6.1995490,49.1344230,165 6.1996450,49.1344770,165 6.1997260,49.1345000,165 6.1998400,49.1345140,165 6.1999670,49.1345190,165 6.2003460,49.1344880,166 6.2003910,49.1344860,167 6.2003600,49.1346870,166 6.2006680,49.1347270,168 6.2009430,49.1347240,173 6.2012580,49.1347920,180 6.2013430,49.1348260,181 6.2016270,49.1349990,184 6.2020050,49.1353190,192 6.2029830,49.1350940,197 6.2029770,49.1350780,197 6.2029710,49.1350630,197 6.2038790,49.1348280,195 6.2041070,49.1352480,196 6.2041870,49.1353740,197 6.2042760,49.1354810,198 6.2043760,49.1355730,198 6.2045090,49.1356770,199 6.2056090,49.1364640,204 6.2049110,49.1367540,208 6.2041120,49.1370410,210 6.2042550,49.1373340,212 6.2043840,49.1373750,213 6.2046040,49.1375800,216 6.2047920,49.1377610,217 6.2051720,49.1383460,226 6.2052510,49.1384510,227 6.2053610,49.1386530,230 6.2053010,49.1386780,230 6.2056030,49.1392630,235 6.2060330,49.1398260,242 6.2061560,49.1399810,242 6.2064050,49.1402870,244 6.2067290,49.1406480,245 6.2069400,49.1408700,247 6.2073130,49.1413190,248 6.2073350,49.1413840,248 6.2072380,49.1415460,246 6.2071800,49.1415310,246 6.2072380,49.1415460,246 6.2072270,49.1415820,246 6.2072280,49.1416100,245 6.2073110,49.1416350,246 6.2073360,49.1416610,245 6.2073160,49.1417170,245 6.2072350,49.1417810,244 6.2071680,49.1418100,243 6.2071290,49.1418270,242 6.2073090,49.1419800,242 6.2080110,49.1426900,241 6.2082790,49.1430130,239 6.2085570,49.1434270,237 6.2090570,49.1442360,235 6.2099800,49.1457440,233 6.2117750,49.1451660,218 6.2121350,49.1450430,218 6.2136160,49.1442610,228 6.2144310,49.1438540,236 6.2146670,49.1436640,238 6.2147960,49.1434260,242 6.2149460,49.1432360,244 6.2151390,49.1431170,246 6.2153900,49.1430400,248 6.2159010,49.1429480,250 6.2166960,49.1428400,253 6.2172170,49.1427460,255 6.2177100,49.1427040,257 6.2178620,49.1428170,256 6.2181810,49.1429990,255 6.2184230,49.1431760,254 6.2185790,49.1432820,253 6.2187200,49.1433460,253 6.2188750,49.1434060,253 6.2189850,49.1434230,253 6.2190990,49.1434240,253 6.2189850,49.1434230,253 6.2188750,49.1434060,253 6.2187200,49.1433460,253 6.2185790,49.1432820,253 6.2184230,49.1431760,254 6.2181810,49.1429990,255 6.2178620,49.1428170,256 6.2177100,49.1427040,257 6.2175320,49.1426050,257 6.2161520,49.1416990,262 6.2161130,49.1416740,262 6.2163100,49.1415120,262 6.2171210,49.1408270,262 6.2172970,49.1406860,262 6.2172600,49.1405770,262 6.2171120,49.1400420,260 6.2168470,49.1390810,255 6.2171160,49.1382290,250 6.2172040,49.1378920,249 6.2172620,49.1378370,249 6.2173060,49.1377940,249 6.2172240,49.1377580,249 6.2172550,49.1377280,249 6.2177850,49.1372180,247 6.2176570,49.1370520,246 6.2170420,49.1366720,244 6.2168990,49.1365930,244 6.2168170,49.1365280,244 6.2165240,49.1363610,243 6.2164700,49.1363360,243 6.2151570,49.1356520,241 6.2154610,49.1353960,241 6.2154690,49.1353590,241 6.2154520,49.1353210,241 6.2146440,49.1348610,240 6.2146110,49.1348410,240 6.2145550,49.1348070,240 6.2146100,49.1347850,240 6.2147330,49.1347170,240 6.2148320,49.1346530,240 6.2151130,49.1344550,240 6.2150490,49.1344140,240 6.2150270,49.1343990,240 6.2140200,49.1337860,240 6.2139860,49.1337560,240 6.2139800,49.1337240,240 6.2139880,49.1336910,240 6.2140140,49.1336630,240 6.2143380,49.1334340,240 6.2144690,49.1333420,240 6.2145200,49.1333070,240 6.2146230,49.1333080,240 6.2146630,49.1333300,241 6.2148850,49.1331690,241 6.2148420,49.1326450,241 6.2145190,49.1324170,242 6.2145870,49.1323450,241 6.2148220,49.1321720,241 6.2149330,49.1322510,241 6.2150670,49.1321640,240 6.2152240,49.1320490,240 6.2150170,49.1319230,240 6.2149180,49.1318620,240 6.2150460,49.1317700,239 6.2151220,49.1317170,239 6.2152690,49.1317390,239 6.2154920,49.1315600,238 6.2155210,49.1314440,237 6.2156710,49.1313060,236 6.2160700,49.1309150,232 6.2162150,49.1307290,231 6.2159400,49.1306710,232 6.2156660,49.1306120,233 6.2152980,49.1304240,233 6.2149480,49.1302610,233 6.2145650,49.1301050,233 6.2142040,49.1299730,233 6.2142220,49.1299360,232 6.2142970,49.1298640,232 6.2144070,49.1297800,231 6.2144760,49.1297220,231 6.2145300,49.1296550,230 6.2145780,49.1295630,229 6.2146120,49.1294750,228 6.2146740,49.1293960,228 6.2147200,49.1293280,228 6.2148770,49.1290990,226 6.2150840,49.1288450,224 6.2152150,49.1287720,223 6.2155910,49.1285170,219 6.2156350,49.1284570,219 6.2154660,49.1283970,219 6.2148620,49.1281880,219 6.2140660,49.1279490,218 6.2135990,49.1278240,218 6.2131220,49.1277120,218 6.2125420,49.1275860,220 6.2122310,49.1275240,219 6.2121690,49.1274850,219 6.2122190,49.1274570,218 6.2122620,49.1274220,218 6.2123850,49.1270380,214 6.2124020,49.1269590,214 6.2123890,49.1268390,212 6.2123600,49.1267360,211 6.2123190,49.1266770,211 6.2121670,49.1265310,210 6.2120180,49.1264580,210 6.2119140,49.1263980,209 6.2120280,49.1263300,208 6.2124220,49.1254980,191 6.2121280,49.1254390,190 6.2119070,49.1254160,190 6.2119180,49.1253950,190 6.2119420,49.1253870,189 6.2120540,49.1253890,189 6.2120620,49.1253730,189 6.2120540,49.1253430,188 6.2120190,49.1252720,187 6.2119730,49.1252100,186 6.2119250,49.1251600,185 6.2117960,49.1250850,184 6.2117510,49.1250430,184 6.2116980,49.1249520,182 6.2116820,49.1248840,181 6.2116820,49.1248250,180 6.2116650,49.1247660,180 6.2115800,49.1246580,178 6.2115350,49.1245640,177 6.2115150,49.1245390,176 6.2112850,49.1242480,172 6.2110320,49.1242390,172 6.2110380,49.1241500,171 6.2109860,49.1241370,171 6.2107610,49.1240410,170 6.2107430,49.1240280,170 6.2106760,49.1240020,170 6.2106130,49.1239570,170 6.2104510,49.1237780,169 6.2104100,49.1237440,169 6.2102950,49.1236040,169 6.2101120,49.1234820,169 6.2100640,49.1234290,170 6.2100360,49.1233870,170 6.2099070,49.1232820,169 6.2098560,49.1232420,169 6.2097760,49.1232020,169 6.2095990,49.1231860,169 6.2094840,49.1231910,169 6.2094270,49.1232000,169 6.2093090,49.1232430,168 6.2092170,49.1232410,168 6.2090200,49.1231800,169 6.2088930,49.1231600,169 6.2087830,49.1231990,169 6.2086090,49.1232260,168 6.2083600,49.1232970,169 6.2081010,49.1233490,169 6.2077530,49.1234070,170 6.2075450,49.1234350,169 6.2074900,49.1234300,169 6.2073700,49.1235000,168 6.2073010,49.1235240,168 6.2071840,49.1235540,168 6.2066880,49.1236550,170 6.2066280,49.1236360,170 6.2066000,49.1236160,170 6.2061540,49.1237290,168 6.2060410,49.1234890,169 6.2059180,49.1232290,170 6.2059040,49.1232000,170 6.2058960,49.1231840,170 6.2058540,49.1230940,170 6.2056580,49.1231260,170 6.2055890,49.1231370,170 6.2052780,49.1232010,170 6.2049730,49.1232730,170 6.2047520,49.1229290,174 6.2046520,49.1227240,177 6.2045310,49.1225010,182 6.2043530,49.1222690,188 6.2042700,49.1221300,190 6.2040580,49.1217990,200 6.2039680,49.1217800,200 6.2039250,49.1218110,200 6.2038280,49.1218390,200 6.2034240,49.1218500,203 6.2032920,49.1218450,203 6.2033450,49.1217420,204 6.2033640,49.1216260,205 6.2033570,49.1213460,207 6.2032950,49.1213470,207 6.2029350,49.1213510,207 6.2028020,49.1213600,207 6.2026380,49.1213420,207 6.2024730,49.1213510,207 6.2021370,49.1214110,208 6.2017320,49.1211310,209 6.2016580,49.1210540,209 6.2016420,49.1210230,209 6.2013150,49.1210840,209 6.2012440,49.1210970,209 6.2011500,49.1208130,210 6.2011680,49.1207780,210 6.2012200,49.1205090,210 6.2003010,49.1205070,209 6.2003550,49.1202430,208 6.2002690,49.1202300,208 6.2002160,49.1202050,208 6.2001480,49.1202190,208 6.2000900,49.1202180,208 6.1998020,49.1202110,208 6.1995900,49.1202050,207 6.1987580,49.1202010,206 6.1981650,49.1202030,206 6.1981310,49.1202030,206 6.1980720,49.1202030,206 6.1980710,49.1201310,206 6.1980650,49.1195580,204 6.1980640,49.1194770,204 6.1979180,49.1194660,204 6.1976100,49.1194420,202 6.1973500,49.1194220,202 6.1963810,49.1193470,201 6.1963070,49.1193410,200 6.1962900,49.1194330,200 6.1962670,49.1195580,201 6.1957510,49.1195390,200 6.1956290,49.1195310,200 6.1950700,49.1194930,198 6.1950720,49.1194220,198 6.1949780,49.1194250,198 6.1949160,49.1194360,198 6.1946840,49.1194310,198 6.1943900,49.1194400,198 6.1934960,49.1194010,198 6.1933820,49.1193730,198 6.1929430,49.1192670,198 6.1927850,49.1192170,197 6.1926910,49.1191740,197 6.1923410,49.1189690,196 6.1922290,49.1188770,195 6.1917890,49.1185680,196 6.1914910,49.1183430,192 6.1913910,49.1182650,192 6.1912090,49.1181510,191 6.1910380,49.1180650,191 6.1909090,49.1180110,190 6.1906900,49.1179340,190 6.1905270,49.1179000,190 6.1900480,49.1178490,188 6.1899820,49.1178490,187 6.1899270,49.1178810,187 6.1897970,49.1179210,187 6.1897690,49.1179300,186 6.1897350,49.1179420,186 6.1896860,49.1178910,186 6.1896350,49.1178420,186 6.1894830,49.1177260,184 6.1893950,49.1176740,184 6.1892920,49.1176260,184 6.1891690,49.1176030,184 6.1890860,49.1176010,184 6.1889920,49.1176110,183 6.1889040,49.1176430,182 6.1888260,49.1176880,182 6.1887600,49.1177470,182 6.1887120,49.1178280,181 6.1886000,49.1177940,180 6.1885090,49.1177920,178 6.1878120,49.1178700,178 6.1877440,49.1178580,178 6.1877290,49.1178480,178 6.1877140,49.1178090,178 6.1877180,49.1177600,178 6.1877440,49.1176800,177 6.1877550,49.1176720,176 6.1877730,49.1176700,176 6.1877900,49.1176810,176 6.1877950,49.1176960,176 6.1878100,49.1177000,176 6.1878240,49.1176970,176 6.1878320,49.1176870,176 6.1878350,49.1175840,175 6.1878110,49.1175160,174 6.1877450,49.1174540,174 6.1877360,49.1174260,175 6.1875770,49.1174100,177 6.1861480,49.1173930,173 6.1859300,49.1173890,169 6.1854670,49.1173840,168 6.1853720,49.1174160,170 6.1853350,49.1173420,172 6.1852980,49.1172680,172 6.1852330,49.1172800,173 6.1851920,49.1172950,173 6.1851370,49.1173170,172 6.1850600,49.1173300,172 6.1850090,49.1173290,172 6.1849340,49.1173280,172 6.1849150,49.1170520,172 6.1848330,49.1167880,172 6.1847010,49.1167790,172 6.1841200,49.1167130,171 6.1838790,49.1166640,171 6.1836860,49.1166030,171 6.1834880,49.1165190,171 6.1830050,49.1162600,170 6.1829640,49.1162390,170 6.1828440,49.1161690,170 6.1826990,49.1161150,170 6.1825060,49.1159740,170 6.1824430,49.1159390,169 6.1820560,49.1157580,168 6.1820260,49.1157470,168 6.1816780,49.1155950,169 6.1816500,49.1155840,169 6.1816220,49.1155720,169 6.1814530,49.1157410,169 6.1813900,49.1157200,169 6.1813370,49.1157050,169 6.1813050,49.1157390,168 6.1812780,49.1157740,168 6.1812530,49.1157700,168 6.1811300,49.1157510,168 6.1809120,49.1157220,168 6.1808290,49.1157350,168 6.1805850,49.1157390,168 6.1798500,49.1157670,169 6.1798310,49.1157680,169 6.1791040,49.1158010,170 6.1790870,49.1156900,170 6.1789790,49.1156960,171 6.1786130,49.1157160,171 6.1786030,49.1157080,171 6.1785390,49.1156610,172 6.1784910,49.1156250,172 6.1781300,49.1156960,174 6.1778990,49.1157770,174 6.1776380,49.1158940,174 6.1774070,49.1160140,174 6.1772820,49.1158090,174 6.1770330,49.1155220,175 6.1768670,49.1153870,174</coordinates></LineString></Placemark>
  </Folder>
  <Folder><name>Grange-aux-Bois et les lacs du Technopole</name><description>14.1 km. D+ 117 m. 33 % de chemins. Par Plantieres et le fort de Queuleu, puis la ceinture verte jusqu'a Grange-aux-Bois, la Roseraie et le lac Ariane ; retour par le Technopole et le lac Symphonie. Le premier kilometre se fait a l'aller et au retour.</description>
    <Placemark><name>Depart : Centre Pompidou-Metz, parvis</name><description>Point de rendez-vous, sur le parvis des Droits de l'Homme, a deux pas de la gare.</description><styleUrl>#depart</styleUrl><Point><coordinates>6.1811000,49.1084000,0</coordinates></Point></Placemark>
    <Placemark><name>1. Square Pierre Simon, Plantieres</name><description></description><styleUrl>#etape</styleUrl><Point><coordinates>6.1968500,49.1035600,0</coordinates></Point></Placemark>
    <Placemark><name>2. Fort de Queuleu</name><description>Fort du XIXe siecle, memorial de la Resistance. Le bois autour est ouvert et sillonne de chemins.</description><styleUrl>#etape</styleUrl><Point><coordinates>6.1954340,49.0984520,0</coordinates></Point></Placemark>
    <Placemark><name>3. Parc du Vallon</name><description></description><styleUrl>#etape</styleUrl><Point><coordinates>6.2169300,49.0959600,0</coordinates></Point></Placemark>
    <Placemark><name>4. Lac Ariane</name><description></description><styleUrl>#etape</styleUrl><Point><coordinates>6.2357300,49.0955500,0</coordinates></Point></Placemark>
    <Placemark><name>5. Parc de la Roseraie, Grange-aux-Bois</name><description></description><styleUrl>#etape</styleUrl><Point><coordinates>6.2429100,49.0957900,0</coordinates></Point></Placemark>
    <Placemark><name>6. Lac Symphonie</name><description></description><styleUrl>#etape</styleUrl><Point><coordinates>6.2171100,49.1035200,0</coordinates></Point></Placemark>
    <Placemark><name>7. Technopole, square Simon-Louis Freres</name><description>Allees plantees du Technopole, autour du plan d'eau Symphonie.</description><styleUrl>#etape</styleUrl><Point><coordinates>6.2021930,49.1114980,0</coordinates></Point></Placemark>
    <Style id="t26"><LineStyle><color>ff2F6690</color><width>4</width></LineStyle></Style>
    <Placemark><name>Grange-aux-Bois et les lacs du Technopole</name><description>14.1 km. D+ 117 m. 33 % de chemins. Par Plantieres et le fort de Queuleu, puis la ceinture verte jusqu'a Grange-aux-Bois, la Roseraie et le lac Ariane ; retour par le Technopole et le lac Symphonie. Le premier kilometre se fait a l'aller et au retour.</description><styleUrl>#t26</styleUrl><LineString><tessellate>1</tessellate><coordinates>6.1810500,49.1084250,171 6.1808640,49.1082740,172 6.1809960,49.1080510,171 6.1811220,49.1078390,171 6.1809290,49.1077440,171 6.1809750,49.1077000,171 6.1810350,49.1076610,171 6.1811230,49.1076290,171 6.1811800,49.1076210,171 6.1812390,49.1076120,171 6.1825490,49.1076960,171 6.1829870,49.1077260,173 6.1829890,49.1077060,172 6.1829990,49.1076110,172 6.1830050,49.1075710,172 6.1830140,49.1075180,171 6.1831850,49.1075310,170 6.1832290,49.1075150,170 6.1832440,49.1074910,170 6.1833290,49.1074970,170 6.1834120,49.1075020,170 6.1836170,49.1075120,170 6.1836340,49.1074180,170 6.1838590,49.1074340,170 6.1839010,49.1074370,170 6.1842170,49.1074590,170 6.1845450,49.1074790,170 6.1848300,49.1074990,170 6.1849290,49.1075060,170 6.1852320,49.1075280,169 6.1860800,49.1075910,168 6.1861100,49.1074060,168 6.1861190,49.1073520,168 6.1861450,49.1073240,168 6.1863250,49.1062780,167 6.1863420,49.1062490,167 6.1863460,49.1062100,168 6.1864140,49.1062100,168 6.1866520,49.1061880,168 6.1870000,49.1061450,168 6.1873180,49.1061070,168 6.1873730,49.1061000,168 6.1874010,49.1060970,168 6.1874490,49.1060910,169 6.1874620,49.1061530,169 6.1874760,49.1061990,169 6.1875290,49.1061880,169 6.1875610,49.1061820,169 6.1876220,49.1061690,169 6.1885300,49.1059850,174 6.1885700,49.1059770,174 6.1889190,49.1059060,177 6.1890500,49.1058590,178 6.1892320,49.1058170,180 6.1893830,49.1058150,180 6.1895080,49.1057930,182 6.1896140,49.1057750,183 6.1897140,49.1057670,184 6.1900440,49.1057920,186 6.1902460,49.1057980,189 6.1904640,49.1057780,190 6.1904600,49.1056630,190 6.1904760,49.1055680,190 6.1905100,49.1054700,191 6.1906650,49.1051200,194 6.1907370,49.1049610,195 6.1907830,49.1047690,196 6.1907770,49.1046660,197 6.1907660,49.1044820,198 6.1907630,49.1044380,198 6.1907340,49.1043250,198 6.1908370,49.1043150,199 6.1912300,49.1043670,200 6.1914690,49.1044010,200 6.1924280,49.1045440,202 6.1929700,49.1046500,203 6.1934710,49.1047790,203 6.1935290,49.1047930,204 6.1935810,49.1048010,204 6.1936530,49.1047150,204 6.1937600,49.1046050,204 6.1941760,49.1042250,206 6.1943210,49.1039860,206 6.1946960,49.1033840,205 6.1947700,49.1032900,205 6.1948040,49.1032980,205 6.1948500,49.1033080,205 6.1951690,49.1033950,206 6.1954280,49.1034630,206 6.1956040,49.1034910,207 6.1957040,49.1035090,207 6.1958170,49.1035390,207 6.1961220,49.1036220,208 6.1962320,49.1036500,208 6.1962030,49.1037030,208 6.1963090,49.1037350,209 6.1964710,49.1037480,209 6.1965570,49.1037460,209 6.1965630,49.1037230,209 6.1966000,49.1036930,208 6.1966770,49.1036610,208 6.1968490,49.1036060,208 6.1968490,49.1036060,208 6.1966770,49.1036610,208 6.1966000,49.1036930,208 6.1965630,49.1037230,209 6.1965570,49.1037460,209 6.1964710,49.1037480,209 6.1963090,49.1037350,209 6.1962030,49.1037030,208 6.1962320,49.1036500,208 6.1961220,49.1036220,208 6.1958170,49.1035390,207 6.1957040,49.1035090,207 6.1956040,49.1034910,207 6.1954280,49.1034630,206 6.1951690,49.1033950,206 6.1948500,49.1033080,205 6.1948040,49.1032980,205 6.1947700,49.1032900,205 6.1947750,49.1032810,205 6.1948100,49.1032140,204 6.1948730,49.1030910,204 6.1949030,49.1030340,204 6.1949460,49.1029540,203 6.1949510,49.1028770,202 6.1949590,49.1027700,202 6.1949350,49.1024550,196 6.1949170,49.1023750,195 6.1949200,49.1023070,194 6.1949670,49.1015950,187 6.1950020,49.1015290,187 6.1950240,49.1014970,187 6.1950360,49.1014610,187 6.1951280,49.1012030,188 6.1951920,49.1010200,188 6.1952470,49.1008670,189 6.1953010,49.1007130,188 6.1956290,49.0999950,184 6.1956500,49.0999440,184 6.1949480,49.0997610,182 6.1948710,49.0997390,182 6.1948830,49.0997200,182 6.1948950,49.0997020,182 6.1950910,49.0994120,184 6.1951330,49.0992900,184 6.1951660,49.0991600,186 6.1951690,49.0990510,185 6.1951460,49.0989750,185 6.1951090,49.0989250,185 6.1950220,49.0988870,184 6.1950980,49.0987100,183 6.1952140,49.0985050,182 6.1952350,49.0984270,180 6.1952510,49.0983730,180 6.1952980,49.0982860,180 6.1953810,49.0982770,180 6.1958160,49.0982330,181 6.1958270,49.0982620,181 6.1958380,49.0982920,181 6.1959470,49.0985960,184 6.1959950,49.0988360,188 6.1959920,49.0990310,190 6.1960580,49.0990300,190 6.1966150,49.0990110,192 6.1966690,49.0990200,192 6.1967140,49.0990420,192 6.1967390,49.0990800,193 6.1968010,49.0991310,193 6.1968650,49.0991670,194 6.1973930,49.0991490,197 6.1979260,49.0990860,200 6.1985560,49.0990540,203 6.1988540,49.0990060,204 6.1990340,49.0989830,205 6.1991630,49.0989710,205 6.1996010,49.0989520,207 6.2001170,49.0988810,209 6.2002730,49.0988660,210 6.2003930,49.0988530,210 6.2007240,49.0988010,212 6.2009620,49.0986940,212 6.2014070,49.0985620,213 6.2014130,49.0984690,213 6.2015680,49.0984770,213 6.2016360,49.0986410,214 6.2016460,49.0987490,214 6.2018350,49.0987610,214 6.2019430,49.0987820,214 6.2024970,49.0989690,215 6.2025410,49.0989870,215 6.2025820,49.0990110,215 6.2026200,49.0990000,215 6.2026630,49.0989610,215 6.2027100,49.0988950,215 6.2027210,49.0987920,215 6.2028420,49.0988070,215 6.2029180,49.0987000,216 6.2030370,49.0985630,216 6.2031340,49.0984690,216 6.2031790,49.0984410,216 6.2032460,49.0983990,216 6.2033070,49.0984570,216 6.2041180,49.0992100,218 6.2041970,49.0991810,219 6.2042170,49.0991800,219 6.2042590,49.0991940,219 6.2043510,49.0992470,219 6.2046520,49.0994330,219 6.2047530,49.0994870,219 6.2054480,49.0998130,218 6.2055520,49.0998470,218 6.2057470,49.0999360,217 6.2058500,49.0999720,217 6.2057950,49.1000160,217 6.2058680,49.1000490,217 6.2058930,49.1000220,217 6.2062540,49.1001920,216 6.2063190,49.1002430,216 6.2063270,49.1002650,216 6.2063170,49.1002840,216 6.2062730,49.1003240,216 6.2063510,49.1003630,216 6.2064880,49.1004300,215 6.2065210,49.1004030,215 6.2065560,49.1003540,215 6.2067720,49.1003850,214 6.2069150,49.1004400,214 6.2070230,49.1004980,213 6.2081470,49.1010410,208 6.2081820,49.1010780,208 6.2083040,49.1010110,208 6.2087050,49.1008340,208 6.2088380,49.1007630,208 6.2096250,49.1002220,208 6.2104320,49.0997340,210 6.2107050,49.0995570,210 6.2108530,49.0995170,210 6.2118860,49.0990120,208 6.2119610,49.0989760,208 6.2120830,49.0989630,208 6.2121170,49.0989440,207 6.2121310,49.0988820,207 6.2126820,49.0986120,206 6.2131460,49.0984070,206 6.2138940,49.0980890,205 6.2148920,49.0976110,204 6.2151470,49.0975000,203 6.2169220,49.0968620,202 6.2172780,49.0967250,202 6.2173810,49.0966860,202 6.2166450,49.0960320,202 6.2167480,49.0958990,206 6.2176190,49.0947780,206 6.2187070,49.0950130,207 6.2191420,49.0944400,208 6.2191620,49.0944090,208 6.2191850,49.0943790,208 6.2194590,49.0940160,208 6.2195290,49.0939230,209 6.2202000,49.0930470,211 6.2203510,49.0928560,211 6.2210020,49.0919940,212 6.2210810,49.0920060,212 6.2215570,49.0920830,214 6.2217100,49.0921070,214 6.2220410,49.0921600,214 6.2227090,49.0922720,216 6.2229080,49.0923450,217 6.2229840,49.0923800,218 6.2230230,49.0924250,218 6.2230110,49.0925370,218 6.2230350,49.0926040,217 6.2230710,49.0926530,218 6.2230590,49.0926710,217 6.2232090,49.0927200,218 6.2233100,49.0927760,218 6.2234240,49.0927810,218 6.2235530,49.0927700,218 6.2236760,49.0927390,218 6.2237390,49.0927790,218 6.2239210,49.0928660,217 6.2243580,49.0931030,216 6.2244830,49.0931590,216 6.2247690,49.0932520,215 6.2250810,49.0933030,216 6.2253340,49.0933210,215 6.2254120,49.0933280,216 6.2282840,49.0935310,216 6.2287410,49.0935650,217 6.2288110,49.0935720,217 6.2288650,49.0935930,217 6.2289330,49.0936480,216 6.2289480,49.0936760,216 6.2289640,49.0937740,216 6.2290710,49.0937660,216 6.2291910,49.0937570,215 6.2292730,49.0937510,215 6.2293590,49.0937450,216 6.2293850,49.0937430,216 6.2295280,49.0936420,216 6.2296770,49.0936510,216 6.2298500,49.0936720,216 6.2303810,49.0936980,215 6.2304470,49.0937020,215 6.2305600,49.0936770,215 6.2320570,49.0937770,217 6.2324960,49.0938250,214 6.2325260,49.0938280,214 6.2325350,49.0937770,214 6.2325450,49.0937330,214 6.2337350,49.0938120,214 6.2338740,49.0938050,214 6.2339520,49.0937850,214 6.2340610,49.0937150,214 6.2341180,49.0937080,213 6.2342330,49.0937090,214 6.2343050,49.0937130,214 6.2343460,49.0937710,214 6.2344290,49.0938220,214 6.2344850,49.0938420,214 6.2344660,49.0938820,214 6.2344490,49.0939180,214 6.2344600,49.0939580,214 6.2344820,49.0940260,213 6.2345070,49.0940540,213 6.2345540,49.0941010,213 6.2346310,49.0941570,212 6.2347300,49.0941290,212 6.2348700,49.0941130,212 6.2350250,49.0941040,212 6.2351660,49.0941160,212 6.2355690,49.0941980,212 6.2356570,49.0942260,212 6.2357510,49.0942960,212 6.2358440,49.0943800,212 6.2358930,49.0944690,212 6.2359230,49.0945720,212 6.2359720,49.0948200,211 6.2360030,49.0948920,211 6.2360450,49.0949550,212 6.2361160,49.0950130,212 6.2362790,49.0950990,212 6.2363790,49.0951520,212 6.2364950,49.0952290,212 6.2366220,49.0953220,212 6.2366900,49.0953900,212 6.2367550,49.0954890,212 6.2368460,49.0955880,212 6.2369670,49.0956670,211 6.2372670,49.0957960,212 6.2374580,49.0958600,212 6.2375900,49.0959150,212 6.2377180,49.0959790,212 6.2377880,49.0960240,212 6.2378200,49.0960650,212 6.2378280,49.0960960,212 6.2383970,49.0961380,212 6.2384310,49.0961410,212 6.2385620,49.0961700,212 6.2386080,49.0961730,212 6.2387480,49.0961830,212 6.2387540,49.0961520,212 6.2389860,49.0961660,212 6.2397800,49.0962250,214 6.2401020,49.0962670,214 6.2404260,49.0963380,216 6.2405730,49.0963810,216 6.2406870,49.0962540,216 6.2408750,49.0960920,217 6.2411260,49.0959260,218 6.2415390,49.0956950,218 6.2415770,49.0956790,218 6.2417640,49.0956250,218 6.2418910,49.0956100,219 6.2421200,49.0955840,219 6.2423580,49.0956040,219 6.2425370,49.0956390,220 6.2425960,49.0956570,220 6.2426280,49.0956850,220 6.2428870,49.0958090,220 6.2426280,49.0956850,220 6.2425960,49.0956570,220 6.2425370,49.0956390,220 6.2423580,49.0956040,219 6.2421200,49.0955840,219 6.2418910,49.0956100,219 6.2417640,49.0956250,218 6.2415770,49.0956790,218 6.2415700,49.0957920,218 6.2416320,49.0962200,218 6.2414820,49.0964090,217 6.2412410,49.0966100,217 6.2411640,49.0966560,217 6.2411400,49.0966760,217 6.2410420,49.0967580,217 6.2404670,49.0972400,216 6.2400930,49.0975530,217 6.2398420,49.0977630,217 6.2398110,49.0977890,217 6.2397790,49.0978160,217 6.2397460,49.0978430,217 6.2396490,49.0979310,217 6.2393890,49.0981490,217 6.2386280,49.0987630,214 6.2385730,49.0988200,214 6.2385580,49.0988450,214 6.2384720,49.0988150,214 6.2378030,49.0985850,213 6.2377640,49.0986280,213 6.2376980,49.0986160,213 6.2375880,49.0988200,214 6.2373940,49.0991790,214 6.2372550,49.0994420,215 6.2372380,49.0994730,215 6.2370700,49.0997950,215 6.2370350,49.0998530,215 6.2368610,49.1001890,215 6.2368070,49.1001860,214 6.2365920,49.1003040,214 6.2365360,49.1003240,214 6.2365180,49.1003370,214 6.2364590,49.1003510,214 6.2365130,49.1004260,214 6.2365560,49.1005070,214 6.2366000,49.1007590,215 6.2366370,49.1008550,215 6.2366840,49.1010170,216 6.2367390,49.1011580,216 6.2367440,49.1012350,216 6.2367620,49.1013210,217 6.2367710,49.1014480,218 6.2367940,49.1016030,218 6.2367820,49.1017410,219 6.2367910,49.1018600,220 6.2368330,49.1019690,220 6.2368990,49.1020790,221 6.2369560,49.1021940,222 6.2370070,49.1023630,224 6.2370120,49.1024570,224 6.2369910,49.1025130,225 6.2368670,49.1027000,227 6.2368250,49.1031050,231 6.2363970,49.1031120,225 6.2358590,49.1031190,225 6.2355340,49.1031270,230 6.2353450,49.1031180,230 6.2351130,49.1030930,229 6.2350030,49.1030880,228 6.2347400,49.1031050,227 6.2336830,49.1031530,224 6.2327460,49.1032340,221 6.2322700,49.1032370,220 6.2319330,49.1032050,220 6.2316360,49.1030940,219 6.2314340,49.1029470,218 6.2312110,49.1027200,218 6.2308710,49.1025170,217 6.2302460,49.1022580,215 6.2296810,49.1020980,214 6.2287720,49.1018960,215 6.2282440,49.1015220,214 6.2274430,49.1019820,214 6.2274520,49.1019890,214 6.2273870,49.1020270,214 6.2263680,49.1012970,212 6.2258650,49.1009400,211 6.2257120,49.1008510,211 6.2255430,49.1007830,211 6.2253070,49.1007200,211 6.2250760,49.1006920,210 6.2249300,49.1006850,210 6.2244460,49.1006860,210 6.2244410,49.1007850,210 6.2244220,49.1007840,210 6.2243600,49.1007820,210 6.2242260,49.1007770,210 6.2241780,49.1007760,210 6.2241660,49.1007750,210 6.2240760,49.1007730,210 6.2240790,49.1006840,210 6.2235280,49.1006640,209 6.2227100,49.1006160,207 6.2224870,49.1006170,207 6.2220760,49.1006230,206 6.2218540,49.1006350,206 6.2217530,49.1006890,206 6.2216680,49.1007120,205 6.2214510,49.1007510,205 6.2212790,49.1007460,204 6.2211950,49.1007440,204 6.2201130,49.1007240,202 6.2194580,49.1007080,201 6.2188000,49.1006890,198 6.2186430,49.1006830,198 6.2186070,49.1007050,198 6.2180010,49.1010720,196 6.2179450,49.1011170,196 6.2179200,49.1011130,196 6.2177980,49.1010940,196 6.2176530,49.1010800,196 6.2175860,49.1010730,196 6.2174590,49.1010590,196 6.2173670,49.1010610,197 6.2172730,49.1010930,197 6.2171030,49.1012520,197 6.2170210,49.1013550,197 6.2170320,49.1014000,197 6.2170440,49.1015350,196 6.2170220,49.1018050,195 6.2170230,49.1019180,194 6.2170440,49.1020620,194 6.2170760,49.1021840,193 6.2169780,49.1025390,192 6.2168900,49.1026930,192 6.2168550,49.1029460,192 6.2168120,49.1030500,192 6.2167540,49.1031480,192 6.2166190,49.1032630,193 6.2165890,49.1032920,194 6.2165470,49.1033340,194 6.2164570,49.1033940,194 6.2162070,49.1035410,196 6.2160620,49.1036380,197 6.2159090,49.1037480,197 6.2158240,49.1038200,197 6.2157610,49.1039210,197 6.2154810,49.1042340,196 6.2152830,49.1045140,196 6.2152660,49.1045670,196 6.2152390,49.1045790,196 6.2151540,49.1046670,196 6.2150520,49.1047390,196 6.2149500,49.1048000,196 6.2149410,49.1048050,196 6.2148840,49.1048340,196 6.2147310,49.1049130,196 6.2147020,49.1049280,196 6.2146810,49.1049480,196 6.2146480,49.1049780,196 6.2146160,49.1050070,196 6.2145980,49.1050260,196 6.2146350,49.1050790,196 6.2146380,49.1051140,196 6.2145730,49.1052060,197 6.2144930,49.1053050,197 6.2144390,49.1053450,196 6.2142400,49.1055930,196 6.2141950,49.1056790,196 6.2139900,49.1059400,196 6.2134900,49.1065500,196 6.2134630,49.1065700,196 6.2133890,49.1065560,197 6.2132640,49.1065190,197 6.2131710,49.1064810,197 6.2124300,49.1063830,198 6.2120910,49.1063180,199 6.2118580,49.1062220,199 6.2114380,49.1060220,200 6.2113430,49.1059870,200 6.2112480,49.1059560,200 6.2110930,49.1059220,200 6.2107430,49.1058220,201 6.2104480,49.1056780,201 6.2102440,49.1056070,201 6.2101320,49.1055490,202 6.2099290,49.1054700,203 6.2098950,49.1055030,203 6.2098290,49.1055750,203 6.2097920,49.1056160,202 6.2097000,49.1055980,202 6.2095780,49.1055920,202 6.2094810,49.1056190,202 6.2093520,49.1056840,202 6.2091420,49.1057750,202 6.2086150,49.1060270,202 6.2080310,49.1064240,202 6.2079580,49.1065420,202 6.2079580,49.1065850,202 6.2079010,49.1065870,202 6.2078520,49.1065870,202 6.2078040,49.1066020,202 6.2077880,49.1066260,202 6.2077730,49.1066700,202 6.2077580,49.1067180,202 6.2077170,49.1067280,202 6.2076620,49.1067520,202 6.2062150,49.1078310,203 6.2060340,49.1079710,203 6.2058770,49.1081060,203 6.2056070,49.1083450,204 6.2056310,49.1083650,203 6.2056430,49.1083950,203 6.2056530,49.1084230,203 6.2057820,49.1084760,202 6.2057290,49.1085220,202 6.2056560,49.1085900,202 6.2056090,49.1086290,202 6.2054390,49.1086210,202 6.2052620,49.1087480,203 6.2051080,49.1088680,202 6.2048010,49.1090840,202 6.2042960,49.1094360,199 6.2038470,49.1097390,198 6.2031900,49.1101860,197 6.2030950,49.1102400,197 6.2027700,49.1104340,197 6.2025520,49.1105880,197 6.2023510,49.1107400,196 6.2022580,49.1108100,197 6.2022100,49.1108680,197 6.2021630,49.1109250,196 6.2022610,49.1111400,195 6.2022800,49.1112060,194 6.2022550,49.1112600,194 6.2022050,49.1113070,194 6.2022400,49.1113470,194 6.2022600,49.1114060,194 6.2022630,49.1114450,194 6.2022410,49.1115050,193 6.2022630,49.1114450,194 6.2022600,49.1114060,194 6.2022400,49.1113470,194 6.2022050,49.1113070,194 6.2022550,49.1112600,194 6.2022800,49.1112060,194 6.2022610,49.1111400,195 6.2021630,49.1109250,196 6.2022100,49.1108680,197 6.2021460,49.1108450,197 6.2020070,49.1108570,197 6.2019020,49.1108650,197 6.2018420,49.1108460,197 6.2017820,49.1108270,197 6.2017190,49.1108070,197 6.2016870,49.1107970,197 6.2015010,49.1107380,198 6.2013010,49.1106750,198 6.2005460,49.1104390,200 6.2004850,49.1104230,200 6.2002060,49.1103460,201 6.1998650,49.1102300,202 6.1996090,49.1101320,202 6.1995100,49.1100890,202 6.1994310,49.1100550,203 6.1992250,49.1099650,203 6.1969120,49.1089580,207 6.1967850,49.1088900,207 6.1966690,49.1088370,207 6.1962500,49.1086800,206 6.1961970,49.1086600,206 6.1959880,49.1085820,206 6.1951030,49.1082510,204 6.1949970,49.1082120,204 6.1949140,49.1081780,204 6.1943160,49.1079200,203 6.1941300,49.1078580,202 6.1940690,49.1078410,202 6.1940000,49.1078310,201 6.1938920,49.1078120,200 6.1937950,49.1077860,198 6.1935600,49.1076910,198 6.1935400,49.1076810,198 6.1935060,49.1076630,199 6.1932020,49.1074820,202 6.1925860,49.1071150,199 6.1925360,49.1070850,199 6.1924730,49.1070480,199 6.1922910,49.1069400,198 6.1922660,49.1069270,198 6.1920200,49.1068040,198 6.1918820,49.1067560,198 6.1917450,49.1067190,198 6.1916690,49.1066980,197 6.1915940,49.1067700,197 6.1913920,49.1069250,196 6.1912780,49.1068710,196 6.1911080,49.1068030,196 6.1909670,49.1067890,196 6.1907100,49.1068020,194 6.1906170,49.1068070,194 6.1905040,49.1060450,190 6.1904890,49.1059420,190 6.1904710,49.1058250,190 6.1904640,49.1057780,190 6.1902460,49.1057980,189 6.1900440,49.1057920,186 6.1897140,49.1057670,184 6.1896140,49.1057750,183 6.1895080,49.1057930,182 6.1893830,49.1058150,180 6.1892320,49.1058170,180 6.1890500,49.1058590,178 6.1889190,49.1059060,177 6.1885700,49.1059770,174 6.1885300,49.1059850,174 6.1876220,49.1061690,169 6.1875610,49.1061820,169 6.1875290,49.1061880,169 6.1874760,49.1061990,169 6.1874620,49.1061530,169 6.1874490,49.1060910,169 6.1874010,49.1060970,168 6.1873730,49.1061000,168 6.1873180,49.1061070,168 6.1870000,49.1061450,168 6.1866520,49.1061880,168 6.1864140,49.1062100,168 6.1863460,49.1062100,168 6.1863420,49.1062490,167 6.1863250,49.1062780,167 6.1861450,49.1073240,168 6.1861190,49.1073520,168 6.1861100,49.1074060,168 6.1860800,49.1075910,168 6.1852320,49.1075280,169 6.1849290,49.1075060,170 6.1848300,49.1074990,170 6.1845450,49.1074790,170 6.1842170,49.1074590,170 6.1839010,49.1074370,170 6.1838590,49.1074340,170 6.1836340,49.1074180,170 6.1836170,49.1075120,170 6.1834120,49.1075020,170 6.1833290,49.1074970,170 6.1832440,49.1074910,170 6.1832290,49.1075150,170 6.1831850,49.1075310,170 6.1830140,49.1075180,171 6.1830050,49.1075710,172 6.1829990,49.1076110,172 6.1829890,49.1077060,172 6.1829870,49.1077260,173 6.1825490,49.1076960,171 6.1812390,49.1076120,171 6.1811800,49.1076210,171 6.1811230,49.1076290,171 6.1810350,49.1076610,171 6.1809750,49.1077000,171 6.1809290,49.1077440,171 6.1811220,49.1078390,171 6.1809960,49.1080510,171 6.1808640,49.1082740,172 6.1810500,49.1084250,171</coordinates></LineString></Placemark>
  </Folder>
  <Folder><name>Les parcs de Montigny et le chateau de Courcelles</name><description>10.1 km. D+ 31 m. 16 % de chemins. Une boucle de petites rues qui saute de parc en parc : Sainte-Chretienne, Prevert, la Clairiere, la Vacquiniere, le chateau de Courcelles et le jardin botanique. Plus de rues que de chemins, mais aucune grande avenue.</description>
    <Placemark><name>Depart : Centre Pompidou-Metz, parvis</name><description>Point de rendez-vous, sur le parvis des Droits de l'Homme, a deux pas de la gare.</description><styleUrl>#depart</styleUrl><Point><coordinates>6.1811000,49.1084000,0</coordinates></Point></Placemark>
    <Placemark><name>1. Parc Sainte-Chretienne</name><description></description><styleUrl>#etape</styleUrl><Point><coordinates>6.1734500,49.0962100,0</coordinates></Point></Placemark>
    <Placemark><name>2. Parc Jacques Prevert, Montigny</name><description></description><styleUrl>#etape</styleUrl><Point><coordinates>6.1549000,49.0941500,0</coordinates></Point></Placemark>
    <Placemark><name>3. La Clairiere, Montigny</name><description></description><styleUrl>#etape</styleUrl><Point><coordinates>6.1528200,49.1002500,0</coordinates></Point></Placemark>
    <Placemark><name>4. Plaine de la Vacquiniere</name><description></description><styleUrl>#etape</styleUrl><Point><coordinates>6.1560100,49.1054300,0</coordinates></Point></Placemark>
    <Placemark><name>5. Parc du chateau de Courcelles</name><description></description><styleUrl>#etape</styleUrl><Point><coordinates>6.1573100,49.1033700,0</coordinates></Point></Placemark>
    <Placemark><name>6. Jardin botanique de Metz</name><description></description><styleUrl>#etape</styleUrl><Point><coordinates>6.1606400,49.1046800,0</coordinates></Point></Placemark>
    <Style id="t27"><LineStyle><color>ff5B7F3A</color><width>4</width></LineStyle></Style>
    <Placemark><name>Les parcs de Montigny et le chateau de Courcelles</name><description>10.1 km. D+ 31 m. 16 % de chemins. Une boucle de petites rues qui saute de parc en parc : Sainte-Chretienne, Prevert, la Clairiere, la Vacquiniere, le chateau de Courcelles et le jardin botanique. Plus de rues que de chemins, mais aucune grande avenue.</description><styleUrl>#t27</styleUrl><LineString><tessellate>1</tessellate><coordinates>6.1810500,49.1084250,171 6.1808640,49.1082740,172 6.1809960,49.1080510,171 6.1811220,49.1078390,171 6.1809290,49.1077440,171 6.1808780,49.1077200,171 6.1808270,49.1076940,171 6.1807700,49.1076660,171 6.1808140,49.1075710,171 6.1807860,49.1075190,171 6.1807200,49.1074900,171 6.1798630,49.1074320,172 6.1798140,49.1074290,172 6.1793030,49.1073940,172 6.1793070,49.1073610,172 6.1793120,49.1073310,171 6.1793180,49.1072870,171 6.1793190,49.1072750,170 6.1792880,49.1072430,170 6.1792830,49.1072120,170 6.1792680,49.1072110,170 6.1792250,49.1072090,170 6.1791730,49.1072070,170 6.1791320,49.1072050,170 6.1791450,49.1071530,170 6.1791200,49.1071560,170 6.1790740,49.1071570,170 6.1785570,49.1071240,170 6.1784740,49.1071130,170 6.1784050,49.1070880,170 6.1782550,49.1070150,170 6.1780970,49.1069090,170 6.1789090,49.1064410,169 6.1789310,49.1064140,169 6.1789930,49.1059670,169 6.1789410,49.1059530,169 6.1788870,49.1059190,169 6.1786500,49.1056310,169 6.1786180,49.1055780,169 6.1785940,49.1055450,169 6.1785480,49.1054960,169 6.1785180,49.1054540,170 6.1784870,49.1054230,170 6.1784140,49.1053480,170 6.1783100,49.1051920,170 6.1782230,49.1050560,170 6.1781960,49.1049330,170 6.1781740,49.1048840,170 6.1781140,49.1047660,170 6.1780890,49.1047120,170 6.1780570,49.1046950,170 6.1780210,49.1046760,170 6.1779900,49.1046160,170 6.1779200,49.1044620,170 6.1778990,49.1044200,170 6.1778950,49.1043880,170 6.1778780,49.1043410,170 6.1778640,49.1043220,170 6.1777970,49.1041410,170 6.1777560,49.1040230,170 6.1777200,49.1038950,170 6.1776890,49.1037880,170 6.1776620,49.1036890,170 6.1776350,49.1035970,170 6.1776090,49.1035040,170 6.1775870,49.1033650,171 6.1775940,49.1033310,171 6.1775570,49.1032330,171 6.1775410,49.1031910,171 6.1775380,49.1031830,171 6.1775290,49.1031510,171 6.1775140,49.1031000,171 6.1774970,49.1030750,171 6.1774810,49.1030510,171 6.1774270,49.1027580,171 6.1773860,49.1023890,171 6.1774400,49.1023550,171 6.1774300,49.1018030,171 6.1774260,49.1016370,171 6.1774260,49.1016160,171 6.1773840,49.1016020,171 6.1773810,49.1015520,171 6.1773780,49.1015010,171 6.1773800,49.1012010,171 6.1773960,49.1011490,171 6.1773890,49.1011020,171 6.1774080,49.1009100,171 6.1774380,49.1008100,171 6.1774370,49.1006770,171 6.1774280,49.1005910,171 6.1774230,49.1005370,171 6.1774540,49.1002970,172 6.1774790,49.1001210,172 6.1774910,49.1000730,172 6.1775010,49.1000350,172 6.1775140,49.0999900,172 6.1775200,49.0999720,172 6.1771850,49.0999380,172 6.1760440,49.0997970,175 6.1759640,49.0997760,176 6.1759750,49.0997620,176 6.1759490,49.0997320,176 6.1759520,49.0996630,176 6.1759370,49.0996250,176 6.1759380,49.0996030,176 6.1758950,49.0995790,176 6.1758510,49.0995550,177 6.1758160,49.0995660,177 6.1757940,49.0995660,177 6.1757620,49.0995590,177 6.1757390,49.0995440,177 6.1756830,49.0995470,178 6.1756750,49.0994230,178 6.1756880,49.0990510,178 6.1756750,49.0989690,178 6.1756490,49.0989050,178 6.1754920,49.0986400,179 6.1753880,49.0985110,179 6.1752780,49.0983900,179 6.1750190,49.0981420,180 6.1747830,49.0979710,180 6.1746810,49.0979260,180 6.1745590,49.0978270,180 6.1744750,49.0977110,179 6.1744010,49.0977410,180 6.1743240,49.0976940,180 6.1742620,49.0976530,179 6.1741760,49.0976570,180 6.1738660,49.0976390,180 6.1737730,49.0976280,180 6.1736700,49.0975600,180 6.1729480,49.0974550,182 6.1723210,49.0973750,183 6.1722430,49.0973710,183 6.1722530,49.0973400,183 6.1722560,49.0973310,183 6.1722500,49.0973110,183 6.1722800,49.0972060,183 6.1722850,49.0971360,183 6.1723870,49.0968300,182 6.1724110,49.0967990,182 6.1725330,49.0964250,183 6.1726460,49.0964350,182 6.1726820,49.0963900,182 6.1726960,49.0963240,182 6.1727480,49.0961860,182 6.1727500,49.0961420,182 6.1728980,49.0961560,181 6.1730120,49.0962640,181 6.1730720,49.0963070,180 6.1731380,49.0963270,180 6.1732070,49.0963180,180 6.1733370,49.0962570,179 6.1733900,49.0962060,179 6.1734240,49.0961360,178 6.1734710,49.0962020,178 6.1734240,49.0961360,178 6.1733900,49.0962060,179 6.1733370,49.0962570,179 6.1732070,49.0963180,180 6.1731380,49.0963270,180 6.1730720,49.0963070,180 6.1730120,49.0962640,181 6.1728980,49.0961560,181 6.1727500,49.0961420,182 6.1725850,49.0961290,182 6.1725660,49.0961280,183 6.1725950,49.0959830,182 6.1725370,49.0959760,183 6.1728550,49.0951180,181 6.1728900,49.0950430,181 6.1729370,49.0949620,181 6.1729770,49.0948980,181 6.1732880,49.0944910,182 6.1731910,49.0944410,182 6.1731430,49.0944090,182 6.1730950,49.0943760,182 6.1740200,49.0938190,183 6.1746840,49.0934270,186 6.1747220,49.0934050,186 6.1747390,49.0933950,186 6.1746790,49.0933560,186 6.1747250,49.0932880,186 6.1747230,49.0932510,185 6.1746850,49.0932070,185 6.1745240,49.0931050,185 6.1742720,49.0929720,185 6.1737750,49.0928160,186 6.1736550,49.0927720,186 6.1736620,49.0927340,186 6.1736300,49.0927240,186 6.1735820,49.0927110,186 6.1735380,49.0926980,186 6.1733800,49.0926500,186 6.1732920,49.0926060,186 6.1732000,49.0926480,186 6.1731530,49.0926740,186 6.1730750,49.0927430,185 6.1729180,49.0928980,185 6.1725180,49.0932940,184 6.1723110,49.0934880,184 6.1721250,49.0936480,184 6.1720980,49.0936720,184 6.1720730,49.0936940,184 6.1720480,49.0937140,184 6.1717500,49.0939670,183 6.1716050,49.0940910,183 6.1715580,49.0941270,183 6.1714770,49.0941750,183 6.1713980,49.0942100,182 6.1713190,49.0942370,182 6.1712070,49.0942640,182 6.1711370,49.0942740,182 6.1710020,49.0942720,183 6.1709270,49.0942650,183 6.1707850,49.0942370,184 6.1705040,49.0941810,185 6.1704470,49.0941700,185 6.1703120,49.0941440,185 6.1699270,49.0940800,184 6.1697800,49.0940650,184 6.1686390,49.0939610,184 6.1686250,49.0940330,183 6.1686160,49.0941170,181 6.1686130,49.0941540,180 6.1686050,49.0942870,180 6.1685980,49.0944040,180 6.1679130,49.0943890,180 6.1676590,49.0943900,181 6.1672200,49.0943900,181 6.1670900,49.0943900,181 6.1668180,49.0943940,180 6.1661550,49.0944090,180 6.1655930,49.0944300,180 6.1655140,49.0944440,180 6.1652680,49.0945040,180 6.1649890,49.0945690,180 6.1647870,49.0946170,180 6.1642640,49.0947410,181 6.1639300,49.0947880,181 6.1637790,49.0948010,181 6.1636290,49.0948020,182 6.1634710,49.0947810,182 6.1633800,49.0947540,182 6.1632650,49.0947020,183 6.1631670,49.0946460,184 6.1630880,49.0945840,184 6.1627370,49.0942820,188 6.1627140,49.0942620,188 6.1626970,49.0942470,188 6.1626290,49.0941850,188 6.1625200,49.0942150,188 6.1624990,49.0942210,188 6.1624560,49.0942320,188 6.1609800,49.0946110,188 6.1591250,49.0951270,188 6.1590530,49.0951470,188 6.1586300,49.0952670,189 6.1585360,49.0952940,188 6.1584410,49.0953240,188 6.1582890,49.0951410,188 6.1582040,49.0951760,188 6.1578130,49.0953310,188 6.1572980,49.0955490,188 6.1566890,49.0949230,188 6.1565990,49.0948300,188 6.1561800,49.0944580,188 6.1557090,49.0940370,188 6.1553330,49.0942090,188 6.1550140,49.0939410,188 6.1547880,49.0940430,188 6.1545270,49.0941610,188 6.1548480,49.0944380,188 6.1541980,49.0947530,188 6.1535310,49.0950720,189 6.1538100,49.0953030,188 6.1540170,49.0954870,188 6.1542090,49.0956950,186 6.1542650,49.0957560,186 6.1542900,49.0957950,185 6.1543110,49.0958500,184 6.1543830,49.0963560,185 6.1544130,49.0964310,186 6.1545450,49.0965510,186 6.1546780,49.0966730,188 6.1547510,49.0967370,188 6.1547160,49.0967560,188 6.1546570,49.0967910,188 6.1545820,49.0968320,188 6.1538880,49.0972150,188 6.1536090,49.0973440,188 6.1532910,49.0974880,187 6.1531890,49.0975180,187 6.1526280,49.0977640,185 6.1526990,49.0978380,186 6.1528410,49.0979670,186 6.1534610,49.0985350,186 6.1535180,49.0985880,186 6.1535920,49.0986570,186 6.1539980,49.0990290,185 6.1547160,49.0996870,185 6.1547820,49.0997480,185 6.1548360,49.0997970,185 6.1549630,49.0999130,185 6.1549980,49.0999450,185 6.1550240,49.0999680,185 6.1547000,49.1000250,184 6.1540900,49.1001310,184 6.1539340,49.1001720,184 6.1537960,49.1001570,183 6.1534490,49.1000940,182 6.1533920,49.1000930,182 6.1533360,49.1001090,182 6.1532890,49.1001320,182 6.1532480,49.1001630,181 6.1531870,49.1002140,181 6.1531220,49.1002630,181 6.1530160,49.1003170,181 6.1529020,49.1002350,181 6.1528340,49.1002640,181 6.1529020,49.1002350,181 6.1530160,49.1003170,181 6.1531220,49.1002630,181 6.1531870,49.1002140,181 6.1532480,49.1001630,181 6.1532890,49.1001320,182 6.1533360,49.1001090,182 6.1533920,49.1000930,182 6.1534490,49.1000940,182 6.1537960,49.1001570,183 6.1539340,49.1001720,184 6.1540250,49.1002770,184 6.1543520,49.1005690,184 6.1544660,49.1006680,184 6.1543560,49.1007220,184 6.1542130,49.1007920,184 6.1543000,49.1008720,184 6.1542660,49.1008870,184 6.1542860,49.1009060,183 6.1541950,49.1009480,183 6.1541640,49.1009210,183 6.1541180,49.1009420,182 6.1541080,49.1009470,182 6.1541760,49.1010020,182 6.1540940,49.1010400,181 6.1539910,49.1010910,180 6.1539440,49.1011180,180 6.1536590,49.1012820,179 6.1536150,49.1013070,179 6.1535370,49.1013530,178 6.1533860,49.1014390,176 6.1531020,49.1016100,174 6.1523330,49.1020670,169 6.1518080,49.1024040,169 6.1515190,49.1026140,169 6.1514790,49.1026430,169 6.1515410,49.1026750,169 6.1515860,49.1027050,169 6.1512970,49.1029110,169 6.1505880,49.1033590,168 6.1505440,49.1033940,168 6.1505820,49.1034290,168 6.1505830,49.1034710,168 6.1505430,49.1035240,168 6.1500450,49.1038880,168 6.1500180,49.1039080,168 6.1499860,49.1039300,168 6.1499450,49.1039470,168 6.1501000,49.1040420,168 6.1502660,49.1041400,168 6.1504010,49.1042190,168 6.1504250,49.1042320,169 6.1504750,49.1042650,169 6.1505640,49.1043330,169 6.1505940,49.1043550,169 6.1506270,49.1043760,169 6.1506680,49.1044020,169 6.1507830,49.1043190,168 6.1508320,49.1043370,168 6.1508740,49.1043520,168 6.1509530,49.1043760,168 6.1517920,49.1044820,168 6.1518890,49.1044880,168 6.1521280,49.1045040,168 6.1523740,49.1045210,168 6.1525150,49.1045400,168 6.1532190,49.1046350,167 6.1543920,49.1047920,167 6.1544030,49.1048000,167 6.1551230,49.1048860,167 6.1551720,49.1051170,167 6.1552480,49.1051840,167 6.1553360,49.1052230,167 6.1553850,49.1052580,167 6.1554720,49.1053390,167 6.1556070,49.1054110,167 6.1556780,49.1054720,167 6.1557440,49.1054130,167 6.1557730,49.1053770,167 6.1558380,49.1053780,167 6.1557730,49.1053770,167 6.1557440,49.1054130,167 6.1556780,49.1054720,167 6.1557490,49.1055230,167 6.1558420,49.1055630,167 6.1559260,49.1055730,167 6.1561250,49.1055760,167 6.1561380,49.1056360,167 6.1562670,49.1058770,167 6.1563240,49.1059530,167 6.1563700,49.1060600,167 6.1563700,49.1061400,167 6.1563820,49.1061920,167 6.1564220,49.1062380,168 6.1567980,49.1062430,168 6.1574040,49.1062530,169 6.1574660,49.1062530,169 6.1575250,49.1062650,169 6.1575510,49.1063170,169 6.1575550,49.1063840,169 6.1575570,49.1064090,169 6.1575600,49.1064460,169 6.1579760,49.1064570,170 6.1582280,49.1064790,170 6.1582380,49.1064470,170 6.1582390,49.1064310,170 6.1582420,49.1063480,170 6.1582510,49.1062930,170 6.1582180,49.1062540,170 6.1581200,49.1061730,169 6.1585150,49.1059980,170 6.1583260,49.1058130,170 6.1589430,49.1055290,175 6.1590260,49.1054820,176 6.1590500,49.1054670,176 6.1587390,49.1052620,174 6.1586940,49.1052000,173 6.1586340,49.1051450,172 6.1582070,49.1047530,172 6.1581260,49.1046780,172 6.1579990,49.1046110,172 6.1573730,49.1043440,172 6.1572630,49.1043140,172 6.1571140,49.1042560,172 6.1568440,49.1041200,172 6.1566790,49.1040020,173 6.1564670,49.1038200,174 6.1560760,49.1034470,176 6.1561080,49.1034340,176 6.1561340,49.1034200,177 6.1561940,49.1034660,177 6.1562540,49.1034540,177 6.1563830,49.1034490,178 6.1564940,49.1034450,178 6.1566090,49.1034330,178 6.1566120,49.1033440,178 6.1566700,49.1032590,178 6.1567230,49.1031850,178 6.1566700,49.1032590,178 6.1566120,49.1033440,178 6.1566090,49.1034330,178 6.1567410,49.1036910,176 6.1568080,49.1038240,176 6.1568760,49.1039070,176 6.1569830,49.1039730,176 6.1571380,49.1040280,175 6.1573100,49.1040420,176 6.1574710,49.1040350,176 6.1577730,49.1039660,176 6.1580070,49.1037990,177 6.1581530,49.1038620,176 6.1582600,49.1037560,176 6.1583550,49.1037930,176 6.1585770,49.1038800,176 6.1586690,49.1039170,176 6.1590260,49.1035480,178 6.1593710,49.1037180,178 6.1595230,49.1037960,178 6.1594550,49.1038400,178 6.1593950,49.1039100,178 6.1594160,49.1039220,178 6.1594740,49.1039600,178 6.1595000,49.1039890,178 6.1595190,49.1040380,178 6.1595150,49.1040740,178 6.1595790,49.1040760,178 6.1596600,49.1040890,178 6.1597240,49.1041080,178 6.1598050,49.1041480,178 6.1598200,49.1042350,178 6.1599320,49.1043160,178 6.1600560,49.1043720,178 6.1602720,49.1044470,178 6.1603170,49.1044560,178 6.1603650,49.1044520,178 6.1604580,49.1045170,178 6.1606430,49.1046300,179 6.1607280,49.1046830,179 6.1606950,49.1047010,179 6.1606330,49.1047080,179 6.1606330,49.1047080,179 6.1606950,49.1047010,179 6.1607280,49.1046830,179 6.1608490,49.1047570,179 6.1608700,49.1047950,179 6.1607710,49.1048540,179 6.1607710,49.1049450,179 6.1607500,49.1050130,178 6.1607200,49.1050530,178 6.1606710,49.1050490,178 6.1606450,49.1050540,178 6.1604500,49.1051980,178 6.1601020,49.1054380,178 6.1600240,49.1054930,178 6.1597930,49.1056520,178 6.1597190,49.1057020,178 6.1597010,49.1057140,178 6.1596120,49.1057720,178 6.1595700,49.1058020,178 6.1600430,49.1060720,178 6.1603230,49.1061980,178 6.1607640,49.1064360,178 6.1612750,49.1066940,178 6.1613540,49.1067600,178 6.1616420,49.1069080,178 6.1616560,49.1069150,178 6.1624700,49.1073410,180 6.1625660,49.1073860,179 6.1626450,49.1074340,179 6.1628360,49.1075780,179 6.1629240,49.1076610,180 6.1633820,49.1081690,180 6.1634370,49.1082190,180 6.1635130,49.1082900,180 6.1635490,49.1083240,180 6.1637690,49.1085280,180 6.1639960,49.1087220,180 6.1644410,49.1090870,180 6.1647750,49.1093430,180 6.1648630,49.1094020,180 6.1649640,49.1094600,181 6.1653670,49.1096980,181 6.1656560,49.1098330,181 6.1658060,49.1098900,182 6.1658740,49.1099160,182 6.1661050,49.1099760,182 6.1663640,49.1100290,182 6.1666150,49.1100750,182 6.1668690,49.1101080,182 6.1670840,49.1101430,182 6.1672230,49.1101650,183 6.1673810,49.1102140,183 6.1673870,49.1102660,183 6.1673890,49.1102800,183 6.1675450,49.1103210,183 6.1677980,49.1103280,182 6.1693510,49.1104380,182 6.1705060,49.1105200,180 6.1706010,49.1105660,180 6.1706670,49.1105650,180 6.1707240,49.1105640,180 6.1707830,49.1105490,180 6.1708360,49.1105350,180 6.1713030,49.1105230,179 6.1718080,49.1105100,179 6.1718680,49.1105080,179 6.1719520,49.1104920,179 6.1720450,49.1104710,179 6.1723840,49.1104130,179 6.1727810,49.1103670,178 6.1730170,49.1103700,178 6.1732230,49.1103870,177 6.1737140,49.1104280,177 6.1738500,49.1104310,176 6.1739670,49.1104400,176 6.1741070,49.1104430,176 6.1742460,49.1104380,176 6.1744300,49.1104160,176 6.1745770,49.1103850,176 6.1746420,49.1103640,176 6.1747350,49.1103310,176 6.1748830,49.1103020,175 6.1759170,49.1100190,174 6.1759580,49.1100860,174 6.1759870,49.1101320,174 6.1759940,49.1101440,174 6.1760570,49.1101740,173 6.1761480,49.1101510,174 6.1762210,49.1101340,174 6.1763430,49.1101110,174 6.1766380,49.1102540,174 6.1766610,49.1102330,174 6.1767370,49.1101660,174 6.1767800,49.1101280,174 6.1769620,49.1100150,174 6.1770100,49.1099770,174 6.1770640,49.1099290,175 6.1770960,49.1099000,176 6.1771960,49.1098140,178 6.1773690,49.1096620,180 6.1774310,49.1096070,180 6.1774510,49.1095900,180 6.1776440,49.1094230,179 6.1777310,49.1093450,179 6.1778550,49.1092350,179 6.1779350,49.1091650,179 6.1781230,49.1090000,179 6.1785370,49.1086340,176 6.1785780,49.1085970,176 6.1789650,49.1086370,174 6.1790320,49.1086290,174 6.1792300,49.1086030,172 6.1794770,49.1085900,172 6.1795900,49.1084890,172 6.1799530,49.1086990,172 6.1800090,49.1087230,172 6.1800320,49.1087070,172 6.1800720,49.1086810,172 6.1801050,49.1086560,172 6.1801210,49.1086420,172 6.1801710,49.1085990,172 6.1801950,49.1085640,172 6.1803040,49.1083640,172 6.1804210,49.1081720,172 6.1804690,49.1081500,172 6.1805360,49.1080360,171 6.1806140,49.1080420,171 6.1807420,49.1080150,171 6.1809290,49.1077440,171 6.1811220,49.1078390,171 6.1809960,49.1080510,171 6.1808640,49.1082740,172 6.1810500,49.1084250,171</coordinates></LineString></Placemark>
  </Folder>
</Document></kml>