{"type": "FeatureCollection", "features": [{"type": "Feature", "properties": {"id": "seille-borny", "nom": "La Seille et les commerces de Borny", "couleur": "#4A6B8C"}, "geometry": {"type": "LineString", "coordinates": [[6.176867, 49.115387, 174], [6.176627, 49.115193, 174], [6.176374, 49.11504, 174], [6.176179, 49.11493, 174], [6.176163, 49.11492, 174], [6.175921, 49.11479, 174], [6.176365, 49.114643, 174], [6.17664, 49.114518, 174], [6.177009, 49.114359, 174], [6.177156, 49.1143, 173], [6.177311, 49.114249, 172], [6.178059, 49.114018, 171], [6.178093, 49.114002, 171], [6.178123, 49.113977, 171], [6.178177, 49.113924, 171], [6.178212, 49.113868, 171], [6.17823, 49.113814, 171], [6.178248, 49.11366, 171], [6.178247, 49.113552, 171], [6.17832, 49.113478, 171], [6.178375, 49.113374, 171], [6.178408, 49.113324, 171], [6.178431, 49.113223, 171], [6.178481, 49.11295, 171], [6.178503, 49.112852, 171], [6.178519, 49.112706, 171], [6.178493, 49.112675, 171], [6.178489, 49.112655, 171], [6.178485, 49.112633, 171], [6.178469, 49.112535, 171], [6.178469, 49.112525, 171], [6.178475, 49.112356, 172], [6.178437, 49.112303, 172], [6.178402, 49.112271, 172], [6.178403, 49.112203, 172], [6.178541, 49.111816, 172], [6.178599, 49.111825, 172], [6.178624, 49.111829, 172], [6.17869, 49.111838, 172], [6.178714, 49.111806, 172], [6.178739, 49.111792, 172], [6.178757, 49.111732, 172], [6.178775, 49.111676, 172], [6.178802, 49.111587, 172], [6.17882, 49.111527, 172], [6.17891, 49.111279, 172], [6.178939, 49.111155, 172], [6.179008, 49.111116, 172], [6.179044, 49.111083, 172], [6.179143, 49.110983, 172], [6.179025, 49.11093, 172], [6.179042, 49.110902, 172], [6.179085, 49.110838, 172], [6.179898, 49.109469, 173], [6.180135, 49.109057, 173], [6.180189, 49.108985, 173], [6.180137, 49.108969, 172], [6.180057, 49.108947, 172], [6.180118, 49.108842, 172], [6.180155, 49.108808, 172], [6.180221, 49.108783, 172], [6.18027, 49.108608, 172], [6.180345, 49.108653, 172], [6.180642, 49.108161, 171], [6.180742, 49.108015, 171], [6.180929, 49.107744, 171], [6.180975, 49.1077, 171], [6.181035, 49.107661, 171], [6.181123, 49.107629, 171], [6.18118, 49.107621, 171], [6.181239, 49.107612, 171], [6.182549, 49.107696, 171], [6.182987, 49.107726, 173], [6.182989, 49.107706, 172], [6.182999, 49.107611, 172], [6.183005, 49.107571, 172], [6.183014, 49.107518, 171], [6.183185, 49.107531, 170], [6.183229, 49.107515, 170], [6.183244, 49.107491, 170], [6.183329, 49.107497, 170], [6.183412, 49.107502, 170], [6.183617, 49.107512, 170], [6.183634, 49.107418, 170], [6.183859, 49.107434, 170], [6.183901, 49.107437, 170], [6.184711, 49.106606, 170], [6.184962, 49.106624, 170], [6.184964, 49.106609, 169], [6.184962, 49.106624, 170], [6.185078, 49.106632, 169], [6.18514, 49.10674, 169], [6.185214, 49.10695, 168], [6.185224, 49.107016, 168], [6.185232, 49.107528, 169], [6.18608, 49.107591, 168], [6.18611, 49.107406, 168], [6.186119, 49.107352, 168], [6.186145, 49.107324, 168], [6.186325, 49.106278, 167], [6.186342, 49.106249, 167], [6.186346, 49.10621, 168], [6.186414, 49.10621, 168], [6.186652, 49.106188, 168], [6.187, 49.106145, 168], [6.187318, 49.106107, 168], [6.187373, 49.1061, 168], [6.187401, 49.106097, 168], [6.187449, 49.106091, 169], [6.187462, 49.106153, 169], [6.187476, 49.106199, 169], [6.187529, 49.106189, 169], [6.187562, 49.106182, 169], [6.187622, 49.10617, 169], [6.188528, 49.10598, 174], [6.188569, 49.105973, 174], [6.188919, 49.105906, 177], [6.18905, 49.105859, 178], [6.189232, 49.105817, 180], [6.189383, 49.105815, 180], [6.189508, 49.105793, 182], [6.189614, 49.105775, 183], [6.189714, 49.105767, 184], [6.190044, 49.105792, 186], [6.190246, 49.105798, 189], [6.190464, 49.105778, 190], [6.190471, 49.105825, 190], [6.190489, 49.105942, 190], [6.190504, 49.106045, 190], [6.190617, 49.106807, 194], [6.19071, 49.106802, 194], [6.190967, 49.106789, 196], [6.191108, 49.106803, 196], [6.191278, 49.106871, 196], [6.191392, 49.106925, 196], [6.191594, 49.10677, 197], [6.191669, 49.106698, 197], [6.191745, 49.106719, 198], [6.191882, 49.106756, 198], [6.19202, 49.106804, 198], [6.192266, 49.106927, 198], [6.192291, 49.10694, 198], [6.192473, 49.107048, 199], [6.192536, 49.107085, 199], [6.192586, 49.107115, 199], [6.193202, 49.107482, 202], [6.193506, 49.107663, 199], [6.19354, 49.107681, 198], [6.19356, 49.107691, 198], [6.193795, 49.107786, 198], [6.193892, 49.107812, 200], [6.194, 49.107831, 201], [6.194069, 49.107841, 202], [6.19413, 49.107858, 202], [6.194316, 49.10792, 203], [6.194914, 49.108178, 204], [6.194997, 49.108212, 204], [6.195103, 49.108251, 204], [6.195988, 49.108582, 206], [6.196197, 49.10866, 206], [6.19625, 49.10868, 206], [6.196669, 49.108837, 207], [6.196785, 49.10889, 207], [6.196813, 49.108856, 207], [6.196836, 49.108828, 207], [6.197448, 49.108166, 208], [6.197515, 49.108094, 209], [6.197855, 49.107713, 210], [6.197954, 49.107601, 210], [6.198004, 49.107625, 210], [6.198142, 49.107677, 210], [6.198383, 49.107767, 210], [6.199491, 49.108178, 210], [6.200141, 49.108421, 208], [6.200193, 49.108359, 209], [6.200322, 49.108401, 208], [6.200421, 49.108438, 208], [6.200516, 49.108474, 208], [6.200612, 49.10851, 207], [6.20089, 49.108195, 208], [6.200941, 49.108216, 208], [6.200987, 49.108235, 208], [6.201025, 49.108252, 208], [6.201351, 49.107863, 209], [6.201492, 49.107833, 209], [6.201945, 49.10738, 210], [6.202439, 49.106891, 212], [6.20251, 49.106863, 212], [6.202578, 49.106867, 212], [6.20261, 49.106841, 212], [6.203166, 49.106545, 212], [6.203207, 49.106513, 213], [6.203235, 49.106498, 213], [6.203242, 49.106484, 213], [6.203237, 49.106467, 213], [6.203188, 49.106424, 213], [6.203155, 49.106393, 214], [6.203312, 49.106315, 213], [6.203361, 49.106287, 213], [6.203392, 49.10627, 213], [6.203438, 49.106244, 214], [6.203467, 49.106228, 214], [6.203828, 49.105975, 214], [6.204335, 49.105616, 214], [6.204425, 49.105601, 214], [6.204528, 49.105557, 214], [6.204602, 49.105503, 214], [6.204719, 49.105408, 214], [6.204804, 49.105321, 214], [6.204888, 49.105317, 214], [6.205172, 49.105298, 214], [6.205252, 49.105292, 214], [6.205415, 49.105281, 213], [6.20572, 49.105261, 212], [6.206192, 49.105232, 211], [6.206329, 49.105223, 210], [6.206386, 49.105224, 210], [6.206562, 49.105212, 210], [6.206594, 49.10521, 210], [6.206711, 49.105197, 209], [6.206837, 49.105186, 209], [6.20756, 49.105134, 207], [6.207951, 49.105106, 206], [6.208057, 49.105099, 206], [6.208471, 49.105069, 205], [6.208579, 49.105061, 205], [6.208661, 49.105077, 204], [6.208732, 49.105105, 204], [6.208807, 49.105163, 204], [6.20887, 49.105202, 204], [6.209164, 49.105336, 204], [6.209258, 49.105379, 203], [6.209347, 49.105462, 203], [6.209338, 49.105474, 203], [6.209314, 49.105486, 203], [6.209387, 49.105544, 203], [6.209444, 49.10559, 203], [6.209481, 49.105619, 202], [6.209578, 49.105592, 202], [6.2097, 49.105598, 202], [6.209792, 49.105616, 202], [6.209961, 49.105662, 202], [6.210316, 49.105796, 201], [6.210612, 49.105922, 200], [6.211494, 49.106275, 199], [6.211713, 49.106359, 199], [6.212128, 49.106503, 198], [6.212508, 49.106605, 198], [6.213023, 49.106712, 197], [6.213382, 49.106763, 196], [6.213626, 49.106789, 196], [6.214341, 49.106844, 194], [6.215503, 49.106923, 194], [6.216898, 49.107022, 193], [6.217618, 49.107066, 194], [6.217665, 49.107071, 194], [6.217996, 49.107177, 194], [6.21827, 49.107179, 195], [6.218551, 49.107197, 196], [6.218838, 49.107219, 196], [6.219194, 49.107223, 196], [6.219381, 49.107235, 196], [6.219634, 49.107264, 196], [6.21976, 49.107267, 197], [6.219932, 49.10728, 197], [6.220369, 49.107289, 198], [6.220495, 49.107307, 198], [6.220562, 49.107315, 198], [6.220715, 49.107314, 198], [6.220798, 49.107329, 198], [6.220937, 49.107323, 198], [6.220975, 49.107331, 198], [6.22103, 49.107324, 198], [6.221207, 49.107334, 198], [6.221295, 49.10734, 199], [6.221419, 49.107349, 199], [6.221561, 49.107357, 199], [6.221669, 49.107264, 199], [6.22172, 49.107209, 199], [6.221749, 49.107169, 199], [6.22169, 49.107164, 199], [6.221713, 49.10714, 199], [6.221755, 49.107095, 199], [6.221824, 49.107017, 199], [6.22198, 49.107014, 199], [6.222485, 49.107025, 200], [6.222675, 49.107016, 200], [6.222811, 49.10703, 200], [6.223924, 49.107102, 202], [6.224466, 49.107109, 202], [6.224646, 49.107136, 203], [6.224898, 49.107148, 203], [6.226012, 49.107169, 204], [6.226062, 49.107186, 205], [6.226116, 49.107199, 205], [6.226216, 49.107203, 205], [6.22633, 49.107208, 205], [6.226396, 49.107211, 205], [6.226648, 49.107218, 206], [6.226886, 49.107217, 207], [6.226893, 49.107153, 207], [6.226901, 49.107016, 207], [6.226935, 49.107017, 207], [6.226981, 49.106407, 209], [6.226982, 49.106388, 209], [6.227006, 49.106388, 209], [6.227196, 49.106393, 209], [6.227221, 49.106393, 209], [6.227349, 49.106397, 209], [6.227415, 49.106296, 209], [6.227427, 49.106155, 209], [6.227415, 49.106296, 209], [6.227349, 49.106397, 209], [6.227221, 49.106393, 209], [6.227196, 49.106393, 209], [6.227006, 49.106388, 209], [6.226982, 49.106388, 209], [6.226981, 49.106407, 209], [6.226935, 49.107017, 207], [6.226901, 49.107016, 207], [6.226893, 49.107153, 207], [6.226886, 49.107217, 207], [6.226648, 49.107218, 206], [6.226396, 49.107211, 205], [6.22633, 49.107208, 205], [6.226216, 49.107203, 205], [6.226116, 49.107199, 205], [6.226062, 49.107186, 205], [6.226012, 49.107169, 204], [6.224898, 49.107148, 203], [6.224646, 49.107136, 203], [6.224466, 49.107109, 202], [6.223924, 49.107102, 202], [6.222811, 49.10703, 200], [6.222675, 49.107016, 200], [6.222485, 49.107025, 200], [6.22198, 49.107014, 199], [6.221824, 49.107017, 199], [6.221755, 49.107095, 199], [6.221713, 49.10714, 199], [6.22169, 49.107164, 199], [6.221749, 49.107169, 199], [6.22172, 49.107209, 199], [6.221669, 49.107264, 199], [6.221561, 49.107357, 199], [6.221419, 49.107349, 199], [6.221295, 49.10734, 199], [6.221207, 49.107334, 198], [6.22103, 49.107324, 198], [6.220975, 49.107331, 198], [6.220937, 49.107323, 198], [6.220798, 49.107329, 198], [6.220715, 49.107314, 198], [6.220562, 49.107315, 198], [6.220495, 49.107307, 198], [6.220369, 49.107289, 198], [6.219932, 49.10728, 197], [6.21976, 49.107267, 197], [6.219634, 49.107264, 196], [6.219381, 49.107235, 196], [6.219194, 49.107223, 196], [6.218838, 49.107219, 196], [6.218551, 49.107197, 196], [6.21827, 49.107179, 195], [6.217996, 49.107177, 194], [6.217665, 49.107071, 194], [6.217618, 49.107066, 194], [6.216898, 49.107022, 193], [6.216789, 49.107033, 193], [6.216715, 49.10706, 193], [6.216668, 49.107092, 192], [6.216623, 49.107136, 192], [6.2166, 49.107266, 191], [6.216602, 49.10737, 191], [6.216614, 49.10746, 191], [6.216628, 49.107587, 190], [6.216621, 49.10763, 190], [6.216582, 49.107679, 190], [6.216554, 49.107731, 189], [6.216553, 49.107764, 189], [6.216586, 49.107813, 189], [6.216669, 49.107887, 190], [6.216688, 49.107937, 190], [6.216684, 49.10799, 190], [6.21665, 49.108049, 190], [6.216557, 49.108169, 189], [6.216466, 49.108317, 189], [6.216341, 49.108587, 190], [6.216268, 49.108713, 190], [6.21626, 49.108754, 190], [6.216283, 49.108828, 190], [6.21628, 49.108871, 190], [6.216177, 49.108997, 189], [6.216159, 49.109057, 189], [6.216198, 49.10923, 189], [6.216177, 49.109301, 189], [6.216135, 49.109368, 189], [6.21609, 49.109407, 189], [6.216046, 49.109428, 188], [6.215951, 49.109479, 188], [6.215774, 49.109632, 188], [6.215354, 49.109884, 188], [6.215286, 49.109936, 188], [6.215218, 49.11001, 188], [6.2151, 49.110098, 188], [6.214811, 49.110272, 188], [6.214557, 49.110405, 188], [6.214429, 49.110495, 188], [6.214326, 49.110612, 188], [6.214291, 49.110663, 188], [6.21427, 49.110746, 188], [6.214267, 49.110804, 189], [6.214278, 49.110874, 190], [6.214276, 49.110978, 190], [6.214228, 49.111075, 190], [6.214173, 49.111151, 190], [6.214127, 49.111181, 190], [6.213974, 49.111229, 189], [6.213867, 49.111237, 188], [6.213707, 49.111235, 187], [6.213648, 49.11125, 186], [6.213463, 49.11133, 188], [6.213341, 49.11135, 188], [6.213239, 49.111348, 187], [6.213043, 49.111326, 186], [6.212945, 49.111321, 186], [6.212898, 49.111333, 186], [6.212863, 49.111353, 186], [6.212837, 49.111364, 186], [6.212812, 49.111398, 186], [6.21259, 49.111322, 186], [6.212337, 49.111225, 186], [6.212262, 49.111281, 185], [6.21221, 49.111323, 185], [6.212077, 49.111365, 184], [6.211981, 49.111383, 184], [6.21142, 49.111473, 184], [6.211136, 49.111524, 184], [6.210742, 49.111605, 183], [6.21045, 49.111689, 183], [6.210306, 49.111754, 184], [6.210236, 49.111807, 184], [6.210195, 49.111864, 184], [6.210199, 49.111923, 184], [6.210188, 49.111957, 184], [6.210157, 49.111988, 184], [6.209394, 49.112466, 182], [6.208381, 49.113208, 181], [6.207905, 49.113534, 181], [6.207776, 49.113589, 181], [6.207536, 49.113675, 180], [6.207253, 49.113767, 180], [6.207184, 49.113797, 180], [6.206951, 49.113939, 180], [6.206627, 49.114156, 179], [6.206124, 49.114414, 179], [6.205627, 49.114691, 179], [6.205316, 49.114842, 179], [6.205142, 49.114901, 180], [6.204979, 49.114942, 180], [6.20491, 49.114977, 180], [6.204872, 49.115026, 180], [6.204817, 49.115021, 180], [6.204758, 49.115001, 181], [6.204713, 49.114977, 181], [6.20466, 49.114937, 181], [6.204577, 49.114914, 182], [6.204493, 49.114918, 182], [6.204404, 49.114944, 182], [6.20429, 49.114931, 183], [6.204172, 49.114892, 183], [6.204132, 49.114894, 183], [6.204108, 49.114896, 183], [6.20407, 49.114854, 184], [6.203969, 49.114889, 183], [6.203916, 49.114907, 183], [6.203886, 49.114867, 183], [6.203837, 49.114884, 183], [6.203719, 49.114924, 183], [6.203467, 49.11493, 183], [6.201138, 49.114542, 184], [6.200962, 49.114515, 184], [6.199452, 49.114294, 184], [6.199336, 49.114276, 184], [6.199325, 49.114274, 184], [6.199088, 49.114236, 184], [6.198662, 49.114174, 183], [6.198597, 49.114165, 183], [6.198381, 49.114134, 183], [6.19826, 49.114119, 182], [6.198121, 49.114118, 182], [6.197617, 49.114108, 182], [6.197476, 49.1141, 181], [6.19694, 49.114048, 180], [6.196819, 49.114039, 180], [6.196432, 49.113998, 180], [6.196384, 49.113996, 180], [6.196338, 49.113994, 180], [6.196241, 49.11399, 180], [6.194779, 49.113977, 178], [6.194439, 49.113988, 178], [6.194012, 49.114001, 178], [6.193828, 49.114023, 178], [6.193025, 49.114109, 178], [6.192564, 49.114157, 178], [6.192001, 49.114215, 178], [6.191833, 49.114228, 178], [6.191729, 49.114213, 178], [6.191616, 49.114182, 179], [6.191522, 49.114295, 178], [6.191379, 49.114413, 177], [6.191233, 49.114526, 177], [6.191151, 49.114562, 178], [6.191047, 49.11459, 177], [6.190946, 49.114605, 177], [6.190505, 49.114629, 177], [6.189865, 49.114669, 175], [6.189763, 49.11466, 175], [6.189647, 49.114624, 175], [6.189461, 49.114545, 175], [6.189337, 49.114505, 175], [6.188562, 49.114356, 173], [6.18833, 49.114316, 172], [6.188152, 49.11429, 173], [6.187768, 49.114291, 172], [6.187736, 49.114284, 172], [6.187497, 49.114154, 172], [6.187378, 49.114088, 172], [6.187226, 49.113987, 173], [6.186963, 49.113812, 171], [6.186698, 49.113635, 171], [6.186446, 49.113468, 171], [6.186356, 49.113443, 171], [6.186284, 49.11342, 171], [6.186237, 49.113406, 171], [6.186081, 49.113351, 171], [6.18583, 49.113263, 170], [6.185743, 49.113224, 169], [6.185705, 49.113196, 168], [6.185346, 49.11294, 169], [6.185318, 49.112906, 170], [6.185303, 49.11287, 170], [6.185317, 49.112705, 170], [6.185217, 49.112699, 171], [6.185165, 49.112698, 171], [6.185103, 49.112696, 171], [6.185033, 49.11273, 171], [6.184986, 49.112759, 171], [6.184923, 49.112727, 171], [6.184873, 49.112711, 172], [6.18479, 49.112703, 172], [6.184716, 49.112718, 172], [6.184685, 49.112734, 172], [6.184321, 49.113, 172], [6.184281, 49.113076, 172], [6.184269, 49.113125, 171], [6.184028, 49.113269, 170], [6.183927, 49.113321, 170], [6.183892, 49.113325, 170], [6.183838, 49.113289, 170], [6.183749, 49.113221, 170], [6.183702, 49.11318, 170], [6.183579, 49.113219, 170], [6.183543, 49.113238, 170], [6.183445, 49.113292, 170], [6.183356, 49.113341, 170], [6.183303, 49.11337, 170], [6.183212, 49.113419, 170], [6.183117, 49.11335, 170], [6.18305, 49.113347, 170], [6.182933, 49.113342, 170], [6.182901, 49.113345, 169], [6.182811, 49.113446, 169], [6.182723, 49.113563, 169], [6.182672, 49.113644, 169], [6.182476, 49.113909, 169], [6.182188, 49.114293, 169], [6.182049, 49.114492, 168], [6.181995, 49.114516, 168], [6.182003, 49.11453, 168], [6.182026, 49.114575, 168], [6.181934, 49.114594, 168], [6.181897, 49.114602, 168], [6.181814, 49.114613, 168], [6.181387, 49.114548, 169], [6.18127, 49.11453, 169], [6.181222, 49.114523, 169], [6.181196, 49.114554, 169], [6.181158, 49.114618, 169], [6.181133, 49.114689, 169], [6.181011, 49.115054, 169], [6.180962, 49.115183, 169], [6.180912, 49.115248, 169], [6.18084, 49.115273, 169], [6.180795, 49.115272, 169], [6.180128, 49.115176, 170], [6.180024, 49.115162, 170], [6.179929, 49.115138, 170], [6.179665, 49.115101, 170], [6.179287, 49.115044, 170], [6.179181, 49.115029, 170], [6.179106, 49.115017, 170], [6.179067, 49.115153, 170], [6.179027, 49.115244, 171], [6.178969, 49.115237, 171], [6.178932, 49.115348, 171], [6.178859, 49.115352, 171], [6.178604, 49.115368, 171], [6.17852, 49.115391, 172], [6.178541, 49.115569, 172], [6.178522, 49.115599, 172], [6.178491, 49.115625, 172], [6.17813, 49.115696, 174], [6.177899, 49.115777, 174], [6.177638, 49.115894, 174], [6.177407, 49.116014, 174], [6.177282, 49.115809, 174], [6.177033, 49.115522, 175], [6.176867, 49.115387, 174]]}}, {"type": "Feature", "properties": {"id": "borny-direct", "nom": "Borny par le plus court", "couleur": "#A0455B"}, "geometry": {"type": "LineString", "coordinates": [[6.176867, 49.115387, 174], [6.177033, 49.115522, 175], [6.177282, 49.115809, 174], [6.177407, 49.116014, 174], [6.177638, 49.115894, 174], [6.177899, 49.115777, 174], [6.17813, 49.115696, 174], [6.178491, 49.115625, 172], [6.178522, 49.115599, 172], [6.178541, 49.115569, 172], [6.17852, 49.115391, 172], [6.178604, 49.115368, 171], [6.178859, 49.115352, 171], [6.178932, 49.115348, 171], [6.178969, 49.115237, 171], [6.179027, 49.115244, 171], [6.179067, 49.115153, 170], [6.179106, 49.115017, 170], [6.179181, 49.115029, 170], [6.179287, 49.115044, 170], [6.179665, 49.115101, 170], [6.179929, 49.115138, 170], [6.180024, 49.115162, 170], [6.180128, 49.115176, 170], [6.180795, 49.115272, 169], [6.18084, 49.115273, 169], [6.180912, 49.115248, 169], [6.180962, 49.115183, 169], [6.181011, 49.115054, 169], [6.181133, 49.114689, 169], [6.181158, 49.114618, 169], [6.181196, 49.114554, 169], [6.181222, 49.114523, 169], [6.18127, 49.11453, 169], [6.181387, 49.114548, 169], [6.181814, 49.114613, 168], [6.181897, 49.114602, 168], [6.181934, 49.114594, 168], [6.182026, 49.114575, 168], [6.182003, 49.11453, 168], [6.181995, 49.114516, 168], [6.182049, 49.114492, 168], [6.182188, 49.114293, 169], [6.182476, 49.113909, 169], [6.182672, 49.113644, 169], [6.182723, 49.113563, 169], [6.182811, 49.113446, 169], [6.182901, 49.113345, 169], [6.182933, 49.113342, 170], [6.18305, 49.113347, 170], [6.183117, 49.11335, 170], [6.183212, 49.113419, 170], [6.183303, 49.11337, 170], [6.183356, 49.113341, 170], [6.183445, 49.113292, 170], [6.183543, 49.113238, 170], [6.183579, 49.113219, 170], [6.183702, 49.11318, 170], [6.183749, 49.113221, 170], [6.183838, 49.113289, 170], [6.183892, 49.113325, 170], [6.183927, 49.113321, 170], [6.184028, 49.113269, 170], [6.184269, 49.113125, 171], [6.184281, 49.113076, 172], [6.184321, 49.113, 172], [6.184685, 49.112734, 172], [6.184716, 49.112718, 172], [6.18479, 49.112703, 172], [6.184873, 49.112711, 172], [6.184923, 49.112727, 171], [6.184986, 49.112759, 171], [6.185033, 49.11273, 171], [6.185103, 49.112696, 171], [6.185165, 49.112698, 171], [6.185217, 49.112699, 171], [6.185317, 49.112705, 170], [6.185303, 49.11287, 170], [6.185318, 49.112906, 170], [6.185346, 49.11294, 169], [6.185705, 49.113196, 168], [6.185743, 49.113224, 169], [6.18583, 49.113263, 170], [6.186081, 49.113351, 171], [6.186237, 49.113406, 171], [6.186284, 49.11342, 171], [6.186356, 49.113443, 171], [6.186446, 49.113468, 171], [6.186698, 49.113635, 171], [6.186963, 49.113812, 171], [6.187226, 49.113987, 173], [6.187378, 49.114088, 172], [6.187497, 49.114154, 172], [6.187736, 49.114284, 172], [6.187768, 49.114291, 172], [6.188152, 49.11429, 173], [6.18833, 49.114316, 172], [6.188562, 49.114356, 173], [6.189337, 49.114505, 175], [6.189461, 49.114545, 175], [6.189647, 49.114624, 175], [6.189763, 49.11466, 175], [6.189865, 49.114669, 175], [6.190505, 49.114629, 177], [6.190946, 49.114605, 177], [6.191047, 49.11459, 177], [6.191151, 49.114562, 178], [6.191233, 49.114526, 177], [6.191379, 49.114413, 177], [6.191522, 49.114295, 178], [6.191616, 49.114182, 179], [6.191729, 49.114213, 178], [6.191833, 49.114228, 178], [6.192001, 49.114215, 178], [6.192564, 49.114157, 178], [6.193025, 49.114109, 178], [6.193828, 49.114023, 178], [6.194012, 49.114001, 178], [6.194439, 49.113988, 178], [6.194779, 49.113977, 178], [6.196241, 49.11399, 180], [6.196338, 49.113994, 180], [6.196384, 49.113996, 180], [6.196432, 49.113998, 180], [6.196819, 49.114039, 180], [6.19694, 49.114048, 180], [6.197476, 49.1141, 181], [6.197617, 49.114108, 182], [6.198121, 49.114118, 182], [6.19826, 49.114119, 182], [6.198381, 49.114134, 183], [6.198597, 49.114165, 183], [6.198662, 49.114174, 183], [6.199088, 49.114236, 184], [6.199325, 49.114274, 184], [6.199336, 49.114276, 184], [6.199452, 49.114294, 184], [6.200962, 49.114515, 184], [6.201138, 49.114542, 184], [6.203467, 49.11493, 183], [6.203719, 49.114924, 183], [6.203837, 49.114884, 183], [6.203886, 49.114867, 183], [6.203916, 49.114907, 183], [6.203969, 49.114889, 183], [6.20407, 49.114854, 184], [6.204108, 49.114896, 183], [6.204132, 49.114894, 183], [6.204172, 49.114892, 183], [6.20429, 49.114931, 183], [6.204404, 49.114944, 182], [6.204493, 49.114918, 182], [6.204577, 49.114914, 182], [6.20466, 49.114937, 181], [6.204713, 49.114977, 181], [6.204758, 49.115001, 181], [6.204817, 49.115021, 180], [6.204872, 49.115026, 180], [6.20491, 49.114977, 180], [6.204979, 49.114942, 180], [6.205142, 49.114901, 180], [6.205316, 49.114842, 179], [6.205627, 49.114691, 179], [6.206124, 49.114414, 179], [6.206627, 49.114156, 179], [6.206951, 49.113939, 180], [6.207184, 49.113797, 180], [6.207253, 49.113767, 180], [6.207536, 49.113675, 180], [6.207776, 49.113589, 181], [6.207905, 49.113534, 181], [6.208381, 49.113208, 181], [6.209394, 49.112466, 182], [6.210157, 49.111988, 184], [6.210188, 49.111957, 184], [6.210199, 49.111923, 184], [6.210195, 49.111864, 184], [6.210236, 49.111807, 184], [6.210306, 49.111754, 184], [6.21045, 49.111689, 183], [6.210742, 49.111605, 183], [6.211136, 49.111524, 184], [6.21142, 49.111473, 184], [6.211981, 49.111383, 184], [6.212077, 49.111365, 184], [6.21221, 49.111323, 185], [6.212262, 49.111281, 185], [6.212337, 49.111225, 186], [6.21259, 49.111322, 186], [6.212812, 49.111398, 186], [6.212837, 49.111364, 186], [6.212863, 49.111353, 186], [6.212898, 49.111333, 186], [6.212945, 49.111321, 186], [6.213043, 49.111326, 186], [6.213239, 49.111348, 187], [6.213341, 49.11135, 188], [6.213463, 49.11133, 188], [6.213648, 49.11125, 186], [6.213707, 49.111235, 187], [6.213867, 49.111237, 188], [6.213974, 49.111229, 189], [6.214127, 49.111181, 190], [6.214173, 49.111151, 190], [6.214228, 49.111075, 190], [6.214276, 49.110978, 190], [6.214278, 49.110874, 190], [6.214267, 49.110804, 189], [6.21427, 49.110746, 188], [6.214291, 49.110663, 188], [6.214326, 49.110612, 188], [6.214429, 49.110495, 188], [6.214557, 49.110405, 188], [6.214811, 49.110272, 188], [6.2151, 49.110098, 188], [6.215218, 49.11001, 188], [6.215286, 49.109936, 188], [6.215354, 49.109884, 188], [6.215774, 49.109632, 188], [6.215951, 49.109479, 188], [6.216046, 49.109428, 188], [6.21609, 49.109407, 189], [6.216135, 49.109368, 189], [6.216177, 49.109301, 189], [6.216198, 49.10923, 189], [6.216159, 49.109057, 189], [6.216177, 49.108997, 189], [6.21628, 49.108871, 190], [6.216283, 49.108828, 190], [6.21626, 49.108754, 190], [6.216268, 49.108713, 190], [6.216341, 49.108587, 190], [6.216466, 49.108317, 189], [6.216557, 49.108169, 189], [6.21665, 49.108049, 190], [6.216684, 49.10799, 190], [6.216688, 49.107937, 190], [6.216669, 49.107887, 190], [6.216586, 49.107813, 189], [6.216553, 49.107764, 189], [6.216554, 49.107731, 189], [6.216582, 49.107679, 190], [6.216621, 49.10763, 190], [6.216628, 49.107587, 190], [6.216614, 49.10746, 191], [6.216602, 49.10737, 191], [6.2166, 49.107266, 191], [6.216623, 49.107136, 192], [6.216668, 49.107092, 192], [6.216715, 49.10706, 193], [6.216789, 49.107033, 193], [6.216898, 49.107022, 193], [6.217618, 49.107066, 194], [6.217665, 49.107071, 194], [6.217996, 49.107177, 194], [6.21827, 49.107179, 195], [6.218551, 49.107197, 196], [6.218838, 49.107219, 196], [6.219194, 49.107223, 196], [6.219381, 49.107235, 196], [6.219634, 49.107264, 196], [6.21976, 49.107267, 197], [6.219932, 49.10728, 197], [6.220369, 49.107289, 198], [6.220495, 49.107307, 198], [6.220562, 49.107315, 198], [6.220715, 49.107314, 198], [6.220798, 49.107329, 198], [6.220937, 49.107323, 198], [6.220975, 49.107331, 198], [6.22103, 49.107324, 198], [6.221207, 49.107334, 198], [6.221295, 49.10734, 199], [6.221419, 49.107349, 199], [6.221561, 49.107357, 199], [6.221669, 49.107264, 199], [6.22172, 49.107209, 199], [6.221749, 49.107169, 199], [6.22169, 49.107164, 199], [6.221713, 49.10714, 199], [6.221755, 49.107095, 199], [6.221824, 49.107017, 199], [6.22198, 49.107014, 199], [6.222485, 49.107025, 200], [6.222675, 49.107016, 200], [6.222811, 49.10703, 200], [6.223924, 49.107102, 202], [6.224466, 49.107109, 202], [6.224646, 49.107136, 203], [6.224898, 49.107148, 203], [6.226012, 49.107169, 204], [6.226062, 49.107186, 205], [6.226116, 49.107199, 205], [6.226216, 49.107203, 205], [6.22633, 49.107208, 205], [6.226396, 49.107211, 205], [6.226648, 49.107218, 206], [6.226886, 49.107217, 207], [6.226893, 49.107153, 207], [6.226901, 49.107016, 207], [6.226935, 49.107017, 207], [6.226981, 49.106407, 209], [6.226982, 49.106388, 209], [6.227006, 49.106388, 209], [6.227196, 49.106393, 209], [6.227221, 49.106393, 209], [6.227349, 49.106397, 209], [6.227415, 49.106296, 209], [6.227427, 49.106155, 209], [6.227415, 49.106296, 209], [6.227349, 49.106397, 209], [6.227221, 49.106393, 209], [6.227196, 49.106393, 209], [6.227006, 49.106388, 209], [6.226982, 49.106388, 209], [6.226981, 49.106407, 209], [6.226935, 49.107017, 207], [6.226901, 49.107016, 207], [6.226893, 49.107153, 207], [6.226886, 49.107217, 207], [6.226648, 49.107218, 206], [6.226396, 49.107211, 205], [6.22633, 49.107208, 205], [6.226216, 49.107203, 205], [6.226116, 49.107199, 205], [6.226062, 49.107186, 205], [6.226012, 49.107169, 204], [6.224898, 49.107148, 203], [6.224646, 49.107136, 203], [6.224466, 49.107109, 202], [6.223924, 49.107102, 202], [6.222811, 49.10703, 200], [6.222675, 49.107016, 200], [6.222485, 49.107025, 200], [6.22198, 49.107014, 199], [6.221824, 49.107017, 199], [6.221755, 49.107095, 199], [6.221713, 49.10714, 199], [6.22169, 49.107164, 199], [6.221749, 49.107169, 199], [6.22172, 49.107209, 199], [6.221669, 49.107264, 199], [6.221561, 49.107357, 199], [6.221419, 49.107349, 199], [6.221295, 49.10734, 199], [6.221207, 49.107334, 198], [6.22103, 49.107324, 198], [6.220975, 49.107331, 198], [6.220937, 49.107323, 198], [6.220798, 49.107329, 198], [6.220715, 49.107314, 198], [6.220562, 49.107315, 198], [6.220495, 49.107307, 198], [6.220369, 49.107289, 198], [6.219932, 49.10728, 197], [6.21976, 49.107267, 197], [6.219634, 49.107264, 196], [6.219381, 49.107235, 196], [6.219194, 49.107223, 196], [6.218838, 49.107219, 196], [6.218551, 49.107197, 196], [6.21827, 49.107179, 195], [6.217996, 49.107177, 194], [6.217665, 49.107071, 194], [6.217618, 49.107066, 194], [6.216898, 49.107022, 193], [6.216789, 49.107033, 193], [6.216715, 49.10706, 193], [6.216668, 49.107092, 192], [6.216623, 49.107136, 192], [6.2166, 49.107266, 191], [6.216602, 49.10737, 191], [6.216614, 49.10746, 191], [6.216628, 49.107587, 190], [6.216621, 49.10763, 190], [6.216582, 49.107679, 190], [6.216554, 49.107731, 189], [6.216553, 49.107764, 189], [6.216586, 49.107813, 189], [6.216669, 49.107887, 190], [6.216688, 49.107937, 190], [6.216684, 49.10799, 190], [6.21665, 49.108049, 190], [6.216557, 49.108169, 189], [6.216466, 49.108317, 189], [6.216341, 49.108587, 190], [6.216268, 49.108713, 190], [6.21626, 49.108754, 190], [6.216283, 49.108828, 190], [6.21628, 49.108871, 190], [6.216177, 49.108997, 189], [6.216159, 49.109057, 189], [6.216198, 49.10923, 189], [6.216177, 49.109301, 189], [6.216135, 49.109368, 189], [6.21609, 49.109407, 189], [6.216046, 49.109428, 188], [6.215951, 49.109479, 188], [6.215774, 49.109632, 188], [6.215354, 49.109884, 188], [6.215286, 49.109936, 188], [6.215218, 49.11001, 188], [6.2151, 49.110098, 188], [6.214811, 49.110272, 188], [6.214557, 49.110405, 188], [6.214429, 49.110495, 188], [6.214326, 49.110612, 188], [6.214291, 49.110663, 188], [6.21427, 49.110746, 188], [6.214267, 49.110804, 189], [6.214278, 49.110874, 190], [6.214276, 49.110978, 190], [6.214228, 49.111075, 190], [6.214173, 49.111151, 190], [6.214127, 49.111181, 190], [6.213974, 49.111229, 189], [6.213867, 49.111237, 188], [6.213707, 49.111235, 187], [6.213648, 49.11125, 186], [6.213463, 49.11133, 188], [6.213341, 49.11135, 188], [6.213239, 49.111348, 187], [6.213043, 49.111326, 186], [6.212945, 49.111321, 186], [6.212898, 49.111333, 186], [6.212863, 49.111353, 186], [6.212837, 49.111364, 186], [6.212812, 49.111398, 186], [6.21259, 49.111322, 186], [6.212337, 49.111225, 186], [6.212262, 49.111281, 185], [6.21221, 49.111323, 185], [6.212077, 49.111365, 184], [6.211981, 49.111383, 184], [6.21142, 49.111473, 184], [6.211136, 49.111524, 184], [6.210742, 49.111605, 183], [6.21045, 49.111689, 183], [6.210306, 49.111754, 184], [6.210236, 49.111807, 184], [6.210195, 49.111864, 184], [6.210199, 49.111923, 184], [6.210188, 49.111957, 184], [6.210157, 49.111988, 184], [6.209394, 49.112466, 182], [6.208381, 49.113208, 181], [6.207905, 49.113534, 181], [6.207776, 49.113589, 181], [6.207536, 49.113675, 180], [6.207253, 49.113767, 180], [6.207184, 49.113797, 180], [6.206951, 49.113939, 180], [6.206627, 49.114156, 179], [6.206124, 49.114414, 179], [6.205627, 49.114691, 179], [6.205316, 49.114842, 179], [6.205142, 49.114901, 180], [6.204979, 49.114942, 180], [6.20491, 49.114977, 180], [6.204872, 49.115026, 180], [6.204817, 49.115021, 180], [6.204758, 49.115001, 181], [6.204713, 49.114977, 181], [6.20466, 49.114937, 181], [6.204577, 49.114914, 182], [6.204493, 49.114918, 182], [6.204404, 49.114944, 182], [6.20429, 49.114931, 183], [6.204172, 49.114892, 183], [6.204132, 49.114894, 183], [6.204108, 49.114896, 183], [6.20407, 49.114854, 184], [6.203969, 49.114889, 183], [6.203916, 49.114907, 183], [6.203886, 49.114867, 183], [6.203837, 49.114884, 183], [6.203719, 49.114924, 183], [6.203467, 49.11493, 183], [6.201138, 49.114542, 184], [6.200962, 49.114515, 184], [6.199452, 49.114294, 184], [6.199336, 49.114276, 184], [6.199325, 49.114274, 184], [6.199088, 49.114236, 184], [6.198662, 49.114174, 183], [6.198597, 49.114165, 183], [6.198381, 49.114134, 183], [6.19826, 49.114119, 182], [6.198121, 49.114118, 182], [6.197617, 49.114108, 182], [6.197476, 49.1141, 181], [6.19694, 49.114048, 180], [6.196819, 49.114039, 180], [6.196432, 49.113998, 180], [6.196384, 49.113996, 180], [6.196338, 49.113994, 180], [6.196241, 49.11399, 180], [6.194779, 49.113977, 178], [6.194439, 49.113988, 178], [6.194012, 49.114001, 178], [6.193828, 49.114023, 178], [6.193025, 49.114109, 178], [6.192564, 49.114157, 178], [6.192001, 49.114215, 178], [6.191833, 49.114228, 178], [6.191729, 49.114213, 178], [6.191616, 49.114182, 179], [6.191522, 49.114295, 178], [6.191379, 49.114413, 177], [6.191233, 49.114526, 177], [6.191151, 49.114562, 178], [6.191047, 49.11459, 177], [6.190946, 49.114605, 177], [6.190505, 49.114629, 177], [6.189865, 49.114669, 175], [6.189763, 49.11466, 175], [6.189647, 49.114624, 175], [6.189461, 49.114545, 175], [6.189337, 49.114505, 175], [6.188562, 49.114356, 173], [6.18833, 49.114316, 172], [6.188152, 49.11429, 173], [6.187768, 49.114291, 172], [6.187736, 49.114284, 172], [6.187497, 49.114154, 172], [6.187378, 49.114088, 172], [6.187226, 49.113987, 173], [6.186963, 49.113812, 171], [6.186698, 49.113635, 171], [6.186446, 49.113468, 171], [6.186356, 49.113443, 171], [6.186284, 49.11342, 171], [6.186237, 49.113406, 171], [6.186081, 49.113351, 171], [6.18583, 49.113263, 170], [6.185743, 49.113224, 169], [6.185705, 49.113196, 168], [6.185346, 49.11294, 169], [6.185318, 49.112906, 170], [6.185303, 49.11287, 170], [6.185317, 49.112705, 170], [6.185217, 49.112699, 171], [6.185165, 49.112698, 171], [6.185103, 49.112696, 171], [6.185033, 49.11273, 171], [6.184986, 49.112759, 171], [6.184923, 49.112727, 171], [6.184873, 49.112711, 172], [6.18479, 49.112703, 172], [6.184716, 49.112718, 172], [6.184685, 49.112734, 172], [6.184321, 49.113, 172], [6.184281, 49.113076, 172], [6.184269, 49.113125, 171], [6.184028, 49.113269, 170], [6.183927, 49.113321, 170], [6.183892, 49.113325, 170], [6.183838, 49.113289, 170], [6.183749, 49.113221, 170], [6.183702, 49.11318, 170], [6.183579, 49.113219, 170], [6.183543, 49.113238, 170], [6.183445, 49.113292, 170], [6.183356, 49.113341, 170], [6.183303, 49.11337, 170], [6.183212, 49.113419, 170], [6.183117, 49.11335, 170], [6.18305, 49.113347, 170], [6.182933, 49.113342, 170], [6.182901, 49.113345, 169], [6.182811, 49.113446, 169], [6.182723, 49.113563, 169], [6.182672, 49.113644, 169], [6.182476, 49.113909, 169], [6.182188, 49.114293, 169], [6.182049, 49.114492, 168], [6.181995, 49.114516, 168], [6.182003, 49.11453, 168], [6.182026, 49.114575, 168], [6.181934, 49.114594, 168], [6.181897, 49.114602, 168], [6.181814, 49.114613, 168], [6.181387, 49.114548, 169], [6.18127, 49.11453, 169], [6.181222, 49.114523, 169], [6.181196, 49.114554, 169], [6.181158, 49.114618, 169], [6.181133, 49.114689, 169], [6.181011, 49.115054, 169], [6.180962, 49.115183, 169], [6.180912, 49.115248, 169], [6.18084, 49.115273, 169], [6.180795, 49.115272, 169], [6.180128, 49.115176, 170], [6.180024, 49.115162, 170], [6.179929, 49.115138, 170], [6.179665, 49.115101, 170], [6.179287, 49.115044, 170], [6.179181, 49.115029, 170], [6.179106, 49.115017, 170], [6.179067, 49.115153, 170], [6.179027, 49.115244, 171], [6.178969, 49.115237, 171], [6.178932, 49.115348, 171], [6.178859, 49.115352, 171], [6.178604, 49.115368, 171], [6.17852, 49.115391, 172], [6.178541, 49.115569, 172], [6.178522, 49.115599, 172], [6.178491, 49.115625, 172], [6.17813, 49.115696, 174], [6.177899, 49.115777, 174], [6.177638, 49.115894, 174], [6.177407, 49.116014, 174], [6.177282, 49.115809, 174], [6.177033, 49.115522, 175], [6.176867, 49.115387, 174]]}}, {"type": "Feature", "properties": {"id": "seille-queuleu", "nom": "La Seille et le fort de Queuleu", "couleur": "#1E3B34"}, "geometry": {"type": "LineString", "coordinates": [[6.176977, 49.109308, 180], [6.177154, 49.109393, 180], [6.177103, 49.109437, 180], [6.177166, 49.109469, 180], [6.177291, 49.109529, 180], [6.177313, 49.10954, 180], [6.177363, 49.109573, 180], [6.177431, 49.109607, 180], [6.177451, 49.10959, 180], [6.177644, 49.109423, 179], [6.177731, 49.109345, 179], [6.177855, 49.109235, 179], [6.177935, 49.109165, 179], [6.178123, 49.109, 179], [6.178537, 49.108634, 176], [6.178578, 49.108597, 176], [6.178965, 49.108637, 174], [6.179032, 49.108629, 174], [6.17923, 49.108603, 172], [6.179477, 49.10859, 172], [6.17959, 49.108489, 172], [6.179953, 49.108699, 172], [6.180009, 49.108723, 172], [6.180032, 49.108707, 172], [6.180072, 49.108681, 172], [6.180105, 49.108656, 172], [6.180121, 49.108642, 172], [6.180171, 49.108599, 172], [6.180195, 49.108564, 172], [6.180304, 49.108364, 172], [6.180421, 49.108172, 172], [6.180469, 49.10815, 172], [6.180536, 49.108036, 171], [6.180614, 49.108042, 171], [6.180742, 49.108015, 171], [6.180929, 49.107744, 171], [6.180975, 49.1077, 171], [6.181035, 49.107661, 171], [6.181123, 49.107629, 171], [6.18118, 49.107621, 171], [6.181239, 49.107612, 171], [6.182549, 49.107696, 171], [6.182987, 49.107726, 173], [6.182989, 49.107706, 172], [6.182999, 49.107611, 172], [6.183005, 49.107571, 172], [6.183014, 49.107518, 171], [6.183185, 49.107531, 170], [6.183229, 49.107515, 170], [6.183244, 49.107491, 170], [6.183329, 49.107497, 170], [6.183412, 49.107502, 170], [6.183617, 49.107512, 170], [6.183634, 49.107418, 170], [6.183859, 49.107434, 170], [6.183901, 49.107437, 170], [6.184711, 49.106606, 170], [6.184962, 49.106624, 170], [6.184964, 49.106609, 169], [6.185009, 49.106312, 169], [6.185143, 49.106166, 169], [6.185227, 49.106085, 169], [6.185507, 49.105805, 167], [6.185757, 49.105537, 166], [6.18568, 49.105347, 166], [6.185637, 49.105192, 166], [6.185637, 49.104958, 166], [6.185648, 49.104889, 166], [6.185684, 49.10478, 166], [6.185752, 49.104691, 165], [6.185846, 49.104524, 165], [6.185897, 49.104385, 166], [6.185979, 49.104208, 166], [6.186067, 49.103959, 165], [6.186086, 49.103471, 166], [6.186335, 49.103192, 165], [6.186415, 49.102586, 165], [6.186474, 49.102194, 166], [6.18648, 49.102155, 166], [6.186482, 49.102137, 166], [6.186484, 49.102122, 167], [6.186487, 49.102106, 167], [6.18649, 49.102083, 167], [6.186492, 49.102064, 168], [6.186495, 49.102045, 168], [6.186498, 49.102023, 168], [6.186501, 49.102004, 168], [6.186505, 49.101967, 168], [6.186496, 49.101935, 169], [6.186728, 49.101892, 168], [6.186808, 49.10184, 168], [6.18685, 49.101725, 169], [6.186918, 49.101312, 169], [6.187068, 49.101322, 169], [6.187087, 49.101212, 169], [6.18713, 49.100957, 169], [6.187229, 49.100847, 169], [6.187452, 49.100641, 170], [6.187498, 49.100645, 170], [6.1875, 49.100637, 170], [6.187512, 49.10059, 170], [6.187518, 49.100539, 170], [6.187585, 49.100542, 168], [6.188467, 49.10061, 169], [6.188496, 49.100576, 169], [6.188571, 49.100601, 170], [6.188657, 49.100611, 170], [6.188711, 49.100626, 170], [6.189344, 49.100689, 174], [6.189484, 49.100697, 174], [6.189722, 49.100693, 175], [6.18998, 49.100688, 175], [6.190201, 49.100692, 175], [6.1905, 49.100716, 176], [6.191131, 49.100802, 176], [6.191226, 49.100468, 175], [6.191244, 49.100404, 174], [6.191292, 49.100202, 174], [6.191332, 49.100198, 174], [6.191378, 49.100183, 175], [6.191538, 49.100141, 176], [6.191601, 49.100103, 176], [6.191782, 49.100051, 177], [6.192207, 49.099962, 179], [6.192333, 49.099916, 179], [6.192376, 49.099885, 179], [6.192463, 49.099838, 179], [6.192608, 49.099798, 179], [6.192775, 49.099785, 179], [6.192926, 49.099799, 180], [6.193081, 49.099834, 180], [6.193591, 49.100028, 182], [6.193625, 49.100041, 182], [6.194026, 49.099547, 180], [6.194065, 49.099498, 180], [6.194079, 49.099479, 180], [6.194094, 49.099459, 180], [6.194426, 49.099114, 182], [6.194619, 49.098954, 182], [6.194684, 49.098918, 183], [6.194785, 49.098885, 183], [6.194891, 49.098864, 183], [6.194967, 49.098869, 184], [6.195022, 49.098887, 184], [6.195098, 49.09871, 183], [6.195214, 49.098505, 182], [6.195235, 49.098427, 180], [6.195214, 49.098505, 182], [6.195034, 49.09851, 181], [6.194885, 49.098505, 180], [6.194771, 49.098515, 180], [6.194639, 49.098561, 180], [6.194317, 49.098627, 178], [6.194219, 49.098651, 178], [6.194186, 49.098654, 178], [6.194149, 49.09858, 178], [6.193784, 49.098382, 178], [6.193693, 49.098351, 178], [6.193631, 49.098342, 178], [6.193526, 49.098352, 178], [6.193486, 49.098366, 178], [6.193391, 49.098425, 178], [6.193236, 49.098506, 177], [6.19314, 49.098537, 177], [6.193051, 49.098591, 177], [6.192866, 49.098633, 177], [6.192779, 49.098609, 177], [6.192699, 49.098604, 176], [6.192661, 49.09861, 176], [6.19261, 49.098628, 176], [6.192588, 49.098598, 176], [6.192556, 49.098575, 176], [6.192717, 49.098485, 177], [6.192779, 49.09845, 178], [6.192974, 49.098349, 178], [6.192935, 49.098307, 178], [6.192904, 49.098274, 178], [6.192161, 49.097501, 185], [6.192102, 49.097451, 186], [6.192006, 49.097407, 186], [6.191872, 49.097344, 187], [6.191803, 49.097301, 187], [6.191762, 49.097247, 188], [6.191741, 49.097143, 188], [6.191751, 49.096702, 190], [6.191751, 49.096615, 190], [6.19177, 49.095886, 190], [6.191861, 49.09477, 193], [6.191949, 49.093808, 192], [6.191966, 49.093336, 189], [6.192128, 49.092867, 186], [6.19218, 49.092798, 185], [6.192295, 49.092716, 185], [6.192505, 49.092644, 186], [6.192668, 49.092459, 186], [6.192808, 49.092226, 186], [6.1929, 49.092152, 186], [6.192968, 49.091971, 188], [6.193042, 49.091739, 188], [6.19314, 49.09164, 188], [6.19342, 49.091459, 189], [6.193473, 49.091411, 190], [6.19349, 49.091374, 190], [6.193496, 49.091329, 190], [6.193459, 49.091283, 190], [6.193378, 49.091267, 191], [6.193282, 49.091276, 192], [6.19318, 49.091297, 192], [6.193033, 49.091305, 193], [6.192941, 49.091294, 194], [6.192877, 49.091273, 194], [6.192831, 49.091234, 195], [6.192828, 49.091182, 195], [6.19289, 49.091078, 196], [6.193064, 49.090836, 197], [6.19306, 49.090795, 197], [6.192822, 49.090837, 198], [6.192543, 49.090863, 201], [6.192306, 49.090872, 202], [6.192189, 49.09087, 202], [6.191999, 49.0908, 203], [6.191937, 49.090745, 203], [6.191602, 49.090722, 203], [6.191491, 49.090689, 203], [6.191386, 49.090627, 203], [6.191283, 49.090544, 203], [6.191166, 49.090364, 202], [6.19112, 49.090227, 202], [6.191045, 49.089855, 202], [6.190969, 49.089765, 200], [6.190835, 49.089753, 199], [6.19066, 49.089756, 198], [6.190445, 49.089779, 196], [6.190175, 49.089826, 194], [6.190041, 49.089818, 194], [6.189904, 49.08979, 193], [6.189757, 49.089644, 192], [6.189636, 49.089458, 191], [6.189625, 49.089422, 190], [6.189636, 49.089458, 191], [6.189757, 49.089644, 192], [6.189904, 49.08979, 193], [6.189786, 49.089804, 193], [6.189546, 49.08981, 192], [6.189376, 49.089773, 190], [6.188501, 49.089666, 188], [6.188323, 49.089638, 186], [6.188194, 49.089614, 185], [6.18803, 49.08956, 184], [6.187887, 49.089464, 185], [6.187772, 49.089362, 185], [6.187628, 49.08919, 184], [6.18758, 49.089113, 184], [6.187526, 49.088998, 184], [6.187474, 49.089006, 184], [6.187407, 49.089169, 181], [6.187393, 49.08925, 180], [6.187373, 49.089306, 178], [6.187182, 49.089346, 176], [6.187098, 49.089347, 176], [6.187013, 49.089337, 175], [6.186834, 49.089278, 175], [6.186586, 49.089206, 174], [6.18648, 49.089192, 173], [6.186297, 49.089185, 172], [6.186095, 49.089141, 171], [6.18598, 49.089134, 170], [6.185944, 49.089126, 170], [6.185909, 49.089194, 169], [6.185883, 49.089225, 169], [6.185815, 49.089282, 169], [6.185773, 49.089305, 169], [6.185715, 49.089333, 169], [6.185546, 49.089229, 169], [6.18535, 49.089405, 168], [6.185232, 49.089437, 168], [6.185118, 49.089449, 168], [6.184975, 49.089445, 168], [6.184878, 49.089436, 168], [6.1847, 49.089407, 168], [6.184436, 49.089357, 167], [6.184223, 49.089292, 167], [6.184108, 49.089239, 167], [6.182935, 49.088627, 168], [6.182568, 49.088458, 168], [6.182419, 49.088424, 168], [6.182295, 49.088402, 169], [6.182183, 49.088394, 169], [6.182138, 49.088397, 169], [6.181993, 49.088431, 169], [6.181916, 49.088466, 168], [6.181868, 49.088474, 168], [6.181866, 49.088502, 168], [6.18184, 49.088918, 169], [6.181839, 49.088943, 169], [6.181873, 49.088997, 170], [6.181945, 49.088989, 170], [6.182291, 49.088997, 168], [6.182279, 49.088942, 168], [6.182182, 49.088901, 168], [6.182012, 49.08887, 168], [6.181648, 49.088863, 168], [6.181535, 49.088847, 169], [6.181426, 49.088812, 169], [6.181036, 49.088552, 170], [6.180558, 49.088401, 168], [6.180394, 49.088304, 167], [6.180081, 49.088077, 167], [6.179675, 49.087756, 167], [6.179545, 49.087697, 167], [6.179356, 49.08764, 168], [6.178039, 49.087327, 168], [6.177657, 49.087247, 169], [6.177609, 49.087246, 169], [6.177545, 49.087244, 169], [6.177555, 49.087329, 169], [6.177519, 49.08751, 169], [6.177204, 49.088188, 171], [6.17716, 49.088222, 171], [6.177114, 49.088231, 171], [6.17707, 49.088235, 171], [6.176983, 49.088225, 172], [6.176891, 49.088191, 171], [6.176752, 49.088096, 171], [6.176414, 49.087821, 171], [6.176207, 49.087697, 170], [6.17595, 49.087561, 170], [6.175692, 49.087443, 171], [6.175474, 49.087365, 171], [6.174977, 49.087218, 171], [6.172447, 49.086434, 172], [6.171148, 49.086016, 174], [6.1711, 49.085992, 174], [6.17082, 49.086325, 178], [6.170358, 49.086984, 183], [6.170174, 49.087268, 184], [6.169817, 49.087776, 186], [6.169778, 49.087766, 186], [6.16977, 49.087764, 186], [6.169748, 49.087767, 186], [6.169732, 49.087793, 186], [6.169728, 49.087799, 186], [6.169725, 49.087804, 186], [6.16971, 49.08783, 186], [6.169688, 49.087868, 186], [6.169684, 49.087874, 186], [6.169667, 49.087881, 186], [6.169528, 49.087942, 186], [6.168852, 49.088229, 186], [6.168709, 49.0882, 186], [6.168579, 49.088173, 186], [6.168449, 49.088146, 186], [6.167982, 49.088371, 186], [6.167676, 49.088348, 186], [6.167659, 49.088437, 186], [6.167537, 49.088535, 186], [6.167326, 49.088525, 186], [6.16689, 49.088493, 187], [6.16663, 49.088475, 188], [6.166333, 49.088453, 187], [6.16625, 49.088447, 187], [6.165842, 49.088418, 186], [6.165816, 49.088355, 186], [6.165717, 49.088265, 186], [6.16568, 49.088221, 186], [6.1656, 49.088235, 186], [6.165561, 49.088132, 186], [6.165488, 49.087969, 186], [6.165404, 49.087809, 186], [6.165392, 49.087788, 186], [6.165113, 49.087577, 186], [6.165036, 49.087519, 187], [6.164979, 49.087471, 187], [6.164932, 49.087493, 187], [6.16488, 49.087504, 186], [6.164791, 49.087501, 186], [6.163992, 49.087441, 186], [6.163889, 49.087433, 186], [6.163815, 49.087427, 186], [6.163387, 49.087393, 186], [6.16314, 49.087374, 186], [6.163387, 49.087393, 186], [6.163815, 49.087427, 186], [6.163889, 49.087433, 186], [6.163992, 49.087441, 186], [6.164791, 49.087501, 186], [6.16488, 49.087504, 186], [6.164932, 49.087493, 187], [6.164979, 49.087471, 187], [6.165036, 49.087519, 187], [6.165113, 49.087577, 186], [6.165392, 49.087788, 186], [6.165404, 49.087809, 186], [6.165488, 49.087969, 186], [6.165561, 49.088132, 186], [6.1656, 49.088235, 186], [6.165642, 49.088403, 186], [6.165657, 49.088518, 186], [6.165662, 49.088685, 187], [6.165647, 49.088901, 187], [6.16565, 49.088964, 187], [6.165675, 49.089031, 187], [6.165703, 49.089102, 187], [6.165746, 49.089168, 187], [6.165787, 49.089234, 187], [6.166079, 49.089695, 187], [6.166242, 49.09002, 186], [6.166304, 49.090161, 186], [6.166348, 49.090257, 186], [6.16636, 49.090279, 186], [6.166496, 49.090516, 186], [6.166506, 49.090534, 186], [6.166646, 49.090775, 186], [6.166771, 49.091007, 186], [6.167035, 49.091498, 186], [6.167283, 49.0919, 186], [6.167328, 49.091888, 186], [6.167375, 49.091879, 186], [6.167912, 49.091813, 186], [6.168107, 49.091797, 186], [6.168259, 49.091793, 186], [6.168746, 49.091785, 186], [6.169269, 49.091779, 186], [6.169714, 49.091797, 186], [6.169759, 49.091799, 186], [6.169771, 49.091941, 186], [6.169796, 49.092141, 185], [6.169851, 49.092596, 185], [6.169874, 49.093, 184], [6.169882, 49.093126, 184], [6.169968, 49.093146, 184], [6.170035, 49.093162, 184], [6.170054, 49.093171, 184], [6.170082, 49.093146, 184], [6.171194, 49.093452, 185], [6.171198, 49.093471, 185], [6.17123, 49.09349, 184], [6.171252, 49.09349, 184], [6.171285, 49.093475, 184], [6.171499, 49.093535, 184], [6.171599, 49.093551, 184], [6.171785, 49.093604, 184], [6.172013, 49.09367, 184], [6.172073, 49.093694, 184], [6.172098, 49.093672, 184], [6.172125, 49.093648, 184], [6.172311, 49.093488, 184], [6.172518, 49.093294, 184], [6.172918, 49.092898, 185], [6.173075, 49.092743, 185], [6.173153, 49.092674, 186], [6.1732, 49.092648, 186], [6.173292, 49.092606, 186], [6.17338, 49.09265, 186], [6.173538, 49.092698, 186], [6.173582, 49.092711, 186], [6.17363, 49.092724, 186], [6.173662, 49.092734, 186], [6.173655, 49.092772, 186], [6.173775, 49.092816, 186], [6.174272, 49.092972, 185], [6.174524, 49.093105, 185], [6.174685, 49.093207, 185], [6.174723, 49.093251, 185], [6.174725, 49.093288, 186], [6.174813, 49.093239, 184], [6.17492, 49.093195, 184], [6.175012, 49.093241, 184], [6.175068, 49.093278, 185], [6.175133, 49.093357, 186], [6.175282, 49.093486, 185], [6.175538, 49.093724, 185], [6.17587, 49.094023, 184], [6.176265, 49.094388, 181], [6.176308, 49.094418, 181], [6.176468, 49.094565, 180], [6.176484, 49.094593, 180], [6.176499, 49.094636, 180], [6.176577, 49.094683, 179], [6.17657, 49.094722, 179], [6.176557, 49.094794, 179], [6.176549, 49.094898, 179], [6.17681, 49.095068, 177], [6.177037, 49.095273, 175], [6.177036, 49.095328, 175], [6.177187, 49.095516, 174], [6.177374, 49.095751, 173], [6.177822, 49.096288, 172], [6.177944, 49.096488, 172], [6.178021, 49.096586, 171], [6.17805, 49.096636, 171], [6.178122, 49.096848, 171], [6.178157, 49.096958, 171], [6.178193, 49.097099, 170], [6.178215, 49.097243, 170], [6.178225, 49.097339, 170], [6.178222, 49.097544, 170], [6.178225, 49.097665, 170], [6.178218, 49.097786, 170], [6.178202, 49.097857, 170], [6.178125, 49.098169, 171], [6.178097, 49.098266, 171], [6.17797, 49.09878, 171], [6.17795, 49.098895, 171], [6.177901, 49.099051, 171], [6.177842, 49.099179, 171], [6.177608, 49.099849, 172], [6.177567, 49.099955, 172], [6.17752, 49.099972, 172], [6.177514, 49.09999, 172], [6.177501, 49.100035, 172], [6.177491, 49.100073, 172], [6.177479, 49.100121, 172], [6.177454, 49.100297, 172], [6.177423, 49.100537, 171], [6.177428, 49.100591, 171], [6.177437, 49.100677, 171], [6.177438, 49.10081, 171], [6.177408, 49.10091, 171], [6.177389, 49.101102, 171], [6.177396, 49.101149, 171], [6.17738, 49.101201, 171], [6.177378, 49.101501, 171], [6.177381, 49.101552, 171], [6.177384, 49.101602, 171], [6.177426, 49.101616, 171], [6.177426, 49.101637, 171], [6.17743, 49.101803, 171], [6.17744, 49.102355, 171], [6.177386, 49.102389, 171], [6.177427, 49.102758, 171], [6.177481, 49.103051, 171], [6.177497, 49.103075, 171], [6.177514, 49.1031, 171], [6.177529, 49.103151, 171], [6.177538, 49.103183, 171], [6.177541, 49.103191, 171], [6.177557, 49.103233, 171], [6.177594, 49.103331, 171], [6.177587, 49.103365, 171], [6.177609, 49.103504, 170], [6.177635, 49.103597, 170], [6.177662, 49.103689, 170], [6.177689, 49.103788, 170], [6.17772, 49.103895, 170], [6.177756, 49.104023, 170], [6.177797, 49.104141, 170], [6.177864, 49.104322, 170], [6.177878, 49.104341, 170], [6.177895, 49.104388, 170], [6.177899, 49.10442, 170], [6.17792, 49.104462, 170], [6.17799, 49.104616, 170], [6.178021, 49.104676, 170], [6.178057, 49.104695, 170], [6.178089, 49.104712, 170], [6.178114, 49.104766, 170], [6.178174, 49.104884, 170], [6.178196, 49.104933, 170], [6.178223, 49.105056, 170], [6.17831, 49.105192, 170], [6.178414, 49.105348, 170], [6.178487, 49.105423, 170], [6.178518, 49.105454, 170], [6.178548, 49.105496, 169], [6.178594, 49.105545, 169], [6.178618, 49.105578, 169], [6.17865, 49.105631, 169], [6.178887, 49.105919, 169], [6.178941, 49.105953, 169], [6.178993, 49.105967, 169], [6.178931, 49.106414, 169], [6.178909, 49.106441, 169], [6.178097, 49.106909, 170], [6.178255, 49.107015, 170], [6.178405, 49.107088, 170], [6.178474, 49.107113, 170], [6.178557, 49.107124, 170], [6.179074, 49.107157, 170], [6.17912, 49.107156, 170], [6.179145, 49.107153, 170], [6.179132, 49.107205, 170], [6.179173, 49.107207, 170], [6.179225, 49.107209, 170], [6.179268, 49.107211, 170], [6.179283, 49.107212, 170], [6.179288, 49.107243, 170], [6.179319, 49.107275, 170], [6.179318, 49.107287, 171], [6.179312, 49.107331, 171], [6.179307, 49.107361, 172], [6.179303, 49.107394, 172], [6.179299, 49.107416, 172], [6.179198, 49.107409, 172], [6.179197, 49.107421, 173], [6.179192, 49.107458, 173], [6.179185, 49.107508, 174], [6.179179, 49.107556, 174], [6.179158, 49.107559, 174], [6.179148, 49.107575, 174], [6.179116, 49.107756, 175], [6.179129, 49.107791, 175], [6.179163, 49.107823, 175], [6.179257, 49.107848, 174], [6.179222, 49.107953, 172], [6.179109, 49.108058, 170], [6.17946, 49.108281, 172], [6.179661, 49.108418, 172], [6.179621, 49.108446, 172], [6.17959, 49.108489, 172], [6.179477, 49.10859, 172], [6.17923, 49.108603, 172], [6.179032, 49.108629, 174], [6.178965, 49.108637, 174], [6.178578, 49.108597, 176], [6.178537, 49.108634, 176], [6.178123, 49.109, 179], [6.177935, 49.109165, 179], [6.177855, 49.109235, 179], [6.177731, 49.109345, 179], [6.177644, 49.109423, 179], [6.177451, 49.10959, 180], [6.177431, 49.109607, 180], [6.177363, 49.109573, 180], [6.177313, 49.10954, 180], [6.177291, 49.109529, 180], [6.177166, 49.109469, 180], [6.177103, 49.109437, 180], [6.177154, 49.109393, 180], [6.176977, 49.109308, 179]]}}, {"type": "Feature", "properties": {"id": "bois-de-lest", "nom": "Les bois de l'est", "couleur": "#3E6B4F"}, "geometry": {"type": "LineString", "coordinates": [[6.176977, 49.109308, 180], [6.177154, 49.109393, 180], [6.177103, 49.109437, 180], [6.177166, 49.109469, 180], [6.177291, 49.109529, 180], [6.177313, 49.10954, 180], [6.177363, 49.109573, 180], [6.177431, 49.109607, 180], [6.177451, 49.10959, 180], [6.177644, 49.109423, 179], [6.177731, 49.109345, 179], [6.177855, 49.109235, 179], [6.177935, 49.109165, 179], [6.178123, 49.109, 179], [6.178537, 49.108634, 176], [6.178578, 49.108597, 176], [6.178965, 49.108637, 174], [6.179032, 49.108629, 174], [6.17923, 49.108603, 172], [6.179477, 49.10859, 172], [6.17959, 49.108489, 172], [6.179953, 49.108699, 172], [6.180009, 49.108723, 172], [6.180032, 49.108707, 172], [6.180072, 49.108681, 172], [6.180105, 49.108656, 172], [6.180121, 49.108642, 172], [6.180171, 49.108599, 172], [6.180195, 49.108564, 172], [6.180304, 49.108364, 172], [6.180421, 49.108172, 172], [6.180469, 49.10815, 172], [6.180536, 49.108036, 171], [6.180614, 49.108042, 171], [6.180742, 49.108015, 171], [6.180929, 49.107744, 171], [6.180975, 49.1077, 171], [6.181035, 49.107661, 171], [6.181123, 49.107629, 171], [6.18118, 49.107621, 171], [6.181239, 49.107612, 171], [6.182549, 49.107696, 171], [6.182987, 49.107726, 173], [6.182989, 49.107706, 172], [6.182999, 49.107611, 172], [6.183005, 49.107571, 172], [6.183014, 49.107518, 171], [6.183185, 49.107531, 170], [6.183229, 49.107515, 170], [6.183244, 49.107491, 170], [6.183329, 49.107497, 170], [6.183412, 49.107502, 170], [6.183617, 49.107512, 170], [6.183634, 49.107418, 170], [6.183859, 49.107434, 170], [6.183901, 49.107437, 170], [6.184711, 49.106606, 170], [6.184962, 49.106624, 170], [6.184964, 49.106609, 169], [6.185009, 49.106312, 169], [6.185143, 49.106166, 169], [6.185227, 49.106085, 169], [6.185507, 49.105805, 167], [6.185757, 49.105537, 166], [6.18568, 49.105347, 166], [6.185637, 49.105192, 166], [6.185637, 49.104958, 166], [6.185648, 49.104889, 166], [6.185684, 49.10478, 166], [6.185752, 49.104691, 165], [6.185846, 49.104524, 165], [6.185897, 49.104385, 166], [6.185979, 49.104208, 166], [6.186067, 49.103959, 165], [6.186086, 49.103471, 166], [6.186335, 49.103192, 165], [6.186415, 49.102586, 165], [6.186474, 49.102194, 166], [6.18648, 49.102155, 166], [6.186482, 49.102137, 166], [6.186484, 49.102122, 167], [6.186487, 49.102106, 167], [6.18649, 49.102083, 167], [6.186492, 49.102064, 168], [6.186495, 49.102045, 168], [6.186498, 49.102023, 168], [6.186501, 49.102004, 168], [6.186505, 49.101967, 168], [6.186496, 49.101935, 169], [6.186728, 49.101892, 168], [6.186808, 49.10184, 168], [6.18685, 49.101725, 169], [6.186918, 49.101312, 169], [6.187068, 49.101322, 169], [6.187087, 49.101212, 169], [6.18713, 49.100957, 169], [6.187229, 49.100847, 169], [6.187452, 49.100641, 170], [6.187498, 49.100645, 170], [6.1875, 49.100637, 170], [6.187512, 49.10059, 170], [6.187518, 49.100539, 170], [6.187585, 49.100542, 168], [6.188467, 49.10061, 169], [6.188496, 49.100576, 169], [6.188571, 49.100601, 170], [6.188657, 49.100611, 170], [6.188711, 49.100626, 170], [6.189344, 49.100689, 174], [6.189484, 49.100697, 174], [6.189722, 49.100693, 175], [6.18998, 49.100688, 175], [6.190201, 49.100692, 175], [6.1905, 49.100716, 176], [6.191131, 49.100802, 176], [6.191226, 49.100468, 175], [6.191244, 49.100404, 174], [6.191292, 49.100202, 174], [6.191332, 49.100198, 174], [6.191378, 49.100183, 175], [6.191538, 49.100141, 176], [6.191601, 49.100103, 176], [6.191782, 49.100051, 177], [6.192207, 49.099962, 179], [6.192333, 49.099916, 179], [6.192376, 49.099885, 179], [6.192463, 49.099838, 179], [6.192608, 49.099798, 179], [6.192775, 49.099785, 179], [6.192926, 49.099799, 180], [6.193081, 49.099834, 180], [6.193591, 49.100028, 182], [6.193625, 49.100041, 182], [6.194026, 49.099547, 180], [6.194065, 49.099498, 180], [6.194079, 49.099479, 180], [6.194094, 49.099459, 180], [6.194426, 49.099114, 182], [6.194619, 49.098954, 182], [6.194684, 49.098918, 183], [6.194785, 49.098885, 183], [6.194891, 49.098864, 183], [6.194967, 49.098869, 184], [6.195022, 49.098887, 184], [6.195098, 49.09871, 183], [6.195214, 49.098505, 182], [6.195235, 49.098427, 180], [6.195214, 49.098505, 182], [6.195098, 49.09871, 183], [6.195022, 49.098887, 184], [6.195109, 49.098925, 185], [6.195146, 49.098975, 185], [6.195169, 49.099051, 185], [6.195166, 49.09916, 186], [6.195133, 49.09929, 184], [6.195091, 49.099412, 184], [6.194895, 49.099702, 182], [6.194883, 49.09972, 182], [6.194871, 49.099739, 182], [6.194948, 49.099761, 182], [6.19565, 49.099944, 184], [6.195821, 49.099974, 184], [6.196126, 49.100015, 185], [6.19643, 49.100077, 187], [6.197123, 49.100257, 190], [6.197302, 49.100314, 190], [6.197348, 49.100327, 190], [6.197674, 49.100404, 192], [6.197975, 49.100448, 193], [6.198262, 49.100457, 194], [6.198418, 49.100463, 194], [6.198421, 49.100495, 194], [6.198421, 49.100535, 194], [6.198405, 49.100741, 194], [6.198389, 49.100945, 194], [6.198378, 49.10108, 194], [6.198368, 49.101213, 194], [6.19836, 49.101313, 194], [6.198348, 49.101454, 194], [6.198346, 49.101478, 194], [6.198344, 49.101553, 193], [6.198482, 49.101556, 194], [6.198545, 49.101557, 194], [6.198898, 49.101578, 195], [6.199056, 49.101583, 196], [6.199194, 49.101585, 196], [6.199344, 49.101577, 197], [6.19946, 49.101582, 197], [6.199849, 49.101591, 198], [6.199873, 49.101604, 198], [6.200009, 49.101609, 199], [6.200231, 49.101614, 200], [6.200369, 49.101622, 200], [6.200425, 49.10163, 200], [6.200476, 49.101639, 200], [6.200613, 49.101653, 201], [6.200658, 49.10167, 201], [6.200728, 49.101698, 202], [6.201432, 49.101976, 204], [6.201487, 49.101998, 204], [6.201527, 49.102014, 204], [6.20283, 49.102528, 211], [6.203241, 49.102705, 213], [6.203283, 49.102729, 214], [6.20331, 49.10275, 214], [6.20334, 49.102763, 214], [6.203411, 49.10273, 214], [6.203455, 49.102733, 214], [6.203514, 49.102766, 214], [6.203564, 49.102785, 214], [6.203665, 49.102818, 214], [6.20372, 49.102831, 214], [6.203712, 49.102912, 214], [6.203769, 49.103001, 214], [6.203821, 49.103041, 214], [6.203895, 49.103071, 214], [6.204076, 49.103088, 214], [6.204169, 49.103081, 215], [6.204627, 49.103113, 215], [6.204687, 49.103114, 215], [6.205194, 49.10308, 214], [6.206261, 49.103001, 211], [6.206316, 49.102996, 211], [6.206321, 49.103022, 211], [6.206464, 49.103055, 210], [6.206864, 49.103028, 209], [6.206926, 49.103024, 209], [6.207419, 49.102991, 208], [6.20743, 49.10299, 207], [6.207922, 49.102957, 206], [6.208279, 49.10293, 206], [6.2084, 49.102923, 205], [6.208538, 49.102908, 205], [6.208721, 49.10286, 204], [6.208848, 49.102803, 204], [6.208968, 49.102723, 204], [6.209066, 49.10264, 204], [6.209216, 49.10252, 204], [6.209388, 49.102382, 203], [6.209678, 49.10215, 203], [6.21088, 49.102747, 202], [6.211274, 49.102894, 202], [6.211495, 49.102999, 201], [6.211593, 49.103062, 201], [6.211709, 49.103122, 201], [6.211764, 49.103158, 201], [6.21181, 49.103204, 200], [6.211842, 49.103266, 200], [6.211861, 49.103331, 200], [6.211911, 49.103357, 201], [6.212012, 49.103409, 200], [6.212048, 49.103426, 200], [6.212076, 49.103435, 200], [6.212117, 49.103441, 200], [6.212602, 49.103437, 200], [6.212645, 49.103409, 200], [6.212795, 49.103317, 201], [6.212834, 49.103302, 201], [6.212887, 49.1033, 200], [6.212934, 49.103311, 200], [6.213117, 49.103394, 200], [6.213281, 49.10341, 200], [6.213426, 49.103447, 200], [6.213513, 49.10352, 200], [6.213603, 49.103648, 199], [6.213692, 49.10374, 198], [6.213762, 49.103777, 198], [6.21386, 49.103806, 198], [6.214066, 49.103963, 198], [6.214332, 49.104103, 198], [6.21455, 49.104241, 197], [6.214695, 49.104323, 197], [6.214863, 49.10437, 196], [6.215075, 49.104111, 197], [6.215387, 49.103719, 198], [6.215466, 49.103596, 198], [6.215559, 49.103413, 198], [6.215664, 49.103113, 198], [6.215868, 49.102536, 199], [6.215878, 49.102506, 199], [6.215909, 49.102447, 199], [6.215914, 49.102414, 199], [6.215955, 49.102318, 199], [6.216198, 49.101865, 199], [6.216345, 49.101636, 199], [6.216485, 49.101434, 199], [6.216654, 49.101219, 198], [6.216722, 49.101243, 198], [6.216779, 49.101263, 198], [6.217016, 49.101167, 198], [6.217273, 49.101093, 197], [6.217367, 49.101061, 197], [6.217459, 49.101059, 196], [6.217586, 49.101073, 196], [6.217653, 49.10108, 196], [6.217798, 49.101094, 196], [6.21792, 49.101113, 196], [6.217945, 49.101117, 196], [6.218001, 49.101072, 196], [6.218607, 49.100705, 198], [6.218643, 49.100683, 198], [6.2188, 49.100689, 198], [6.219458, 49.100708, 201], [6.220113, 49.100724, 202], [6.221195, 49.100744, 204], [6.221279, 49.100746, 204], [6.221451, 49.100751, 205], [6.221668, 49.100712, 205], [6.221753, 49.100689, 206], [6.221854, 49.100635, 206], [6.222076, 49.100623, 206], [6.222487, 49.100617, 207], [6.22271, 49.100616, 207], [6.223528, 49.100664, 209], [6.224079, 49.100684, 210], [6.224076, 49.100773, 210], [6.224166, 49.100775, 210], [6.224178, 49.100776, 210], [6.224226, 49.100777, 210], [6.22436, 49.100782, 210], [6.224422, 49.100784, 210], [6.224441, 49.100785, 210], [6.224446, 49.100686, 210], [6.22493, 49.100685, 210], [6.225076, 49.100692, 210], [6.225307, 49.10072, 211], [6.225543, 49.100783, 211], [6.225712, 49.100851, 211], [6.225865, 49.10094, 211], [6.226368, 49.101297, 212], [6.227387, 49.102027, 214], [6.227452, 49.101989, 214], [6.227443, 49.101982, 214], [6.228244, 49.101522, 214], [6.228772, 49.101896, 215], [6.229681, 49.102098, 214], [6.230246, 49.102258, 215], [6.230871, 49.102517, 217], [6.231211, 49.10272, 218], [6.231434, 49.102947, 218], [6.231636, 49.103094, 219], [6.231933, 49.103205, 220], [6.232137, 49.102863, 219], [6.232671, 49.102182, 218], [6.232937, 49.10181, 216], [6.233038, 49.101559, 215], [6.232937, 49.10181, 216], [6.232671, 49.102182, 218], [6.232137, 49.102863, 219], [6.231933, 49.103205, 220], [6.231681, 49.1035, 218], [6.231514, 49.103998, 218], [6.231545, 49.104247, 218], [6.231492, 49.104318, 217], [6.231413, 49.104388, 218], [6.231197, 49.104574, 217], [6.231028, 49.104702, 216], [6.231038, 49.104718, 216], [6.231051, 49.104798, 216], [6.231031, 49.104874, 216], [6.231123, 49.104952, 215], [6.231188, 49.105015, 215], [6.23128, 49.105128, 214], [6.231466, 49.105362, 214], [6.231511, 49.105436, 214], [6.231557, 49.105553, 214], [6.231568, 49.105677, 214], [6.231552, 49.105897, 213], [6.231707, 49.10598, 214], [6.231748, 49.106057, 213], [6.231748, 49.106116, 213], [6.231748, 49.106177, 214], [6.231542, 49.106321, 213], [6.231496, 49.106738, 212], [6.231544, 49.10701, 212], [6.231553, 49.107064, 212], [6.23155, 49.107136, 212], [6.231523, 49.107178, 212], [6.231536, 49.107231, 212], [6.23157, 49.107276, 212], [6.231714, 49.107332, 212], [6.23181, 49.10739, 212], [6.231921, 49.107433, 212], [6.2319, 49.107479, 212], [6.231898, 49.107511, 212], [6.231918, 49.107593, 212], [6.231908, 49.107681, 212], [6.231898, 49.107715, 212], [6.231885, 49.107759, 212], [6.231687, 49.107875, 212], [6.231505, 49.107943, 212], [6.231457, 49.107998, 211], [6.231394, 49.10811, 211], [6.231366, 49.108183, 211], [6.231269, 49.108598, 212], [6.231244, 49.108717, 212], [6.231157, 49.108721, 212], [6.230999, 49.108727, 212], [6.230938, 49.108725, 212], [6.23091, 49.108851, 212], [6.230808, 49.109361, 212], [6.230782, 49.109416, 212], [6.230775, 49.109457, 212], [6.230757, 49.109544, 212], [6.230755, 49.109594, 212], [6.230646, 49.110114, 210], [6.230594, 49.110199, 210], [6.230576, 49.110254, 210], [6.230525, 49.110254, 210], [6.230423, 49.110254, 210], [6.230255, 49.110254, 210], [6.230029, 49.110253, 210], [6.229967, 49.110252, 210], [6.229639, 49.11024, 210], [6.229424, 49.110217, 210], [6.229409, 49.110299, 210], [6.229411, 49.110331, 210], [6.22941, 49.110576, 210], [6.229394, 49.110671, 209], [6.229328, 49.110922, 208], [6.229202, 49.111304, 207], [6.229166, 49.111454, 207], [6.229143, 49.111638, 207], [6.22915, 49.111684, 207], [6.2292, 49.111893, 207], [6.228822, 49.112097, 207], [6.228583, 49.112216, 206], [6.228359, 49.112306, 206], [6.228098, 49.112305, 205], [6.227736, 49.11236, 205], [6.227547, 49.11242, 205], [6.227375, 49.11249, 204], [6.227201, 49.112586, 204], [6.227099, 49.112657, 204], [6.226995, 49.112754, 203], [6.226869, 49.112948, 203], [6.226826, 49.113037, 204], [6.22679, 49.113229, 204], [6.226795, 49.113302, 204], [6.226811, 49.113363, 204], [6.226492, 49.113408, 203], [6.226469, 49.113339, 203], [6.226421, 49.113261, 203], [6.22637, 49.113219, 203], [6.226288, 49.113174, 202], [6.226231, 49.113152, 202], [6.22616, 49.113137, 202], [6.225989, 49.113119, 202], [6.22588, 49.11309, 201], [6.225755, 49.113033, 200], [6.225621, 49.112951, 200], [6.225435, 49.112826, 200], [6.225365, 49.112797, 200], [6.224789, 49.112645, 200], [6.224715, 49.112508, 200], [6.224698, 49.112481, 200], [6.224488, 49.112236, 201], [6.224316, 49.112278, 200], [6.224145, 49.112332, 200], [6.223866, 49.112452, 199], [6.223683, 49.112541, 198], [6.223609, 49.112594, 198], [6.223475, 49.112736, 198], [6.223421, 49.112825, 198], [6.223409, 49.11286, 198], [6.223258, 49.112928, 198], [6.223064, 49.113077, 198], [6.222863, 49.113063, 198], [6.22283, 49.113117, 198], [6.222773, 49.113211, 198], [6.22272, 49.113299, 199], [6.222677, 49.113287, 199], [6.222644, 49.113277, 199], [6.222597, 49.113258, 198], [6.222558, 49.113231, 198], [6.22218, 49.112934, 198], [6.222132, 49.112909, 198], [6.222003, 49.112871, 198], [6.221905, 49.112847, 198], [6.221531, 49.112753, 198], [6.221431, 49.112751, 198], [6.221264, 49.112708, 198], [6.220831, 49.112599, 198], [6.220778, 49.112576, 198], [6.220713, 49.112645, 199], [6.220639, 49.112609, 199], [6.220408, 49.112549, 199], [6.220364, 49.112538, 199], [6.219782, 49.112386, 199], [6.219039, 49.112193, 200], [6.218618, 49.112084, 200], [6.218547, 49.112064, 199], [6.21842, 49.11203, 199], [6.218333, 49.112175, 200], [6.21827, 49.112163, 200], [6.218199, 49.112167, 199], [6.218134, 49.112178, 199], [6.218053, 49.112235, 199], [6.217951, 49.112324, 199], [6.217593, 49.112485, 199], [6.217519, 49.112502, 199], [6.217459, 49.112532, 199], [6.217406, 49.112592, 199], [6.217284, 49.112593, 199], [6.217249, 49.112575, 199], [6.21618, 49.112165, 196], [6.216149, 49.112147, 196], [6.216104, 49.11212, 196], [6.215998, 49.112196, 196], [6.215894, 49.112139, 195], [6.215859, 49.11212, 195], [6.215688, 49.112239, 195], [6.215629, 49.112261, 195], [6.215349, 49.112321, 194], [6.215279, 49.112308, 194], [6.215216, 49.112284, 194], [6.215099, 49.112226, 193], [6.214977, 49.112323, 193], [6.2145, 49.112077, 192], [6.214356, 49.112002, 192], [6.214165, 49.111903, 191], [6.214032, 49.111834, 191], [6.213692, 49.111658, 190], [6.213488, 49.111574, 189], [6.212837, 49.111364, 186], [6.212812, 49.111398, 186], [6.21259, 49.111322, 186], [6.212337, 49.111225, 186], [6.212262, 49.111281, 185], [6.21221, 49.111323, 185], [6.212077, 49.111365, 184], [6.211981, 49.111383, 184], [6.21142, 49.111473, 184], [6.211136, 49.111524, 184], [6.210742, 49.111605, 183], [6.21045, 49.111689, 183], [6.210306, 49.111754, 184], [6.210236, 49.111807, 184], [6.210195, 49.111864, 184], [6.210199, 49.111923, 184], [6.210188, 49.111957, 184], [6.210157, 49.111988, 184], [6.209394, 49.112466, 182], [6.208381, 49.113208, 181], [6.207907, 49.113239, 182], [6.207639, 49.113257, 182], [6.207402, 49.113279, 182], [6.207277, 49.113304, 182], [6.207164, 49.113343, 182], [6.20679, 49.11345, 184], [6.206712, 49.113457, 184], [6.206652, 49.113453, 184], [6.206548, 49.113523, 184], [6.206437, 49.113599, 184], [6.206307, 49.113664, 184], [6.206081, 49.113763, 184], [6.205893, 49.11383, 185], [6.20572, 49.11388, 185], [6.205185, 49.114118, 185], [6.204967, 49.114248, 184], [6.204866, 49.11433, 184], [6.204608, 49.114539, 184], [6.204265, 49.114774, 184], [6.20407, 49.114854, 184], [6.203969, 49.114889, 183], [6.203916, 49.114907, 183], [6.203886, 49.114867, 183], [6.203837, 49.114884, 183], [6.203719, 49.114924, 183], [6.203467, 49.11493, 183], [6.201138, 49.114542, 184], [6.200962, 49.114515, 184], [6.199452, 49.114294, 184], [6.199336, 49.114276, 184], [6.199325, 49.114274, 184], [6.199088, 49.114236, 184], [6.198662, 49.114174, 183], [6.198597, 49.114165, 183], [6.198381, 49.114134, 183], [6.19826, 49.114119, 182], [6.198121, 49.114118, 182], [6.197617, 49.114108, 182], [6.197476, 49.1141, 181], [6.19694, 49.114048, 180], [6.196819, 49.114039, 180], [6.196432, 49.113998, 180], [6.196384, 49.113996, 180], [6.196338, 49.113994, 180], [6.196241, 49.11399, 180], [6.194779, 49.113977, 178], [6.194439, 49.113988, 178], [6.194012, 49.114001, 178], [6.193828, 49.114023, 178], [6.193025, 49.114109, 178], [6.192564, 49.114157, 178], [6.192001, 49.114215, 178], [6.191833, 49.114228, 178], [6.191729, 49.114213, 178], [6.191616, 49.114182, 179], [6.191522, 49.114295, 178], [6.191379, 49.114413, 177], [6.191233, 49.114526, 177], [6.191151, 49.114562, 178], [6.191047, 49.11459, 177], [6.190946, 49.114605, 177], [6.190505, 49.114629, 177], [6.189865, 49.114669, 175], [6.189763, 49.11466, 175], [6.189647, 49.114624, 175], [6.189461, 49.114545, 175], [6.189337, 49.114505, 175], [6.188562, 49.114356, 173], [6.18833, 49.114316, 172], [6.188152, 49.11429, 173], [6.187768, 49.114291, 172], [6.187736, 49.114284, 172], [6.187497, 49.114154, 172], [6.187378, 49.114088, 172], [6.187226, 49.113987, 173], [6.186963, 49.113812, 171], [6.186698, 49.113635, 171], [6.186446, 49.113468, 171], [6.186356, 49.113443, 171], [6.186284, 49.11342, 171], [6.186237, 49.113406, 171], [6.186081, 49.113351, 171], [6.18583, 49.113263, 170], [6.185743, 49.113224, 169], [6.185705, 49.113196, 168], [6.185346, 49.11294, 169], [6.185318, 49.112906, 170], [6.185303, 49.11287, 170], [6.185317, 49.112705, 170], [6.185217, 49.112699, 171], [6.185165, 49.112698, 171], [6.185103, 49.112696, 171], [6.185033, 49.11273, 171], [6.184986, 49.112759, 171], [6.184923, 49.112727, 171], [6.184873, 49.112711, 172], [6.18479, 49.112703, 172], [6.184716, 49.112718, 172], [6.184685, 49.112734, 172], [6.184321, 49.113, 172], [6.184281, 49.113076, 172], [6.184269, 49.113125, 171], [6.184028, 49.113269, 170], [6.183927, 49.113321, 170], [6.183892, 49.113325, 170], [6.183838, 49.113289, 170], [6.183749, 49.113221, 170], [6.183702, 49.11318, 170], [6.183697, 49.113131, 171], [6.183694, 49.113085, 171], [6.183591, 49.113084, 172], [6.183481, 49.113072, 171], [6.183385, 49.113043, 170], [6.183179, 49.112953, 172], [6.181706, 49.112264, 172], [6.180342, 49.111626, 173], [6.180251, 49.111564, 174], [6.17992, 49.111342, 174], [6.179203, 49.111011, 172], [6.179143, 49.110983, 172], [6.179025, 49.11093, 172], [6.178979, 49.110908, 172], [6.178954, 49.110897, 172], [6.178799, 49.110829, 172], [6.178171, 49.110531, 173], [6.178028, 49.110468, 173], [6.177973, 49.110456, 173], [6.177972, 49.110425, 173], [6.177967, 49.110384, 173], [6.177944, 49.110337, 173], [6.177942, 49.110332, 173], [6.177921, 49.110312, 173], [6.177836, 49.110271, 173], [6.177555, 49.110137, 174], [6.177425, 49.110112, 174], [6.177167, 49.110103, 174], [6.176962, 49.110015, 174], [6.17701, 49.109977, 174], [6.177006, 49.1099, 176], [6.177037, 49.109872, 176], [6.177134, 49.109788, 178], [6.177304, 49.10963, 180], [6.177363, 49.109573, 180], [6.177313, 49.10954, 180], [6.177291, 49.109529, 180], [6.177166, 49.109469, 180], [6.177103, 49.109437, 180], [6.177154, 49.109393, 180], [6.176977, 49.109308, 179]]}}, {"type": "Feature", "properties": {"id": "deux-rives", "nom": "Les deux rives", "couleur": "#316E7C"}, "geometry": {"type": "LineString", "coordinates": [[6.176977, 49.109308, 180], [6.177154, 49.109393, 180], [6.177103, 49.109437, 180], [6.177166, 49.109469, 180], [6.177291, 49.109529, 180], [6.177313, 49.10954, 180], [6.177363, 49.109573, 180], [6.177304, 49.10963, 180], [6.177134, 49.109788, 178], [6.177037, 49.109872, 176], [6.177006, 49.1099, 176], [6.17701, 49.109977, 174], [6.176962, 49.110015, 174], [6.17678, 49.110128, 174], [6.176737, 49.110166, 174], [6.176661, 49.110233, 174], [6.176638, 49.110254, 174], [6.176944, 49.110406, 174], [6.176946, 49.110488, 174], [6.176943, 49.110546, 174], [6.176942, 49.110588, 174], [6.176942, 49.110776, 174], [6.176932, 49.11093, 174], [6.176901, 49.11109, 174], [6.176873, 49.111095, 174], [6.176728, 49.111216, 174], [6.176673, 49.111262, 174], [6.176622, 49.111236, 174], [6.176585, 49.111262, 174], [6.176568, 49.111274, 174], [6.176535, 49.111259, 174], [6.176386, 49.111367, 174], [6.176382, 49.111412, 174], [6.176378, 49.111463, 174], [6.176374, 49.111508, 174], [6.176402, 49.111577, 174], [6.176399, 49.111613, 174], [6.176185, 49.111629, 174], [6.176184, 49.11169, 174], [6.176183, 49.111744, 174], [6.176076, 49.111745, 174], [6.176036, 49.111755, 174], [6.175987, 49.111752, 174], [6.175816, 49.111844, 174], [6.175429, 49.11212, 174], [6.175351, 49.112176, 175], [6.175256, 49.112244, 175], [6.175228, 49.112264, 175], [6.175197, 49.112286, 175], [6.175036, 49.112391, 175], [6.174987, 49.112426, 175], [6.174913, 49.11248, 175], [6.17439, 49.112864, 175], [6.174147, 49.113043, 176], [6.173863, 49.113175, 176], [6.173665, 49.113255, 176], [6.17344, 49.113371, 176], [6.173358, 49.11342, 176], [6.173317, 49.113442, 176], [6.173281, 49.113463, 176], [6.17252, 49.113854, 179], [6.172491, 49.113869, 179], [6.172454, 49.113887, 179], [6.172423, 49.113904, 179], [6.172571, 49.114016, 179], [6.172637, 49.114075, 179], [6.172512, 49.114114, 179], [6.172455, 49.114137, 179], [6.1723, 49.11417, 180], [6.171869, 49.114365, 181], [6.17127, 49.114624, 182], [6.171342, 49.114709, 182], [6.171332, 49.114755, 182], [6.171321, 49.114808, 182], [6.17139, 49.114883, 182], [6.171413, 49.114905, 182], [6.171274, 49.114966, 182], [6.171399, 49.115101, 182], [6.17104, 49.115256, 182], [6.170731, 49.115378, 182], [6.170802, 49.115446, 182], [6.170111, 49.115778, 182], [6.170242, 49.115895, 181], [6.170282, 49.115931, 181], [6.170334, 49.115912, 181], [6.170391, 49.115905, 181], [6.17045, 49.115909, 181], [6.170503, 49.115925, 181], [6.170547, 49.11595, 181], [6.170552, 49.115955, 181], [6.170578, 49.115987, 181], [6.170589, 49.116028, 181], [6.170579, 49.116069, 181], [6.170548, 49.116105, 181], [6.170501, 49.116133, 181], [6.170534, 49.116162, 181], [6.170632, 49.11625, 182], [6.170123, 49.116497, 182], [6.169573, 49.116763, 180], [6.169594, 49.116782, 180], [6.169519, 49.116816, 179], [6.1694, 49.116886, 178], [6.168992, 49.117122, 177], [6.169025, 49.11719, 178], [6.169045, 49.117232, 178], [6.169067, 49.117273, 178], [6.16913, 49.117458, 178], [6.169237, 49.117682, 178], [6.169262, 49.117711, 178], [6.169385, 49.117825, 177], [6.169735, 49.118123, 178], [6.169715, 49.118133, 178], [6.169666, 49.118157, 176], [6.169617, 49.118177, 175], [6.169605, 49.118223, 174], [6.169619, 49.118287, 172], [6.169641, 49.118332, 172], [6.169973, 49.118742, 171], [6.170528, 49.11912, 169], [6.170608, 49.119179, 169], [6.170686, 49.119249, 169], [6.170699, 49.119269, 169], [6.170708, 49.119292, 169], [6.170707, 49.119331, 169], [6.170693, 49.119374, 169], [6.170642, 49.119413, 169], [6.170183, 49.119695, 169], [6.170111, 49.119726, 169], [6.169954, 49.119758, 169], [6.169883, 49.119754, 168], [6.169666, 49.119748, 168], [6.169468, 49.119751, 168], [6.169199, 49.119773, 167], [6.168709, 49.119904, 167], [6.168217, 49.120148, 166], [6.16813, 49.120266, 166], [6.168107, 49.120308, 166], [6.168084, 49.120316, 166], [6.168055, 49.120312, 166], [6.168021, 49.120308, 166], [6.167501, 49.120024, 167], [6.167438, 49.119985, 167], [6.167388, 49.120011, 167], [6.16732, 49.119974, 168], [6.167216, 49.119949, 168], [6.167122, 49.11994, 168], [6.167025, 49.11994, 168], [6.166953, 49.119965, 168], [6.166845, 49.120016, 168], [6.166707, 49.119894, 168], [6.16663, 49.119826, 168], [6.166562, 49.119863, 168], [6.166494, 49.119898, 168], [6.166385, 49.119957, 168], [6.166316, 49.11998, 168], [6.166261, 49.119988, 168], [6.166175, 49.119991, 168], [6.166125, 49.119972, 168], [6.166001, 49.119926, 168], [6.165935, 49.119947, 168], [6.165937, 49.119984, 168], [6.165919, 49.120012, 168], [6.165768, 49.120116, 168], [6.165683, 49.120155, 168], [6.165551, 49.120185, 168], [6.16543, 49.120204, 168], [6.165063, 49.120233, 168], [6.164753, 49.120269, 168], [6.164489, 49.120308, 168], [6.164311, 49.120341, 168], [6.16424, 49.120363, 167], [6.164121, 49.120388, 167], [6.163687, 49.120415, 168], [6.163255, 49.120394, 167], [6.16319, 49.120388, 167], [6.163111, 49.120364, 167], [6.163088, 49.120372, 167], [6.163036, 49.120371, 167], [6.162897, 49.120366, 167], [6.16281, 49.120338, 167], [6.162391, 49.120279, 167], [6.161957, 49.120216, 167], [6.161581, 49.120162, 167], [6.161245, 49.120114, 167], [6.161243, 49.120109, 168], [6.161112, 49.119795, 168], [6.160904, 49.1197, 167], [6.160803, 49.119683, 167], [6.16088, 49.119462, 168], [6.160889, 49.119437, 168], [6.160836, 49.119383, 168], [6.160811, 49.119311, 168], [6.160754, 49.119236, 169], [6.16068, 49.119187, 170], [6.160631, 49.11914, 170], [6.160593, 49.119081, 170], [6.160584, 49.119032, 170], [6.160615, 49.118823, 168], [6.160723, 49.118247, 169], [6.160777, 49.118115, 170], [6.160843, 49.118234, 168], [6.160753, 49.118373, 168], [6.160436, 49.118312, 168], [6.160136, 49.118231, 168], [6.16005, 49.118207, 168], [6.159908, 49.118138, 168], [6.159307, 49.117883, 168], [6.159148, 49.117828, 168], [6.158945, 49.117768, 168], [6.158319, 49.117642, 167], [6.157979, 49.117598, 167], [6.157699, 49.117611, 167], [6.157255, 49.117659, 168], [6.156665, 49.117753, 167], [6.156268, 49.117802, 166], [6.156209, 49.117791, 166], [6.156137, 49.117769, 166], [6.156045, 49.117755, 166], [6.155712, 49.117776, 166], [6.155625, 49.117789, 166], [6.155381, 49.117796, 166], [6.15513, 49.117796, 167], [6.155095, 49.117806, 167], [6.154861, 49.1177, 167], [6.154752, 49.117676, 167], [6.154583, 49.117661, 167], [6.154415, 49.117658, 167], [6.154317, 49.117672, 167], [6.15418, 49.117712, 167], [6.15356, 49.117753, 167], [6.152902, 49.117819, 168], [6.152633, 49.117856, 168], [6.152269, 49.117893, 168], [6.1519, 49.117938, 167], [6.151656, 49.117963, 167], [6.151297, 49.117949, 167], [6.151175, 49.117934, 167], [6.151058, 49.117912, 168], [6.151024, 49.117906, 168], [6.150873, 49.117867, 168], [6.150773, 49.117858, 168], [6.15068, 49.117831, 167], [6.150567, 49.117782, 167], [6.150384, 49.117677, 167], [6.150319, 49.117664, 167], [6.150259, 49.117652, 167], [6.150091, 49.117725, 167], [6.150044, 49.117757, 167], [6.149925, 49.117888, 167], [6.14989, 49.117912, 167], [6.149845, 49.117935, 167], [6.149581, 49.118028, 167], [6.149517, 49.118078, 167], [6.149149, 49.118016, 167], [6.149027, 49.117994, 167], [6.148456, 49.117909, 167], [6.148778, 49.117293, 168], [6.148703, 49.117254, 168], [6.148682, 49.117234, 168], [6.148625, 49.11718, 169], [6.148602, 49.117159, 169], [6.148542, 49.117104, 170], [6.148495, 49.117045, 170], [6.148455, 49.116989, 170], [6.14833, 49.117037, 170], [6.148314, 49.11702, 170], [6.14759, 49.11729, 169], [6.144504, 49.118441, 170], [6.144527, 49.118464, 170], [6.144072, 49.118627, 170], [6.144043, 49.118656, 170], [6.143919, 49.118722, 170], [6.143861, 49.118773, 170], [6.143952, 49.118755, 170], [6.144159, 49.118694, 170], [6.144132, 49.118717, 170], [6.144228, 49.118806, 170], [6.144274, 49.118783, 170], [6.144305, 49.118813, 170], [6.144152, 49.118882, 168], [6.143741, 49.119076, 169], [6.143735, 49.11908, 169], [6.143965, 49.119251, 168], [6.144042, 49.119203, 169], [6.143812, 49.119028, 170], [6.143747, 49.118979, 170], [6.14333, 49.119167, 168], [6.143202, 49.119061, 168], [6.142921, 49.118776, 168], [6.142793, 49.118739, 168], [6.142669, 49.118685, 168], [6.142581, 49.118606, 168], [6.14196, 49.118929, 168], [6.141862, 49.118964, 168], [6.141877, 49.118802, 168], [6.141855, 49.118773, 168], [6.141738, 49.118659, 168], [6.141682, 49.118604, 168], [6.141915, 49.118469, 168], [6.141998, 49.118385, 168], [6.142003, 49.11827, 168], [6.141974, 49.118203, 168], [6.141874, 49.118148, 167], [6.141909, 49.118122, 167], [6.141949, 49.118093, 167], [6.141548, 49.117883, 168], [6.141356, 49.117812, 168], [6.141057, 49.117719, 169], [6.140935, 49.117668, 169], [6.140488, 49.117435, 170], [6.140351, 49.117382, 170], [6.140324, 49.117373, 170], [6.140286, 49.117361, 170], [6.140233, 49.117353, 170], [6.140129, 49.117336, 170], [6.140034, 49.117311, 170], [6.138269, 49.116443, 170], [6.138226, 49.116423, 170], [6.138157, 49.11639, 170], [6.137388, 49.115871, 171], [6.137262, 49.115802, 170], [6.137129, 49.115747, 170], [6.136047, 49.115423, 174], [6.135956, 49.115372, 174], [6.135844, 49.115309, 174], [6.135793, 49.115279, 174], [6.135761, 49.115253, 175], [6.135709, 49.115213, 175], [6.135121, 49.114845, 176], [6.134416, 49.114538, 179], [6.134366, 49.114522, 179], [6.134281, 49.114493, 179], [6.133575, 49.114308, 178], [6.133743, 49.113952, 175], [6.133911, 49.113654, 170], [6.133932, 49.113636, 170], [6.133966, 49.113606, 170], [6.133952, 49.11358, 170], [6.133904, 49.113579, 170], [6.133878, 49.113579, 170], [6.132957, 49.113506, 171], [6.132835, 49.113494, 171], [6.132675, 49.11347, 171], [6.132215, 49.113369, 170], [6.131782, 49.113256, 170], [6.131392, 49.113138, 170], [6.131362, 49.113129, 170], [6.131296, 49.113106, 170], [6.131256, 49.113093, 170], [6.131154, 49.113055, 170], [6.130879, 49.112923, 170], [6.130233, 49.112585, 170], [6.130142, 49.112536, 170], [6.129923, 49.112442, 170], [6.129641, 49.112335, 170], [6.129267, 49.112218, 169], [6.129135, 49.112186, 169], [6.1289, 49.112133, 168], [6.128169, 49.112005, 170], [6.12798, 49.111924, 169], [6.127784, 49.111942, 169], [6.127654, 49.111933, 169], [6.127387, 49.111894, 169], [6.127152, 49.111886, 169], [6.126988, 49.111894, 169], [6.126781, 49.111925, 169], [6.126278, 49.111999, 169], [6.126098, 49.112011, 169], [6.12595, 49.112012, 169], [6.12578, 49.112004, 169], [6.125469, 49.111965, 169], [6.125184, 49.111895, 169], [6.12498, 49.111837, 170], [6.124509, 49.111655, 169], [6.123492, 49.111264, 170], [6.122823, 49.111001, 169], [6.122691, 49.110963, 169], [6.122606, 49.11095, 170], [6.122681, 49.110793, 169], [6.122704, 49.110768, 169], [6.12265, 49.110736, 169], [6.122551, 49.110705, 169], [6.122029, 49.110588, 169], [6.12204, 49.110535, 169], [6.122015, 49.110498, 169], [6.122066, 49.11047, 169], [6.122203, 49.110193, 169], [6.122118, 49.110173, 169], [6.121816, 49.10976, 169], [6.121744, 49.109739, 169], [6.121706, 49.10973, 169], [6.120982, 49.109562, 169], [6.120889, 49.109527, 169], [6.120841, 49.10949, 169], [6.120776, 49.109379, 169], [6.120755, 49.109346, 170], [6.120657, 49.109194, 170], [6.120585, 49.109143, 170], [6.120532, 49.109107, 170], [6.120669, 49.109, 169], [6.120708, 49.108971, 169], [6.121067, 49.108769, 169], [6.121264, 49.108599, 169], [6.121391, 49.108501, 169], [6.121499, 49.108393, 168], [6.121668, 49.108106, 168], [6.121683, 49.108047, 168], [6.121665, 49.107997, 168], [6.1216, 49.107936, 168], [6.121506, 49.107886, 168], [6.121405, 49.10785, 168], [6.121037, 49.107715, 168], [6.12088, 49.107671, 168], [6.120046, 49.107432, 168], [6.119983, 49.107399, 168], [6.119937, 49.107359, 168], [6.119901, 49.107324, 168], [6.119879, 49.107276, 168], [6.119874, 49.107184, 168], [6.120327, 49.10554, 169], [6.120354, 49.105482, 169], [6.120394, 49.105428, 169], [6.120345, 49.105395, 169], [6.120249, 49.105385, 169], [6.120189, 49.105369, 168], [6.120139, 49.105342, 168], [6.120043, 49.105266, 168], [6.119944, 49.105214, 168], [6.119851, 49.105177, 167], [6.11979, 49.105163, 167], [6.119727, 49.105161, 167], [6.119632, 49.105179, 167], [6.11957, 49.105172, 167], [6.119522, 49.105154, 167], [6.119347, 49.105134, 167], [6.11916, 49.105086, 167], [6.119127, 49.105059, 167], [6.119127, 49.104988, 167], [6.119125, 49.104893, 166], [6.11915, 49.104834, 166], [6.119151, 49.104797, 166], [6.119133, 49.104762, 166], [6.119086, 49.104728, 166], [6.118996, 49.104704, 166], [6.118745, 49.104693, 166], [6.118488, 49.104713, 166], [6.118415, 49.104705, 166], [6.118352, 49.104686, 167], [6.118269, 49.104681, 166], [6.118171, 49.104683, 166], [6.118115, 49.104673, 166], [6.118063, 49.104645, 166], [6.118025, 49.104634, 166], [6.117978, 49.104635, 166], [6.117924, 49.104656, 166], [6.117871, 49.104664, 166], [6.117637, 49.104638, 166], [6.117211, 49.104638, 166], [6.117137, 49.104627, 167], [6.117059, 49.104604, 167], [6.117007, 49.104599, 167], [6.116955, 49.104607, 167], [6.116882, 49.104632, 167], [6.116798, 49.104648, 167], [6.116749, 49.104645, 167], [6.116722, 49.104632, 167], [6.116711, 49.104612, 167], [6.116704, 49.10452, 167], [6.116665, 49.104486, 167], [6.116577, 49.104431, 167], [6.11649, 49.1044, 167], [6.11639, 49.104374, 166], [6.116119, 49.104331, 166], [6.115906, 49.104274, 167], [6.115643, 49.104184, 167], [6.115469, 49.104088, 167], [6.115325, 49.104039, 167], [6.115182, 49.103962, 167], [6.115096, 49.103887, 167], [6.114902, 49.103801, 167], [6.114809, 49.103731, 167], [6.114766, 49.103656, 167], [6.114757, 49.103572, 167], [6.114738, 49.10354, 167], [6.114645, 49.103466, 167], [6.114554, 49.103273, 168], [6.11451, 49.10322, 168], [6.114501, 49.103125, 168], [6.114554, 49.10302, 167], [6.114703, 49.10289, 167], [6.114828, 49.102826, 168], [6.115076, 49.102837, 168], [6.115217, 49.102829, 168], [6.115325, 49.102779, 168], [6.115418, 49.102683, 168], [6.115254, 49.102599, 167], [6.114985, 49.102424, 167], [6.114755, 49.102289, 167], [6.114541, 49.102186, 167], [6.114258, 49.102037, 167], [6.113632, 49.101628, 168], [6.113336, 49.101371, 167], [6.113081, 49.101181, 168], [6.112952, 49.101193, 168], [6.112808, 49.101225, 168], [6.112632, 49.101307, 168], [6.112544, 49.10136, 168], [6.111758, 49.101929, 173], [6.111812, 49.101948, 174], [6.112668, 49.1015, 171], [6.115232, 49.100148, 172], [6.115336, 49.100088, 173], [6.115351, 49.100069, 173], [6.115353, 49.100035, 173], [6.115342, 49.099992, 173], [6.115322, 49.099956, 173], [6.115292, 49.09993, 173], [6.114943, 49.099867, 171], [6.114832, 49.099863, 170], [6.114745, 49.099878, 170], [6.11466, 49.099913, 169], [6.114608, 49.099967, 169], [6.114575, 49.100023, 168], [6.114579, 49.100076, 168], [6.114612, 49.100104, 168], [6.114534, 49.100138, 168], [6.114472, 49.100166, 168], [6.11503, 49.100629, 168], [6.115175, 49.100731, 168], [6.115234, 49.100765, 168], [6.115314, 49.100783, 168], [6.115343, 49.100854, 168], [6.11563, 49.10107, 168], [6.115951, 49.101261, 167], [6.116129, 49.101323, 167], [6.116236, 49.10139, 167], [6.116385, 49.101469, 167], [6.116445, 49.101514, 167], [6.116573, 49.101568, 167], [6.116727, 49.101606, 167], [6.116985, 49.101654, 168], [6.117209, 49.101722, 168], [6.117322, 49.101773, 168], [6.117403, 49.101799, 168], [6.117661, 49.101867, 167], [6.117912, 49.101914, 168], [6.118128, 49.101974, 168], [6.118356, 49.102018, 167], [6.118639, 49.102113, 167], [6.118863, 49.102236, 167], [6.118992, 49.102285, 167], [6.119141, 49.102314, 167], [6.119361, 49.102322, 167], [6.119531, 49.102348, 167], [6.120022, 49.102551, 167], [6.120087, 49.102565, 167], [6.120175, 49.102571, 166], [6.120265, 49.102589, 166], [6.120575, 49.102695, 166], [6.120791, 49.10274, 167], [6.12098, 49.10279, 167], [6.121078, 49.102833, 167], [6.12128, 49.102968, 166], [6.121352, 49.103009, 167], [6.121425, 49.103035, 167], [6.121704, 49.103081, 167], [6.121891, 49.10309, 167], [6.122033, 49.103128, 167], [6.122125, 49.103135, 167], [6.122241, 49.10313, 166], [6.122332, 49.103135, 166], [6.122404, 49.103152, 166], [6.122453, 49.103185, 166], [6.122544, 49.103212, 166], [6.122658, 49.103231, 166], [6.122783, 49.103225, 166], [6.122861, 49.103233, 166], [6.122995, 49.103283, 166], [6.123334, 49.103348, 167], [6.123858, 49.103404, 166], [6.123959, 49.103424, 166], [6.124059, 49.103469, 166], [6.124214, 49.103503, 166], [6.124413, 49.103519, 166], [6.125344, 49.103558, 166], [6.125617, 49.103545, 167], [6.125984, 49.103561, 166], [6.126601, 49.103521, 166], [6.126801, 49.103518, 166], [6.127202, 49.103492, 167], [6.127978, 49.103411, 167], [6.128374, 49.103389, 167], [6.128823, 49.103367, 167], [6.12894, 49.103349, 167], [6.129078, 49.103344, 167], [6.12911, 49.103332, 167], [6.129098, 49.103273, 167], [6.129103, 49.103222, 168], [6.129198, 49.103026, 169], [6.129255, 49.102873, 169], [6.129296, 49.102798, 169], [6.129644, 49.102841, 169], [6.129801, 49.102855, 169], [6.130115, 49.102849, 168], [6.130351, 49.102819, 168], [6.130639, 49.102741, 168], [6.130771, 49.102806, 168], [6.131445, 49.10291, 168], [6.131687, 49.102908, 168], [6.131445, 49.10291, 168], [6.130771, 49.102806, 168], [6.130639, 49.102741, 168], [6.130785, 49.102679, 168], [6.131743, 49.102176, 170], [6.132221, 49.101906, 173], [6.132556, 49.101665, 174], [6.133035, 49.101281, 170], [6.133153, 49.101181, 172], [6.133255, 49.101083, 174], [6.133331, 49.100984, 173], [6.133363, 49.100945, 172], [6.133563, 49.100707, 172], [6.133681, 49.100563, 172], [6.13373, 49.100578, 172], [6.133795, 49.1006, 172], [6.133841, 49.100647, 172], [6.133849, 49.100699, 172], [6.133867, 49.100733, 171], [6.133943, 49.100817, 171], [6.133943, 49.100836, 171], [6.134494, 49.100997, 171], [6.134587, 49.101056, 172], [6.134669, 49.101116, 173], [6.134714, 49.101137, 174], [6.134828, 49.101172, 174], [6.134884, 49.101183, 174], [6.134983, 49.101191, 173], [6.135117, 49.101183, 172], [6.135201, 49.101188, 171], [6.135745, 49.101329, 170], [6.140353, 49.102571, 170], [6.140403, 49.102584, 170], [6.140694, 49.102661, 169], [6.143415, 49.103393, 170], [6.146347, 49.104185, 170], [6.148977, 49.104891, 169], [6.149435, 49.105013, 171], [6.149465, 49.105024, 171], [6.149548, 49.105088, 171], [6.14965, 49.105113, 170], [6.149759, 49.1051, 170], [6.14981, 49.105098, 170], [6.149931, 49.105133, 169], [6.151949, 49.105625, 169], [6.15221, 49.105676, 169], [6.152231, 49.105686, 169], [6.15396, 49.106103, 170], [6.155055, 49.106368, 170], [6.155409, 49.106453, 169], [6.155596, 49.106487, 168], [6.156095, 49.10654, 169], [6.15627, 49.106546, 169], [6.157408, 49.106531, 170], [6.157718, 49.106533, 170], [6.158196, 49.106555, 170], [6.158484, 49.106602, 170], [6.158731, 49.106684, 170], [6.158849, 49.106732, 170], [6.158955, 49.106785, 170], [6.159083, 49.106863, 171], [6.159378, 49.107099, 170], [6.159636, 49.107339, 170], [6.159731, 49.107409, 170], [6.159947, 49.107546, 170], [6.160051, 49.107591, 171], [6.160523, 49.107839, 171], [6.160731, 49.107976, 171], [6.161221, 49.108363, 171], [6.161475, 49.108588, 171], [6.161601, 49.108544, 173], [6.161673, 49.108553, 174], [6.162118, 49.108667, 176], [6.16236, 49.108838, 176], [6.162409, 49.108882, 176], [6.16268, 49.109068, 177], [6.163381, 49.109613, 177], [6.163478, 49.109719, 178], [6.163517, 49.109827, 177], [6.163616, 49.109814, 178], [6.1637, 49.109785, 178], [6.163777, 49.109746, 178], [6.163879, 49.109784, 179], [6.163946, 49.109797, 179], [6.163993, 49.109788, 179], [6.164027, 49.109749, 179], [6.164172, 49.109657, 179], [6.16467, 49.109377, 180], [6.16471, 49.109376, 180], [6.164775, 49.109343, 180], [6.164863, 49.109402, 180], [6.164964, 49.10946, 181], [6.165367, 49.109698, 181], [6.165656, 49.109833, 181], [6.165806, 49.10989, 182], [6.165874, 49.109916, 182], [6.166105, 49.109976, 182], [6.166364, 49.110029, 182], [6.166615, 49.110075, 182], [6.166869, 49.110108, 182], [6.167084, 49.110143, 182], [6.167223, 49.110165, 183], [6.167381, 49.110214, 183], [6.167387, 49.110266, 183], [6.167389, 49.11028, 183], [6.167545, 49.110321, 183], [6.167798, 49.110328, 182], [6.169351, 49.110438, 182], [6.170506, 49.11052, 180], [6.170601, 49.110566, 180], [6.170667, 49.110565, 180], [6.170724, 49.110564, 180], [6.170783, 49.110549, 180], [6.170836, 49.110535, 180], [6.171303, 49.110523, 179], [6.171808, 49.11051, 179], [6.171868, 49.110508, 179], [6.171952, 49.110492, 179], [6.172045, 49.110471, 179], [6.172384, 49.110413, 179], [6.172781, 49.110367, 178], [6.173017, 49.11037, 178], [6.173223, 49.110387, 177], [6.173714, 49.110428, 177], [6.17385, 49.110431, 176], [6.173967, 49.11044, 176], [6.174107, 49.110443, 176], [6.174246, 49.110438, 176], [6.17443, 49.110416, 176], [6.174577, 49.110385, 176], [6.174642, 49.110364, 176], [6.174735, 49.110331, 176], [6.174883, 49.110302, 175], [6.175917, 49.110019, 174], [6.175673, 49.109623, 174], [6.175775, 49.10953, 174], [6.175847, 49.109465, 174], [6.175881, 49.109433, 174], [6.175775, 49.109381, 174], [6.175801, 49.109359, 174], [6.175892, 49.109279, 174], [6.175844, 49.109256, 174], [6.175973, 49.109166, 174], [6.176049, 49.109172, 175], [6.176065, 49.109161, 175], [6.176096, 49.109137, 175], [6.176169, 49.109076, 177], [6.176235, 49.109019, 178], [6.176262, 49.109032, 178], [6.176285, 49.109045, 179], [6.176479, 49.109139, 180], [6.17654, 49.109167, 180], [6.176592, 49.109122, 179], [6.176977, 49.109308, 180]]}}, {"type": "Feature", "properties": {"id": "seille-amont", "nom": "La Seille en amont", "couleur": "#5A6E2F"}, "geometry": {"type": "LineString", "coordinates": [[6.176977, 49.109308, 180], [6.177154, 49.109393, 180], [6.177103, 49.109437, 180], [6.177166, 49.109469, 180], [6.177291, 49.109529, 180], [6.177313, 49.10954, 180], [6.177363, 49.109573, 180], [6.177431, 49.109607, 180], [6.177451, 49.10959, 180], [6.177644, 49.109423, 179], [6.177731, 49.109345, 179], [6.177855, 49.109235, 179], [6.177935, 49.109165, 179], [6.178123, 49.109, 179], [6.178537, 49.108634, 176], [6.178578, 49.108597, 176], [6.178965, 49.108637, 174], [6.179032, 49.108629, 174], [6.17923, 49.108603, 172], [6.179477, 49.10859, 172], [6.17959, 49.108489, 172], [6.179953, 49.108699, 172], [6.180009, 49.108723, 172], [6.180032, 49.108707, 172], [6.180072, 49.108681, 172], [6.180105, 49.108656, 172], [6.180121, 49.108642, 172], [6.180171, 49.108599, 172], [6.180195, 49.108564, 172], [6.180304, 49.108364, 172], [6.180421, 49.108172, 172], [6.180469, 49.10815, 172], [6.180536, 49.108036, 171], [6.180614, 49.108042, 171], [6.180742, 49.108015, 171], [6.180929, 49.107744, 171], [6.180975, 49.1077, 171], [6.181035, 49.107661, 171], [6.181123, 49.107629, 171], [6.18118, 49.107621, 171], [6.181239, 49.107612, 171], [6.182549, 49.107696, 171], [6.182987, 49.107726, 173], [6.182989, 49.107706, 172], [6.182999, 49.107611, 172], [6.183005, 49.107571, 172], [6.183014, 49.107518, 171], [6.183185, 49.107531, 170], [6.183229, 49.107515, 170], [6.183244, 49.107491, 170], [6.183329, 49.107497, 170], [6.183412, 49.107502, 170], [6.183617, 49.107512, 170], [6.183634, 49.107418, 170], [6.183859, 49.107434, 170], [6.183901, 49.107437, 170], [6.184711, 49.106606, 170], [6.184962, 49.106624, 170], [6.184964, 49.106609, 169], [6.185009, 49.106312, 169], [6.185143, 49.106166, 169], [6.185227, 49.106085, 169], [6.185507, 49.105805, 167], [6.185757, 49.105537, 166], [6.18568, 49.105347, 166], [6.185637, 49.105192, 166], [6.185637, 49.104958, 166], [6.185648, 49.104889, 166], [6.185684, 49.10478, 166], [6.185752, 49.104691, 165], [6.185846, 49.104524, 165], [6.185897, 49.104385, 166], [6.185979, 49.104208, 166], [6.186067, 49.103959, 165], [6.186086, 49.103471, 166], [6.186335, 49.103192, 165], [6.186415, 49.102586, 165], [6.186474, 49.102194, 166], [6.18648, 49.102155, 166], [6.186482, 49.102137, 166], [6.186484, 49.102122, 167], [6.186487, 49.102106, 167], [6.18649, 49.102083, 167], [6.186492, 49.102064, 168], [6.186495, 49.102045, 168], [6.186498, 49.102023, 168], [6.186501, 49.102004, 168], [6.186505, 49.101967, 168], [6.186496, 49.101935, 169], [6.186728, 49.101892, 168], [6.186808, 49.10184, 168], [6.18685, 49.101725, 169], [6.186918, 49.101312, 169], [6.187068, 49.101322, 169], [6.187087, 49.101212, 169], [6.18713, 49.100957, 169], [6.187229, 49.100847, 169], [6.187452, 49.100641, 170], [6.187498, 49.100645, 170], [6.1875, 49.100637, 170], [6.187512, 49.10059, 170], [6.187518, 49.100539, 170], [6.187585, 49.100542, 168], [6.187591, 49.100514, 168], [6.187621, 49.100486, 168], [6.187641, 49.100449, 168], [6.187658, 49.100344, 168], [6.187656, 49.099924, 167], [6.187639, 49.099689, 167], [6.187612, 49.0996, 167], [6.187572, 49.099513, 167], [6.187546, 49.09942, 167], [6.187532, 49.09932, 167], [6.187392, 49.098986, 167], [6.187373, 49.098916, 167], [6.187313, 49.098774, 167], [6.187272, 49.098704, 167], [6.187135, 49.098278, 167], [6.186853, 49.097475, 166], [6.186794, 49.097342, 167], [6.186751, 49.097266, 167], [6.186579, 49.096766, 166], [6.186503, 49.096467, 166], [6.186479, 49.096318, 166], [6.186461, 49.096162, 166], [6.186443, 49.095861, 166], [6.186431, 49.095797, 166], [6.186389, 49.095753, 167], [6.186321, 49.095716, 167], [6.186217, 49.095678, 167], [6.186102, 49.095647, 168], [6.186031, 49.095619, 168], [6.18596, 49.095576, 168], [6.185816, 49.095456, 168], [6.185767, 49.095375, 168], [6.185743, 49.095282, 168], [6.185732, 49.095182, 168], [6.185762, 49.094742, 168], [6.185836, 49.09458, 168], [6.185865, 49.094502, 168], [6.185865, 49.094421, 168], [6.185838, 49.094277, 168], [6.185735, 49.093892, 168], [6.185639, 49.093592, 168], [6.185622, 49.093485, 168], [6.185571, 49.093278, 169], [6.185547, 49.09322, 169], [6.185517, 49.092789, 168], [6.185487, 49.092723, 168], [6.18548, 49.092688, 168], [6.185484, 49.092564, 168], [6.18543, 49.09237, 167], [6.185418, 49.09227, 167], [6.185458, 49.092107, 166], [6.185464, 49.092016, 166], [6.185452, 49.091933, 166], [6.18539, 49.091756, 166], [6.185387, 49.091526, 166], [6.18541, 49.091413, 166], [6.185413, 49.091351, 166], [6.18539, 49.0913, 166], [6.185342, 49.091243, 167], [6.185167, 49.09111, 167], [6.184857, 49.09072, 168], [6.184498, 49.090336, 167], [6.184323, 49.090129, 168], [6.184206, 49.090022, 168], [6.184106, 49.089943, 168], [6.183954, 49.089848, 168], [6.183669, 49.089695, 168], [6.183389, 49.089491, 167], [6.183328, 49.089448, 167], [6.182745, 49.089154, 168], [6.182563, 49.089057, 168], [6.18247, 49.089027, 168], [6.182291, 49.088997, 168], [6.182279, 49.088942, 168], [6.182182, 49.088901, 168], [6.182012, 49.08887, 168], [6.181648, 49.088863, 168], [6.181535, 49.088847, 169], [6.181426, 49.088812, 169], [6.181036, 49.088552, 170], [6.180558, 49.088401, 168], [6.180394, 49.088304, 167], [6.180081, 49.088077, 167], [6.179675, 49.087756, 167], [6.179545, 49.087697, 167], [6.179574, 49.087654, 167], [6.179544, 49.087612, 167], [6.179371, 49.087487, 167], [6.179299, 49.087391, 167], [6.179218, 49.087303, 167], [6.179089, 49.087111, 166], [6.178927, 49.08695, 167], [6.178589, 49.086568, 166], [6.178438, 49.086355, 166], [6.178399, 49.086121, 167], [6.178423, 49.085972, 166], [6.178722, 49.085459, 167], [6.178831, 49.085142, 167], [6.178865, 49.084882, 167], [6.178923, 49.084571, 167], [6.178981, 49.084413, 166], [6.179123, 49.084079, 166], [6.179224, 49.083932, 166], [6.17938, 49.083805, 166], [6.179516, 49.083709, 166], [6.1797, 49.083622, 167], [6.179903, 49.083567, 166], [6.18077, 49.083288, 167], [6.180944, 49.08322, 166], [6.181785, 49.082834, 167], [6.182077, 49.082686, 166], [6.18216, 49.082607, 166], [6.182241, 49.08257, 166], [6.182318, 49.082506, 166], [6.182421, 49.082411, 166], [6.182511, 49.082301, 167], [6.182571, 49.082171, 167], [6.182627, 49.082076, 166], [6.182709, 49.081887, 166], [6.182769, 49.08167, 167], [6.182838, 49.081527, 167], [6.182997, 49.081136, 167], [6.183237, 49.080629, 167], [6.183307, 49.080447, 167], [6.183394, 49.080273, 168], [6.183401, 49.08006, 168], [6.183337, 49.079872, 168], [6.183309, 49.079839, 168], [6.183274, 49.079819, 168], [6.183256, 49.079792, 168], [6.183254, 49.079693, 168], [6.183195, 49.079376, 167], [6.183088, 49.079177, 168], [6.183066, 49.079086, 167], [6.182975, 49.078977, 167], [6.182854, 49.078859, 168], [6.1828, 49.078776, 168], [6.182775, 49.078753, 168], [6.182846, 49.078679, 168], [6.182883, 49.078608, 168], [6.182906, 49.078471, 168], [6.182867, 49.07837, 168], [6.182776, 49.078287, 168], [6.182603, 49.078203, 168], [6.182452, 49.078114, 168], [6.18238, 49.078027, 168], [6.182281, 49.077726, 168], [6.182218, 49.077676, 168], [6.182078, 49.077586, 168], [6.18206, 49.07753, 168], [6.182161, 49.077285, 168], [6.182163, 49.077274, 168], [6.181878, 49.077203, 169], [6.181816, 49.077167, 168], [6.181559, 49.077108, 168], [6.181312, 49.077013, 168], [6.181055, 49.076872, 168], [6.180962, 49.076795, 168], [6.18087, 49.076746, 168], [6.180432, 49.076599, 168], [6.180242, 49.076549, 168], [6.179968, 49.076489, 169], [6.17988, 49.076454, 168], [6.179846, 49.076422, 168], [6.179794, 49.076373, 168], [6.179757, 49.076303, 169], [6.17972, 49.076188, 169], [6.17969, 49.076036, 170], [6.17968, 49.075937, 170], [6.179733, 49.075328, 169], [6.179745, 49.075272, 169], [6.179716, 49.075271, 169], [6.17951, 49.075264, 170], [6.179457, 49.075262, 170], [6.178098, 49.075187, 170], [6.175777, 49.074888, 171], [6.175765, 49.074815, 171], [6.175775, 49.074715, 171], [6.175845, 49.07451, 171], [6.176063, 49.074111, 171], [6.176118, 49.073969, 171], [6.176164, 49.073812, 171], [6.176173, 49.073673, 172], [6.176159, 49.073465, 172], [6.17612, 49.073277, 173], [6.176087, 49.073034, 173], [6.176071, 49.072827, 174], [6.176065, 49.072668, 174], [6.176091, 49.072394, 174], [6.176101, 49.072119, 174], [6.1761, 49.071949, 174], [6.176082, 49.071737, 174], [6.176026, 49.071579, 174], [6.175937, 49.071408, 174], [6.175831, 49.071249, 175], [6.175721, 49.071109, 175], [6.175629, 49.071031, 175], [6.175526, 49.070978, 176], [6.175365, 49.070917, 176], [6.175105, 49.070831, 176], [6.173987, 49.070512, 179], [6.173232, 49.070265, 181], [6.173013, 49.070177, 181], [6.172759, 49.070064, 181], [6.172409, 49.069875, 181], [6.172089, 49.069659, 180], [6.171491, 49.069194, 181], [6.171234, 49.068985, 180], [6.171031, 49.068795, 180], [6.170685, 49.068407, 181], [6.170611, 49.068321, 181], [6.170357, 49.067937, 182], [6.169911, 49.067251, 182], [6.169894, 49.067205, 182], [6.169835, 49.067109, 182], [6.169757, 49.066978, 182], [6.169501, 49.066585, 182], [6.169464, 49.06653, 182], [6.169407, 49.066446, 182], [6.169329, 49.066336, 182], [6.168933, 49.065815, 182], [6.168818, 49.065665, 181], [6.168737, 49.065558, 181], [6.168523, 49.065288, 180], [6.168382, 49.065114, 179], [6.167982, 49.064679, 176], [6.167852, 49.064603, 176], [6.167741, 49.064534, 176], [6.167672, 49.064516, 175], [6.167621, 49.064479, 174], [6.167586, 49.064438, 174], [6.167538, 49.064396, 174], [6.167457, 49.064355, 174], [6.167356, 49.064325, 174], [6.167254, 49.064252, 173], [6.167182, 49.064207, 173], [6.166939, 49.064012, 172], [6.166668, 49.063775, 172], [6.166616, 49.063718, 172], [6.166347, 49.063293, 172], [6.166164, 49.062722, 172], [6.166152, 49.062655, 172], [6.166161, 49.062353, 172], [6.16633, 49.062357, 172], [6.166381, 49.062358, 172], [6.166425, 49.062263, 172], [6.166326, 49.062238, 172], [6.16634, 49.062182, 172], [6.166319, 49.062156, 172], [6.166336, 49.062099, 172], [6.166356, 49.062017, 172], [6.166366, 49.061975, 172], [6.166404, 49.061929, 172], [6.166597, 49.06174, 172], [6.166528, 49.061714, 172], [6.16635, 49.061685, 172], [6.166288, 49.061675, 172], [6.166204, 49.061658, 172], [6.166234, 49.061571, 172], [6.166184, 49.061558, 172], [6.166126, 49.061542, 172], [6.165971, 49.061508, 172], [6.165316, 49.061233, 172], [6.165266, 49.061198, 172], [6.165247, 49.061187, 172], [6.165128, 49.061151, 171], [6.164883, 49.061114, 171], [6.164769, 49.061089, 171], [6.164727, 49.061117, 171], [6.164678, 49.061132, 171], [6.164594, 49.061136, 171], [6.164513, 49.061131, 171], [6.164404, 49.061113, 171], [6.164251, 49.061044, 172], [6.164157, 49.060987, 172], [6.164116, 49.061, 172], [6.163997, 49.061095, 172], [6.163944, 49.061146, 172], [6.163832, 49.061202, 172], [6.163791, 49.061246, 172], [6.163696, 49.061273, 171], [6.163576, 49.061288, 171], [6.163459, 49.061295, 172], [6.163313, 49.061294, 172], [6.163205, 49.061276, 172], [6.163172, 49.061271, 172], [6.163157, 49.06125, 172], [6.163094, 49.061264, 172], [6.162924, 49.061338, 171], [6.16264, 49.061399, 171], [6.162596, 49.061417, 171], [6.162581, 49.061435, 171], [6.162535, 49.061584, 171], [6.162451, 49.061676, 171], [6.162317, 49.061738, 171], [6.162052, 49.061772, 171], [6.161969, 49.061764, 171], [6.161885, 49.061756, 171], [6.161809, 49.06175, 171], [6.161781, 49.061826, 171], [6.161748, 49.061849, 171], [6.161662, 49.061875, 171], [6.16167, 49.061908, 171], [6.161691, 49.061994, 171], [6.161701, 49.062037, 171], [6.161441, 49.062069, 171], [6.161188, 49.062101, 171], [6.16016, 49.062256, 171], [6.159393, 49.062404, 171], [6.159115, 49.062459, 171], [6.158866, 49.062508, 171], [6.158486, 49.062603, 171], [6.157995, 49.062848, 170], [6.157223, 49.063131, 170], [6.157053, 49.063235, 170], [6.156503, 49.063539, 169], [6.156331, 49.063604, 169], [6.156058, 49.063766, 169], [6.156013, 49.063805, 169], [6.15603, 49.063854, 169], [6.155992, 49.063945, 169], [6.15598, 49.064036, 169], [6.155989, 49.064177, 169], [6.15605, 49.064298, 169], [6.156276, 49.064505, 169], [6.156624, 49.064767, 169], [6.15674, 49.064892, 169], [6.156855, 49.065419, 169], [6.157002, 49.065799, 169], [6.157096, 49.066076, 169], [6.157164, 49.066444, 169], [6.157148, 49.066835, 169], [6.157253, 49.067439, 169], [6.157358, 49.067847, 169], [6.15765, 49.068643, 170], [6.157562, 49.068679, 169], [6.157205, 49.068831, 169], [6.157159, 49.068853, 170], [6.157433, 49.069061, 168], [6.157465, 49.069159, 169], [6.157502, 49.069224, 169], [6.157616, 49.069324, 168], [6.157638, 49.069397, 169], [6.157638, 49.069481, 169], [6.157575, 49.06966, 169], [6.157531, 49.069725, 169], [6.157485, 49.069865, 169], [6.157467, 49.069954, 169], [6.157476, 49.070126, 169], [6.157472, 49.070279, 169], [6.157459, 49.070364, 169], [6.157414, 49.070476, 169], [6.157352, 49.070566, 169], [6.157183, 49.070776, 169], [6.15698, 49.070982, 169], [6.156816, 49.071132, 169], [6.15669, 49.071289, 169], [6.156583, 49.071456, 168], [6.15645, 49.071608, 168], [6.156178, 49.071836, 169], [6.155919, 49.072025, 169], [6.155825, 49.072107, 169], [6.155746, 49.072267, 169], [6.155688, 49.07235, 168], [6.155605, 49.072443, 168], [6.155534, 49.07254, 169], [6.155371, 49.072835, 168], [6.15531, 49.072922, 169], [6.155041, 49.073189, 169], [6.154892, 49.073283, 169], [6.154929, 49.073468, 169], [6.154977, 49.073627, 169], [6.155066, 49.07376, 169], [6.155351, 49.074149, 170], [6.155391, 49.074241, 169], [6.154632, 49.074569, 170], [6.154572, 49.074619, 170], [6.154503, 49.074662, 170], [6.154409, 49.074701, 170], [6.151648, 49.075985, 174], [6.151276, 49.076155, 174], [6.151239, 49.076168, 174], [6.151197, 49.076187, 175], [6.151139, 49.076216, 175], [6.150913, 49.076313, 176], [6.150549, 49.076346, 177], [6.150484, 49.07636, 177], [6.150564, 49.076499, 177], [6.150604, 49.077573, 182], [6.150593, 49.077629, 182], [6.150568, 49.077674, 182], [6.150507, 49.077707, 182], [6.150583, 49.077772, 183], [6.150763, 49.077833, 183], [6.150781, 49.078151, 183], [6.151177, 49.078138, 183], [6.151211, 49.078137, 182], [6.151264, 49.078136, 182], [6.151286, 49.078772, 184], [6.151287, 49.078798, 184], [6.151273, 49.078856, 184], [6.151283, 49.078923, 184], [6.151309, 49.078954, 184], [6.15104, 49.079115, 185], [6.151065, 49.079135, 185], [6.152001, 49.079934, 185], [6.153417, 49.080984, 184], [6.153544, 49.081271, 184], [6.153744, 49.081477, 184], [6.154596, 49.082193, 183], [6.154525, 49.082278, 184], [6.154457, 49.082342, 184], [6.154365, 49.082394, 183], [6.153849, 49.082699, 183], [6.153165, 49.083062, 184], [6.153102, 49.083116, 185], [6.153058, 49.083173, 185], [6.153106, 49.083205, 185], [6.153567, 49.083521, 184], [6.153875, 49.083722, 185], [6.154025, 49.083811, 185], [6.154223, 49.083917, 184], [6.154541, 49.084068, 185], [6.154906, 49.084215, 185], [6.155079, 49.084277, 185], [6.155429, 49.084386, 184], [6.155587, 49.084429, 184], [6.155904, 49.084503, 184], [6.156242, 49.084567, 184], [6.156437, 49.084598, 184], [6.156805, 49.084643, 184], [6.157214, 49.084669, 184], [6.157447, 49.084674, 183], [6.15752, 49.084676, 183], [6.157504, 49.084772, 183], [6.157499, 49.0848, 183], [6.157495, 49.084819, 183], [6.15749, 49.084847, 183], [6.157581, 49.084858, 183], [6.157752, 49.084879, 183], [6.157789, 49.084906, 183], [6.157978, 49.084924, 183], [6.158702, 49.08497, 182], [6.159006, 49.085009, 183], [6.159634, 49.085134, 183], [6.159839, 49.085186, 183], [6.159858, 49.085149, 183], [6.160003, 49.085186, 184], [6.160061, 49.0852, 184], [6.160144, 49.085221, 184], [6.160438, 49.085298, 184], [6.160624, 49.085355, 184], [6.161348, 49.085611, 186], [6.161256, 49.085731, 185], [6.161199, 49.085769, 184], [6.161525, 49.085917, 184], [6.161789, 49.08601, 184], [6.161851, 49.086046, 185], [6.161857, 49.086073, 185], [6.161848, 49.086135, 184], [6.161772, 49.086273, 184], [6.161796, 49.086361, 185], [6.161977, 49.086462, 186], [6.162015, 49.086484, 186], [6.162071, 49.086515, 186], [6.161875, 49.086615, 186], [6.161242, 49.087123, 185], [6.161353, 49.087278, 185], [6.161319, 49.087288, 185], [6.161342, 49.087325, 185], [6.161632, 49.087284, 186], [6.161883, 49.087279, 186], [6.162152, 49.087297, 186], [6.162802, 49.087348, 186], [6.163011, 49.087364, 186], [6.16314, 49.087374, 186], [6.163387, 49.087393, 186], [6.163815, 49.087427, 186], [6.163889, 49.087433, 186], [6.163992, 49.087441, 186], [6.164791, 49.087501, 186], [6.16488, 49.087504, 186], [6.164932, 49.087493, 187], [6.164979, 49.087471, 187], [6.165036, 49.087519, 187], [6.165113, 49.087577, 186], [6.165392, 49.087788, 186], [6.165404, 49.087809, 186], [6.165488, 49.087969, 186], [6.165561, 49.088132, 186], [6.1656, 49.088235, 186], [6.165642, 49.088403, 186], [6.165657, 49.088518, 186], [6.165662, 49.088685, 187], [6.165647, 49.088901, 187], [6.16565, 49.088964, 187], [6.165675, 49.089031, 187], [6.165703, 49.089102, 187], [6.165746, 49.089168, 187], [6.165787, 49.089234, 187], [6.166079, 49.089695, 187], [6.166242, 49.09002, 186], [6.166304, 49.090161, 186], [6.166348, 49.090257, 186], [6.16636, 49.090279, 186], [6.166496, 49.090516, 186], [6.166506, 49.090534, 186], [6.166646, 49.090775, 186], [6.166771, 49.091007, 186], [6.167035, 49.091498, 186], [6.167283, 49.0919, 186], [6.167328, 49.091888, 186], [6.167375, 49.091879, 186], [6.167912, 49.091813, 186], [6.168107, 49.091797, 186], [6.168259, 49.091793, 186], [6.168746, 49.091785, 186], [6.169269, 49.091779, 186], [6.169714, 49.091797, 186], [6.169759, 49.091799, 186], [6.169771, 49.091941, 186], [6.169796, 49.092141, 185], [6.169851, 49.092596, 185], [6.169874, 49.093, 184], [6.169882, 49.093126, 184], [6.169968, 49.093146, 184], [6.170035, 49.093162, 184], [6.170054, 49.093171, 184], [6.170082, 49.093146, 184], [6.171194, 49.093452, 185], [6.171198, 49.093471, 185], [6.17123, 49.09349, 184], [6.171252, 49.09349, 184], [6.171285, 49.093475, 184], [6.171499, 49.093535, 184], [6.171599, 49.093551, 184], [6.171785, 49.093604, 184], [6.172013, 49.09367, 184], [6.172073, 49.093694, 184], [6.172098, 49.093672, 184], [6.172125, 49.093648, 184], [6.172311, 49.093488, 184], [6.172518, 49.093294, 184], [6.172918, 49.092898, 185], [6.173075, 49.092743, 185], [6.173153, 49.092674, 186], [6.1732, 49.092648, 186], [6.173292, 49.092606, 186], [6.17338, 49.09265, 186], [6.173538, 49.092698, 186], [6.173582, 49.092711, 186], [6.17363, 49.092724, 186], [6.173662, 49.092734, 186], [6.173655, 49.092772, 186], [6.173775, 49.092816, 186], [6.174272, 49.092972, 185], [6.174524, 49.093105, 185], [6.174685, 49.093207, 185], [6.174723, 49.093251, 185], [6.174725, 49.093288, 186], [6.174813, 49.093239, 184], [6.17492, 49.093195, 184], [6.175012, 49.093241, 184], [6.175068, 49.093278, 185], [6.175133, 49.093357, 186], [6.175282, 49.093486, 185], [6.175538, 49.093724, 185], [6.17587, 49.094023, 184], [6.176265, 49.094388, 181], [6.176308, 49.094418, 181], [6.176468, 49.094565, 180], [6.176484, 49.094593, 180], [6.176499, 49.094636, 180], [6.176577, 49.094683, 179], [6.17657, 49.094722, 179], [6.176557, 49.094794, 179], [6.176549, 49.094898, 179], [6.17681, 49.095068, 177], [6.177037, 49.095273, 175], [6.177036, 49.095328, 175], [6.177187, 49.095516, 174], [6.177374, 49.095751, 173], [6.177822, 49.096288, 172], [6.177944, 49.096488, 172], [6.178021, 49.096586, 171], [6.17805, 49.096636, 171], [6.178122, 49.096848, 171], [6.178157, 49.096958, 171], [6.178193, 49.097099, 170], [6.178215, 49.097243, 170], [6.178225, 49.097339, 170], [6.178222, 49.097544, 170], [6.178225, 49.097665, 170], [6.178218, 49.097786, 170], [6.178202, 49.097857, 170], [6.178125, 49.098169, 171], [6.178097, 49.098266, 171], [6.17797, 49.09878, 171], [6.17795, 49.098895, 171], [6.177901, 49.099051, 171], [6.177842, 49.099179, 171], [6.177608, 49.099849, 172], [6.177567, 49.099955, 172], [6.17752, 49.099972, 172], [6.177514, 49.09999, 172], [6.177501, 49.100035, 172], [6.177491, 49.100073, 172], [6.177479, 49.100121, 172], [6.177454, 49.100297, 172], [6.177423, 49.100537, 171], [6.177428, 49.100591, 171], [6.177437, 49.100677, 171], [6.177438, 49.10081, 171], [6.177408, 49.10091, 171], [6.177389, 49.101102, 171], [6.177396, 49.101149, 171], [6.17738, 49.101201, 171], [6.177378, 49.101501, 171], [6.177381, 49.101552, 171], [6.177384, 49.101602, 171], [6.177426, 49.101616, 171], [6.177426, 49.101637, 171], [6.17743, 49.101803, 171], [6.17744, 49.102355, 171], [6.177386, 49.102389, 171], [6.177427, 49.102758, 171], [6.177481, 49.103051, 171], [6.177497, 49.103075, 171], [6.177514, 49.1031, 171], [6.177529, 49.103151, 171], [6.177538, 49.103183, 171], [6.177541, 49.103191, 171], [6.177557, 49.103233, 171], [6.177594, 49.103331, 171], [6.177587, 49.103365, 171], [6.177609, 49.103504, 170], [6.177635, 49.103597, 170], [6.177662, 49.103689, 170], [6.177689, 49.103788, 170], [6.17772, 49.103895, 170], [6.177756, 49.104023, 170], [6.177797, 49.104141, 170], [6.177864, 49.104322, 170], [6.177878, 49.104341, 170], [6.177895, 49.104388, 170], [6.177899, 49.10442, 170], [6.17792, 49.104462, 170], [6.17799, 49.104616, 170], [6.178021, 49.104676, 170], [6.178057, 49.104695, 170], [6.178089, 49.104712, 170], [6.178114, 49.104766, 170], [6.178174, 49.104884, 170], [6.178196, 49.104933, 170], [6.178223, 49.105056, 170], [6.17831, 49.105192, 170], [6.178414, 49.105348, 170], [6.178487, 49.105423, 170], [6.178518, 49.105454, 170], [6.178548, 49.105496, 169], [6.178594, 49.105545, 169], [6.178618, 49.105578, 169], [6.17865, 49.105631, 169], [6.178887, 49.105919, 169], [6.178941, 49.105953, 169], [6.178993, 49.105967, 169], [6.178931, 49.106414, 169], [6.178909, 49.106441, 169], [6.178097, 49.106909, 170], [6.178255, 49.107015, 170], [6.178405, 49.107088, 170], [6.178474, 49.107113, 170], [6.178557, 49.107124, 170], [6.179074, 49.107157, 170], [6.17912, 49.107156, 170], [6.179145, 49.107153, 170], [6.179132, 49.107205, 170], [6.179173, 49.107207, 170], [6.179225, 49.107209, 170], [6.179268, 49.107211, 170], [6.179283, 49.107212, 170], [6.179288, 49.107243, 170], [6.179319, 49.107275, 170], [6.179318, 49.107287, 171], [6.179312, 49.107331, 171], [6.179307, 49.107361, 172], [6.179303, 49.107394, 172], [6.179299, 49.107416, 172], [6.179198, 49.107409, 172], [6.179197, 49.107421, 173], [6.179192, 49.107458, 173], [6.179185, 49.107508, 174], [6.179179, 49.107556, 174], [6.179158, 49.107559, 174], [6.179148, 49.107575, 174], [6.179116, 49.107756, 175], [6.179129, 49.107791, 175], [6.179163, 49.107823, 175], [6.179257, 49.107848, 174], [6.179222, 49.107953, 172], [6.179109, 49.108058, 170], [6.17946, 49.108281, 172], [6.179661, 49.108418, 172], [6.179621, 49.108446, 172], [6.17959, 49.108489, 172], [6.179477, 49.10859, 172], [6.17923, 49.108603, 172], [6.179032, 49.108629, 174], [6.178965, 49.108637, 174], [6.178578, 49.108597, 176], [6.178537, 49.108634, 176], [6.178123, 49.109, 179], [6.177935, 49.109165, 179], [6.177855, 49.109235, 179], [6.177731, 49.109345, 179], [6.177644, 49.109423, 179], [6.177451, 49.10959, 180], [6.177431, 49.109607, 180], [6.177363, 49.109573, 180], [6.177313, 49.10954, 180], [6.177291, 49.109529, 180], [6.177166, 49.109469, 180], [6.177103, 49.109437, 180], [6.177154, 49.109393, 180], [6.176977, 49.109308, 179]]}}, {"type": "Feature", "properties": {"id": "cote-plappeville", "nom": "Le versant de Plappeville", "couleur": "#B8862A"}, "geometry": {"type": "LineString", "coordinates": [[6.176977, 49.109308, 180], [6.177154, 49.109393, 180], [6.177103, 49.109437, 180], [6.177166, 49.109469, 180], [6.177291, 49.109529, 180], [6.177313, 49.10954, 180], [6.177363, 49.109573, 180], [6.177304, 49.10963, 180], [6.177134, 49.109788, 178], [6.177037, 49.109872, 176], [6.177006, 49.1099, 176], [6.17701, 49.109977, 174], [6.176962, 49.110015, 174], [6.17678, 49.110128, 174], [6.176737, 49.110166, 174], [6.176661, 49.110233, 174], [6.176638, 49.110254, 174], [6.176343, 49.110111, 174], [6.176221, 49.110134, 174], [6.176148, 49.110151, 174], [6.176057, 49.110174, 173], [6.175608, 49.110289, 175], [6.17551, 49.110331, 175], [6.175217, 49.11041, 175], [6.175082, 49.110442, 175], [6.175014, 49.11046, 176], [6.174946, 49.110478, 176], [6.174914, 49.110487, 176], [6.17387, 49.110747, 177], [6.173845, 49.110736, 177], [6.173839, 49.110739, 177], [6.173738, 49.110801, 177], [6.172927, 49.111302, 178], [6.172914, 49.111358, 178], [6.172835, 49.111344, 178], [6.172805, 49.111337, 178], [6.172758, 49.111324, 178], [6.172751, 49.11127, 178], [6.172748, 49.111248, 178], [6.172372, 49.111274, 179], [6.172235, 49.111298, 179], [6.172203, 49.11131, 179], [6.17218, 49.111295, 179], [6.17215, 49.111319, 179], [6.172093, 49.111367, 179], [6.172061, 49.111369, 179], [6.172027, 49.11137, 179], [6.171953, 49.111373, 179], [6.171972, 49.111546, 179], [6.171949, 49.11156, 179], [6.171094, 49.111628, 179], [6.171075, 49.111611, 179], [6.171047, 49.111614, 179], [6.171002, 49.111617, 179], [6.171018, 49.111723, 179], [6.171029, 49.111858, 179], [6.171032, 49.111943, 179], [6.170987, 49.111944, 179], [6.170976, 49.111945, 179], [6.170907, 49.111956, 179], [6.170607, 49.112004, 180], [6.170315, 49.112065, 181], [6.170218, 49.1121, 181], [6.170125, 49.112137, 181], [6.170012, 49.112195, 181], [6.169687, 49.112302, 182], [6.169441, 49.112375, 182], [6.169203, 49.112412, 182], [6.168967, 49.112479, 184], [6.168895, 49.112512, 184], [6.168938, 49.112562, 184], [6.168884, 49.112586, 184], [6.168852, 49.112613, 184], [6.16883, 49.112647, 184], [6.168809, 49.112701, 184], [6.168743, 49.112684, 184], [6.16867, 49.112683, 183], [6.16815, 49.112726, 182], [6.166968, 49.112841, 180], [6.166832, 49.112866, 180], [6.166799, 49.112914, 180], [6.166721, 49.112901, 180], [6.166643, 49.112874, 179], [6.166575, 49.11286, 179], [6.166483, 49.112859, 178], [6.166416, 49.112868, 177], [6.16622, 49.112897, 177], [6.166108, 49.112916, 176], [6.165819, 49.112979, 176], [6.16547, 49.113074, 176], [6.165215, 49.113151, 175], [6.164815, 49.11329, 174], [6.164614, 49.113367, 174], [6.164561, 49.113463, 172], [6.164477, 49.113568, 170], [6.164466, 49.113703, 169], [6.164251, 49.113765, 170], [6.163677, 49.114001, 171], [6.163254, 49.114218, 170], [6.163136, 49.114269, 170], [6.163053, 49.114325, 170], [6.162932, 49.114424, 170], [6.162396, 49.114769, 168], [6.162187, 49.11498, 168], [6.161917, 49.115156, 168], [6.161753, 49.115321, 168], [6.16164, 49.115417, 168], [6.161593, 49.115505, 168], [6.161525, 49.115597, 168], [6.161455, 49.115628, 168], [6.161405, 49.115688, 168], [6.161214, 49.116165, 171], [6.160948, 49.117339, 172], [6.160892, 49.117631, 171], [6.16086, 49.117971, 170], [6.160817, 49.11803, 170], [6.160777, 49.118115, 170], [6.160723, 49.118247, 169], [6.160615, 49.118823, 168], [6.160584, 49.119032, 170], [6.160593, 49.119081, 170], [6.160631, 49.11914, 170], [6.16068, 49.119187, 170], [6.160754, 49.119236, 169], [6.160811, 49.119311, 168], [6.160836, 49.119383, 168], [6.160889, 49.119437, 168], [6.16088, 49.119462, 168], [6.160803, 49.119683, 167], [6.160904, 49.1197, 167], [6.161112, 49.119795, 168], [6.161243, 49.120109, 167], [6.161112, 49.119795, 168], [6.160904, 49.1197, 167], [6.160803, 49.119683, 167], [6.16088, 49.119462, 168], [6.160889, 49.119437, 168], [6.160836, 49.119383, 168], [6.160811, 49.119311, 168], [6.160754, 49.119236, 169], [6.16068, 49.119187, 170], [6.160631, 49.11914, 170], [6.160593, 49.119081, 170], [6.160584, 49.119032, 170], [6.160615, 49.118823, 168], [6.160723, 49.118247, 169], [6.160777, 49.118115, 170], [6.160843, 49.118234, 168], [6.160753, 49.118373, 168], [6.160436, 49.118312, 168], [6.160136, 49.118231, 168], [6.16005, 49.118207, 168], [6.159908, 49.118138, 168], [6.159307, 49.117883, 168], [6.159148, 49.117828, 168], [6.158945, 49.117768, 168], [6.158319, 49.117642, 167], [6.157979, 49.117598, 167], [6.157699, 49.117611, 167], [6.157255, 49.117659, 168], [6.156665, 49.117753, 167], [6.156268, 49.117802, 166], [6.156209, 49.117791, 166], [6.156137, 49.117769, 166], [6.156045, 49.117755, 166], [6.155712, 49.117776, 166], [6.155625, 49.117789, 166], [6.155381, 49.117796, 166], [6.15513, 49.117796, 167], [6.155095, 49.117806, 167], [6.154861, 49.1177, 167], [6.154752, 49.117676, 167], [6.154583, 49.117661, 167], [6.154415, 49.117658, 167], [6.154317, 49.117672, 167], [6.15418, 49.117712, 167], [6.15356, 49.117753, 167], [6.152902, 49.117819, 168], [6.152633, 49.117856, 168], [6.152269, 49.117893, 168], [6.1519, 49.117938, 167], [6.151656, 49.117963, 167], [6.151297, 49.117949, 167], [6.151175, 49.117934, 167], [6.151058, 49.117912, 168], [6.151024, 49.117906, 168], [6.150873, 49.117867, 168], [6.150773, 49.117858, 168], [6.15068, 49.117831, 167], [6.150567, 49.117782, 167], [6.150384, 49.117677, 167], [6.150319, 49.117664, 167], [6.150259, 49.117652, 167], [6.150091, 49.117725, 167], [6.150044, 49.117757, 167], [6.149925, 49.117888, 167], [6.14989, 49.117912, 167], [6.149845, 49.117935, 167], [6.149581, 49.118028, 167], [6.149517, 49.118078, 167], [6.149149, 49.118016, 167], [6.149027, 49.117994, 167], [6.148456, 49.117909, 167], [6.148778, 49.117293, 168], [6.148703, 49.117254, 168], [6.148682, 49.117234, 168], [6.148625, 49.11718, 169], [6.148602, 49.117159, 169], [6.148542, 49.117104, 170], [6.148495, 49.117045, 170], [6.148455, 49.116989, 170], [6.14833, 49.117037, 170], [6.148314, 49.11702, 170], [6.14759, 49.11729, 169], [6.144504, 49.118441, 170], [6.144527, 49.118464, 170], [6.144072, 49.118627, 170], [6.144043, 49.118656, 170], [6.143919, 49.118722, 170], [6.143861, 49.118773, 170], [6.143952, 49.118755, 170], [6.144159, 49.118694, 170], [6.144132, 49.118717, 170], [6.144228, 49.118806, 170], [6.14409, 49.118875, 170], [6.144147, 49.118932, 169], [6.144541, 49.119232, 168], [6.144806, 49.119408, 168], [6.145105, 49.119562, 168], [6.145563, 49.119792, 167], [6.146082, 49.119998, 167], [6.146661, 49.120193, 168], [6.146977, 49.120287, 167], [6.146893, 49.120317, 167], [6.146775, 49.120365, 167], [6.146635, 49.120416, 167], [6.146599, 49.120436, 167], [6.146238, 49.120638, 167], [6.146195, 49.120662, 167], [6.146039, 49.120749, 167], [6.145847, 49.120856, 167], [6.145613, 49.120987, 167], [6.144985, 49.121339, 167], [6.144862, 49.121412, 167], [6.144908, 49.121433, 167], [6.144953, 49.121459, 167], [6.145326, 49.12171, 167], [6.145581, 49.121894, 167], [6.145617, 49.121939, 167], [6.145568, 49.121952, 167], [6.145348, 49.122052, 167], [6.144469, 49.122476, 168], [6.144412, 49.122535, 168], [6.144374, 49.122506, 168], [6.144355, 49.122491, 168], [6.144135, 49.122345, 168], [6.144079, 49.122327, 168], [6.144011, 49.122327, 168], [6.14355, 49.122458, 169], [6.142669, 49.122707, 172], [6.142613, 49.122715, 173], [6.14248, 49.122743, 174], [6.142333, 49.122787, 174], [6.141953, 49.122912, 177], [6.141694, 49.12305, 179], [6.141568, 49.123137, 180], [6.141557, 49.123183, 181], [6.141571, 49.123229, 181], [6.141748, 49.123494, 183], [6.141782, 49.123565, 184], [6.141768, 49.123619, 184], [6.141369, 49.123922, 188], [6.141352, 49.124038, 189], [6.141245, 49.124102, 190], [6.141145, 49.124182, 191], [6.141108, 49.124204, 191], [6.141029, 49.124252, 192], [6.140391, 49.124625, 196], [6.140265, 49.124729, 196], [6.140145, 49.124851, 197], [6.140142, 49.124909, 197], [6.140228, 49.12496, 196], [6.13996, 49.12517, 198], [6.139816, 49.125256, 198], [6.139171, 49.125606, 200], [6.139101, 49.125594, 200], [6.138598, 49.125528, 201], [6.138266, 49.12549, 200], [6.138021, 49.125486, 201], [6.137835, 49.125508, 201], [6.137659, 49.125571, 201], [6.137418, 49.125765, 202], [6.137151, 49.126077, 202], [6.137014, 49.126226, 204], [6.136842, 49.126333, 204], [6.135386, 49.126984, 208], [6.134735, 49.127211, 208], [6.134319, 49.127389, 208], [6.13382, 49.127632, 208], [6.133609, 49.1278, 207], [6.133526, 49.127887, 206], [6.133437, 49.128022, 206], [6.133374, 49.128075, 207], [6.133289, 49.12812, 207], [6.133195, 49.128155, 208], [6.133098, 49.128187, 208], [6.132973, 49.128207, 209], [6.132833, 49.128212, 209], [6.132664, 49.128195, 210], [6.132542, 49.128185, 212], [6.132432, 49.12819, 212], [6.132339, 49.128214, 212], [6.131729, 49.128443, 214], [6.130846, 49.128699, 214], [6.130515, 49.128836, 214], [6.130472, 49.128856, 214], [6.130372, 49.128783, 214], [6.130212, 49.129015, 212], [6.129908, 49.128976, 212], [6.129282, 49.12929, 210], [6.12823, 49.12979, 212], [6.128123, 49.129862, 212], [6.127911, 49.130021, 214], [6.127807, 49.130089, 214], [6.127681, 49.130135, 214], [6.126821, 49.130325, 219], [6.126643, 49.130361, 220], [6.126571, 49.130372, 221], [6.126496, 49.130388, 221], [6.125887, 49.130513, 224], [6.125823, 49.130534, 225], [6.125357, 49.130681, 228], [6.125034, 49.130832, 230], [6.124783, 49.130945, 231], [6.124798, 49.130989, 231], [6.124813, 49.131062, 231], [6.124832, 49.131203, 232], [6.12491, 49.131206, 232], [6.124923, 49.131194, 232], [6.124937, 49.131214, 232], [6.125024, 49.131222, 232], [6.125165, 49.13116, 231], [6.125002, 49.131018, 230], [6.125165, 49.13116, 231], [6.125024, 49.131222, 232], [6.124937, 49.131214, 232], [6.124923, 49.131194, 232], [6.12491, 49.131206, 232], [6.124832, 49.131203, 232], [6.124863, 49.131291, 234], [6.124897, 49.13135, 234], [6.125071, 49.131561, 236], [6.125161, 49.131704, 237], [6.125249, 49.131922, 239], [6.125307, 49.132082, 240], [6.125254, 49.132093, 240], [6.124941, 49.13221, 242], [6.124874, 49.132223, 243], [6.12476, 49.132227, 244], [6.124692, 49.132242, 244], [6.123361, 49.132865, 254], [6.123713, 49.133194, 253], [6.123984, 49.133531, 252], [6.124028, 49.133575, 252], [6.124045, 49.133623, 252], [6.124051, 49.133663, 252], [6.124039, 49.133695, 252], [6.123983, 49.133774, 253], [6.123627, 49.134185, 257], [6.12358, 49.134251, 257], [6.123584, 49.13431, 257], [6.123617, 49.134377, 257], [6.123816, 49.134645, 255], [6.123997, 49.135346, 252], [6.123982, 49.135482, 252], [6.123864, 49.135738, 252], [6.123837, 49.135841, 252], [6.123814, 49.136018, 252], [6.123824, 49.136326, 252], [6.123816, 49.136435, 252], [6.123774, 49.136561, 252], [6.123599, 49.136977, 253], [6.123576, 49.137101, 253], [6.123569, 49.137229, 253], [6.123601, 49.137317, 252], [6.1237, 49.137441, 252], [6.123725, 49.137463, 251], [6.12408, 49.137488, 248], [6.124272, 49.137521, 247], [6.124778, 49.137775, 244], [6.124892, 49.137832, 244], [6.124944, 49.137849, 244], [6.124997, 49.137848, 244], [6.125417, 49.137725, 241], [6.125604, 49.137711, 240], [6.125786, 49.137736, 240], [6.125971, 49.13774, 239], [6.127021, 49.137881, 237], [6.127453, 49.137981, 236], [6.128137, 49.138249, 234], [6.128537, 49.138393, 232], [6.129156, 49.138662, 229], [6.130355, 49.138793, 224], [6.131606, 49.139, 219], [6.133201, 49.139153, 215], [6.133737, 49.139278, 214], [6.133949, 49.139355, 212], [6.134162, 49.1394, 211], [6.134386, 49.139427, 211], [6.135133, 49.138708, 215], [6.135412, 49.138453, 215], [6.135517, 49.138393, 215], [6.136054, 49.137811, 210], [6.136793, 49.136909, 195], [6.1368, 49.136786, 194], [6.13678, 49.136752, 193], [6.136871, 49.13672, 192], [6.137186, 49.136411, 188], [6.13732, 49.136314, 187], [6.137477, 49.136252, 186], [6.13762, 49.136225, 186], [6.137752, 49.136217, 186], [6.137816, 49.136134, 186], [6.138025, 49.135956, 186], [6.138479, 49.135189, 198], [6.140082, 49.135613, 196], [6.140107, 49.135589, 197], [6.140123, 49.13557, 197], [6.140629, 49.135153, 203], [6.141458, 49.134576, 212], [6.141802, 49.134326, 214], [6.141944, 49.134206, 215], [6.142101, 49.134039, 214], [6.142158, 49.133958, 215], [6.142184, 49.13392, 215], [6.142442, 49.133541, 214], [6.142603, 49.133289, 212], [6.142703, 49.133097, 212], [6.142745, 49.13291, 212], [6.143013, 49.132813, 210], [6.143295, 49.133227, 210], [6.143259, 49.133366, 210], [6.143284, 49.133433, 210], [6.143396, 49.133552, 210], [6.143517, 49.133645, 209], [6.143828, 49.133802, 207], [6.144008, 49.133865, 205], [6.144488, 49.133782, 195], [6.144614, 49.133745, 193], [6.144848, 49.133713, 190], [6.145213, 49.133609, 185], [6.145279, 49.133679, 184], [6.145368, 49.133798, 185], [6.145492, 49.133919, 184], [6.145954, 49.133597, 179], [6.146048, 49.133549, 178], [6.146382, 49.133465, 175], [6.146535, 49.133417, 173], [6.146884, 49.133208, 168], [6.14699, 49.133152, 168], [6.146983, 49.133125, 168], [6.147224, 49.133052, 167], [6.147267, 49.133037, 167], [6.14731, 49.133022, 167], [6.148033, 49.132762, 167], [6.148357, 49.132661, 167], [6.148529, 49.132611, 167], [6.1489, 49.132558, 167], [6.149005, 49.132547, 167], [6.1495, 49.132499, 167], [6.149838, 49.132469, 167], [6.149904, 49.13246, 167], [6.14995, 49.132444, 167], [6.149997, 49.132427, 167], [6.150069, 49.132387, 167], [6.150636, 49.132103, 167], [6.151297, 49.131764, 167], [6.151437, 49.131684, 167], [6.151553, 49.131607, 167], [6.151764, 49.131414, 167], [6.151773, 49.131407, 167], [6.151916, 49.131274, 167], [6.151992, 49.131171, 167], [6.152039, 49.131108, 167], [6.152094, 49.131031, 167], [6.15217, 49.130924, 167], [6.152257, 49.130801, 167], [6.152378, 49.130688, 167], [6.152473, 49.130615, 167], [6.152593, 49.130539, 167], [6.152897, 49.130393, 167], [6.153477, 49.130116, 167], [6.153936, 49.129881, 166], [6.153997, 49.129861, 166], [6.154055, 49.129857, 166], [6.154792, 49.129796, 166], [6.154918, 49.12977, 167], [6.155019, 49.12975, 167], [6.155391, 49.129628, 166], [6.155451, 49.129603, 166], [6.15555, 49.129563, 166], [6.155633, 49.129509, 166], [6.155686, 49.129475, 166], [6.155982, 49.129197, 166], [6.156246, 49.128931, 166], [6.156486, 49.128706, 166], [6.156519, 49.128681, 166], [6.156837, 49.128436, 166], [6.157109, 49.128233, 166], [6.157144, 49.128209, 166], [6.157207, 49.128165, 166], [6.157279, 49.128112, 166], [6.157598, 49.127877, 166], [6.157925, 49.127637, 166], [6.15802, 49.127561, 166], [6.158047, 49.12754, 166], [6.158159, 49.127452, 166], [6.158172, 49.127442, 166], [6.158246, 49.127383, 166], [6.158254, 49.127377, 166], [6.158717, 49.12702, 166], [6.158912, 49.12687, 166], [6.158964, 49.126873, 166], [6.159074, 49.126881, 166], [6.159102, 49.12686, 166], [6.159203, 49.12689, 166], [6.159281, 49.12689, 168], [6.159252, 49.126838, 168], [6.159458, 49.126781, 172], [6.1595, 49.126859, 171], [6.15962, 49.126833, 171], [6.159596, 49.126768, 172], [6.159633, 49.126744, 172], [6.159672, 49.12671, 171], [6.159826, 49.126745, 170], [6.159859, 49.126744, 170], [6.161869, 49.126495, 172], [6.161953, 49.126476, 172], [6.162072, 49.12645, 172], [6.162177, 49.126395, 172], [6.16224, 49.126388, 172], [6.162368, 49.126368, 172], [6.162474, 49.126338, 171], [6.162552, 49.126309, 170], [6.162612, 49.126321, 171], [6.162667, 49.126323, 171], [6.16279, 49.126293, 170], [6.162875, 49.12625, 170], [6.163701, 49.125743, 169], [6.163769, 49.125688, 170], [6.16385, 49.125613, 171], [6.163931, 49.125505, 170], [6.164251, 49.125033, 168], [6.164293, 49.124974, 168], [6.164306, 49.124928, 168], [6.164335, 49.12489, 168], [6.164363, 49.124856, 167], [6.164394, 49.124838, 167], [6.16501, 49.123952, 167], [6.165156, 49.123756, 167], [6.165164, 49.123736, 167], [6.165175, 49.123699, 167], [6.165196, 49.12367, 168], [6.165283, 49.123569, 167], [6.165307, 49.12353, 166], [6.165348, 49.123503, 166], [6.165416, 49.123454, 164], [6.165426, 49.123445, 164], [6.166222, 49.122802, 166], [6.167221, 49.121965, 168], [6.167256, 49.12191, 168], [6.167262, 49.121843, 168], [6.167241, 49.121783, 169], [6.167299, 49.121778, 169], [6.167342, 49.121775, 169], [6.167368, 49.121773, 169], [6.167507, 49.121629, 170], [6.167533, 49.121601, 170], [6.167572, 49.121572, 170], [6.167618, 49.121539, 170], [6.167725, 49.121489, 170], [6.168392, 49.121078, 169], [6.168424, 49.12105, 168], [6.16842, 49.121013, 169], [6.16839, 49.120976, 169], [6.168471, 49.120948, 169], [6.168587, 49.120908, 169], [6.168632, 49.120892, 169], [6.168652, 49.120917, 168], [6.168677, 49.120902, 169], [6.168915, 49.120757, 169], [6.168968, 49.12079, 169], [6.169231, 49.120623, 169], [6.169246, 49.120614, 169], [6.169269, 49.120597, 169], [6.169299, 49.120573, 169], [6.169964, 49.120026, 169], [6.169988, 49.120006, 169], [6.170017, 49.119982, 169], [6.170079, 49.119931, 169], [6.170149, 49.119905, 169], [6.170246, 49.119849, 169], [6.170295, 49.119816, 169], [6.170921, 49.119416, 168], [6.170992, 49.119384, 170], [6.171022, 49.11939, 170], [6.171074, 49.119352, 171], [6.171135, 49.119319, 171], [6.171084, 49.119277, 171], [6.171096, 49.119269, 172], [6.171124, 49.119251, 172], [6.171332, 49.119117, 171], [6.171456, 49.119037, 172], [6.171409, 49.119001, 172], [6.17111, 49.118882, 172], [6.170806, 49.1187, 172], [6.170593, 49.118556, 172], [6.170119, 49.118169, 176], [6.170554, 49.11792, 177], [6.170551, 49.117905, 177], [6.170668, 49.117847, 179], [6.170652, 49.117833, 179], [6.17116, 49.117558, 182], [6.171652, 49.117334, 183], [6.171786, 49.117264, 183], [6.172157, 49.117061, 182], [6.172408, 49.116928, 181], [6.172578, 49.116834, 181], [6.173142, 49.116602, 179], [6.173094, 49.116577, 179], [6.172832, 49.116305, 179], [6.172772, 49.116227, 179], [6.172845, 49.116196, 179], [6.173154, 49.11604, 178], [6.173875, 49.115703, 177], [6.174051, 49.115605, 177], [6.174009, 49.115554, 177], [6.174025, 49.115538, 177], [6.174092, 49.115499, 177], [6.174016, 49.115423, 177], [6.173988, 49.115435, 177], [6.173953, 49.115423, 177], [6.173879, 49.115377, 177], [6.173044, 49.114564, 178], [6.172934, 49.114506, 178], [6.172634, 49.114205, 179], [6.172508, 49.114041, 179], [6.172423, 49.113904, 179], [6.172454, 49.113887, 179], [6.172491, 49.113869, 179], [6.17252, 49.113854, 179], [6.173281, 49.113463, 176], [6.173317, 49.113442, 176], [6.173358, 49.11342, 176], [6.17344, 49.113371, 176], [6.173665, 49.113255, 176], [6.173863, 49.113175, 176], [6.174147, 49.113043, 176], [6.17439, 49.112864, 175], [6.174913, 49.11248, 175], [6.174987, 49.112426, 175], [6.175036, 49.112391, 175], [6.175197, 49.112286, 175], [6.175228, 49.112264, 175], [6.175256, 49.112244, 175], [6.175351, 49.112176, 175], [6.175429, 49.11212, 174], [6.175816, 49.111844, 174], [6.175987, 49.111752, 174], [6.176036, 49.111755, 174], [6.176076, 49.111745, 174], [6.176183, 49.111744, 174], [6.176184, 49.11169, 174], [6.176185, 49.111629, 174], [6.176399, 49.111613, 174], [6.176402, 49.111577, 174], [6.176374, 49.111508, 174], [6.176378, 49.111463, 174], [6.176382, 49.111412, 174], [6.176386, 49.111367, 174], [6.176535, 49.111259, 174], [6.176552, 49.111247, 174], [6.176585, 49.111262, 174], [6.176622, 49.111236, 174], [6.176673, 49.111262, 174], [6.176728, 49.111216, 174], [6.176873, 49.111095, 174], [6.176901, 49.11109, 174], [6.176932, 49.11093, 174], [6.176942, 49.110776, 174], [6.176942, 49.110588, 174], [6.176943, 49.110546, 174], [6.176946, 49.110488, 174], [6.176944, 49.110406, 174], [6.176638, 49.110254, 174], [6.176661, 49.110233, 174], [6.176737, 49.110166, 174], [6.17678, 49.110128, 174], [6.176962, 49.110015, 174], [6.17701, 49.109977, 174], [6.177006, 49.1099, 176], [6.177037, 49.109872, 176], [6.177134, 49.109788, 178], [6.177304, 49.10963, 180], [6.177363, 49.109573, 180], [6.177313, 49.10954, 180], [6.177291, 49.109529, 180], [6.177166, 49.109469, 180], [6.177103, 49.109437, 180], [6.177154, 49.109393, 180], [6.176977, 49.109308, 179]]}}, {"type": "Feature", "properties": {"id": "mont-saint-quentin", "nom": "Le tour du Mont Saint-Quentin", "couleur": "#8C4A2F"}, "geometry": {"type": "LineString", "coordinates": [[6.111262, 49.110982, 222], [6.111179, 49.111007, 222], [6.111104, 49.111045, 221], [6.111068, 49.111061, 221], [6.111172, 49.111195, 222], [6.111238, 49.111282, 223], [6.111306, 49.111355, 223], [6.111855, 49.111866, 226], [6.112003, 49.112054, 227], [6.112186, 49.112384, 229], [6.112383, 49.112741, 233], [6.112619, 49.113184, 238], [6.112662, 49.113292, 238], [6.112682, 49.113398, 239], [6.112689, 49.113453, 239], [6.112733, 49.113646, 241], [6.112786, 49.113668, 242], [6.112929, 49.113692, 243], [6.113035, 49.113769, 244], [6.113631, 49.114058, 249], [6.113697, 49.114103, 250], [6.113568, 49.114157, 250], [6.113584, 49.114194, 250], [6.113722, 49.114518, 254], [6.113784, 49.114581, 254], [6.113765, 49.114643, 254], [6.113765, 49.114741, 254], [6.113733, 49.114896, 254], [6.113946, 49.114923, 254], [6.113843, 49.11522, 254], [6.113849, 49.115261, 254], [6.113892, 49.115339, 255], [6.114047, 49.115306, 255], [6.114147, 49.115237, 256], [6.114509, 49.115992, 262], [6.114574, 49.116056, 263], [6.114619, 49.116122, 264], [6.114635, 49.116196, 264], [6.114638, 49.116372, 266], [6.114822, 49.116325, 266], [6.115564, 49.116011, 265], [6.11629, 49.115816, 264], [6.116359, 49.115857, 265], [6.116356, 49.115968, 266], [6.116702, 49.115991, 267], [6.116937, 49.116049, 268], [6.117166, 49.116148, 268], [6.117196, 49.116189, 269], [6.117277, 49.116711, 278], [6.117394, 49.117022, 282], [6.117477, 49.117336, 290], [6.117926, 49.117386, 292], [6.117991, 49.117407, 293], [6.118104, 49.117444, 294], [6.118309, 49.11754, 297], [6.118418, 49.117542, 298], [6.118505, 49.117569, 299], [6.118933, 49.117695, 304], [6.119453, 49.117835, 308], [6.119681, 49.117909, 311], [6.119906, 49.117998, 312], [6.120202, 49.118153, 316], [6.120651, 49.118426, 322], [6.12093, 49.118572, 325], [6.121232, 49.118703, 327], [6.122151, 49.119081, 330], [6.122012, 49.119231, 334], [6.121995, 49.119295, 336], [6.122052, 49.119306, 336], [6.122102, 49.119339, 336], [6.122161, 49.119343, 335], [6.122147, 49.119418, 336], [6.122936, 49.119637, 336], [6.123067, 49.119654, 334], [6.123105, 49.11979, 338], [6.123093, 49.119859, 341], [6.123119, 49.119932, 343], [6.12309, 49.119964, 345], [6.123076, 49.120027, 347], [6.122995, 49.120045, 347], [6.122868, 49.120117, 347], [6.123092, 49.120205, 347], [6.123236, 49.120245, 346], [6.123785, 49.120354, 348], [6.124608, 49.120507, 346], [6.125487, 49.120558, 348], [6.125653, 49.120559, 348], [6.125856, 49.120537, 347], [6.126509, 49.120544, 349], [6.126749, 49.120575, 348], [6.126906, 49.12061, 349], [6.127606, 49.120867, 348], [6.126906, 49.12061, 349], [6.126749, 49.120575, 348], [6.126509, 49.120544, 349], [6.126511, 49.120575, 350], [6.12653, 49.120595, 349], [6.126533, 49.121047, 350], [6.126568, 49.121299, 352], [6.126556, 49.121606, 352], [6.12658, 49.121654, 351], [6.126457, 49.122331, 351], [6.126432, 49.12236, 351], [6.12643, 49.122505, 350], [6.126377, 49.122639, 342], [6.126345, 49.122688, 340], [6.126427, 49.1227, 338], [6.126528, 49.122783, 332], [6.126619, 49.122837, 328], [6.123625, 49.123694, 312], [6.122858, 49.12391, 309], [6.122066, 49.124168, 306], [6.121255, 49.124436, 302], [6.121136, 49.124482, 300], [6.121086, 49.124517, 300], [6.121072, 49.124553, 300], [6.121103, 49.124611, 298], [6.120914, 49.12466, 300], [6.120763, 49.124753, 300], [6.120822, 49.124888, 294], [6.12079, 49.124992, 291], [6.120519, 49.12513, 287], [6.120318, 49.125385, 279], [6.120251, 49.125648, 272], [6.120078, 49.125825, 268], [6.119967, 49.126046, 266], [6.119954, 49.126071, 266], [6.120431, 49.126299, 262], [6.120743, 49.126429, 260], [6.120932, 49.126561, 258], [6.121091, 49.126672, 256], [6.121242, 49.126736, 256], [6.121461, 49.126797, 255], [6.121554, 49.126832, 254], [6.122027, 49.1271, 251], [6.122178, 49.127187, 250], [6.122297, 49.127266, 248], [6.12271, 49.127641, 246], [6.122874, 49.127806, 245], [6.123056, 49.12802, 243], [6.123184, 49.128147, 242], [6.123287, 49.128222, 241], [6.123438, 49.128316, 239], [6.123484, 49.128355, 239], [6.123586, 49.128459, 238], [6.123738, 49.128746, 237], [6.123827, 49.128848, 236], [6.12362, 49.128977, 238], [6.123796, 49.129209, 236], [6.123959, 49.129365, 236], [6.124536, 49.129817, 234], [6.124881, 49.130242, 231], [6.124509, 49.130406, 234], [6.124374, 49.13045, 235], [6.124441, 49.130495, 234], [6.124609, 49.130687, 232], [6.124783, 49.130945, 231], [6.124798, 49.130989, 231], [6.124813, 49.131062, 231], [6.124832, 49.131203, 232], [6.12491, 49.131206, 232], [6.124923, 49.131194, 232], [6.124937, 49.131214, 232], [6.125024, 49.131222, 232], [6.125165, 49.13116, 231], [6.125002, 49.131018, 230], [6.125165, 49.13116, 231], [6.125024, 49.131222, 232], [6.124937, 49.131214, 232], [6.124923, 49.131194, 232], [6.12491, 49.131206, 232], [6.124832, 49.131203, 232], [6.124813, 49.131062, 231], [6.124798, 49.130989, 231], [6.124687, 49.130999, 232], [6.124493, 49.131005, 233], [6.124273, 49.13096, 234], [6.124123, 49.131003, 235], [6.123825, 49.130835, 238], [6.123516, 49.13055, 242], [6.123325, 49.130617, 243], [6.123236, 49.130636, 243], [6.123114, 49.130633, 244], [6.123081, 49.130637, 244], [6.12285, 49.13072, 245], [6.122616, 49.130807, 248], [6.12127, 49.131246, 261], [6.12117, 49.131098, 261], [6.121013, 49.130812, 262], [6.120942, 49.130707, 262], [6.120932, 49.130676, 262], [6.120943, 49.130642, 262], [6.120628, 49.130782, 266], [6.120338, 49.130877, 269], [6.119952, 49.130962, 276], [6.11968, 49.130996, 280], [6.119382, 49.131003, 285], [6.119094, 49.13096, 289], [6.118933, 49.13086, 291], [6.118693, 49.130724, 294], [6.118526, 49.130581, 296], [6.118517, 49.130515, 296], [6.118537, 49.130458, 295], [6.118323, 49.130346, 298], [6.118266, 49.130317, 300], [6.118166, 49.130429, 302], [6.118109, 49.130542, 304], [6.118077, 49.130622, 306], [6.118068, 49.130694, 306], [6.118089, 49.130738, 306], [6.118092, 49.130795, 306], [6.118018, 49.130926, 309], [6.117998, 49.131067, 310], [6.117931, 49.131196, 314], [6.117839, 49.131304, 317], [6.117731, 49.131282, 320], [6.117632, 49.131345, 323], [6.117625, 49.131379, 323], [6.117608, 49.131406, 324], [6.117613, 49.131599, 325], [6.117602, 49.131729, 326], [6.117632, 49.13177, 326], [6.117653, 49.131837, 326], [6.117887, 49.132191, 327], [6.117926, 49.132245, 327], [6.118017, 49.132342, 327], [6.118189, 49.132571, 326], [6.118274, 49.132697, 326], [6.118337, 49.132859, 328], [6.118363, 49.132984, 328], [6.118062, 49.132937, 332], [6.118004, 49.132924, 333], [6.117839, 49.132938, 334], [6.117608, 49.132892, 335], [6.117598, 49.132942, 335], [6.117571, 49.133014, 335], [6.117504, 49.133083, 335], [6.117405, 49.133126, 334], [6.117242, 49.133174, 333], [6.117157, 49.133188, 334], [6.117069, 49.133178, 336], [6.117004, 49.133133, 338], [6.116968, 49.133069, 338], [6.116908, 49.133017, 338], [6.11681, 49.132988, 339], [6.116674, 49.132991, 340], [6.116555, 49.133044, 340], [6.116471, 49.13312, 340], [6.116432, 49.133221, 340], [6.116449, 49.133371, 340], [6.116571, 49.133556, 340], [6.116449, 49.133371, 340], [6.116432, 49.133221, 340], [6.116471, 49.13312, 340], [6.116555, 49.133044, 340], [6.116674, 49.132991, 340], [6.11681, 49.132988, 339], [6.116908, 49.133017, 338], [6.116968, 49.133069, 338], [6.117004, 49.133133, 338], [6.117069, 49.133178, 336], [6.117157, 49.133188, 334], [6.117242, 49.133174, 333], [6.117405, 49.133126, 334], [6.117504, 49.133083, 335], [6.117571, 49.133014, 335], [6.117598, 49.132942, 335], [6.117608, 49.132892, 335], [6.117597, 49.132806, 334], [6.117518, 49.132741, 335], [6.11731, 49.132641, 334], [6.117188, 49.13254, 335], [6.11676, 49.131468, 333], [6.11681, 49.131397, 333], [6.116789, 49.131388, 333], [6.116727, 49.131399, 334], [6.11666, 49.131302, 334], [6.116597, 49.131154, 334], [6.116562, 49.13099, 334], [6.11657, 49.130825, 333], [6.116754, 49.129934, 326], [6.116762, 49.129721, 325], [6.116778, 49.12939, 323], [6.116653, 49.128524, 322], [6.1166, 49.128151, 322], [6.116571, 49.127877, 321], [6.116297, 49.127791, 322], [6.116235, 49.127805, 323], [6.116192, 49.127731, 323], [6.116142, 49.12769, 323], [6.11613, 49.127653, 323], [6.116142, 49.127614, 322], [6.11611, 49.127523, 322], [6.116113, 49.127382, 322], [6.116037, 49.127156, 320], [6.116033, 49.127041, 320], [6.115999, 49.126681, 316], [6.116005, 49.126572, 316], [6.115962, 49.1263, 314], [6.115978, 49.126197, 313], [6.11586, 49.126062, 312], [6.115774, 49.125817, 312], [6.115637, 49.125616, 308], [6.115622, 49.125577, 308], [6.115532, 49.125589, 308], [6.115345, 49.125546, 308], [6.115281, 49.125487, 308], [6.115235, 49.125441, 307], [6.115128, 49.125211, 306], [6.115083, 49.125026, 306], [6.115093, 49.124911, 308], [6.115085, 49.124839, 309], [6.114691, 49.12468, 307], [6.114468, 49.124661, 304], [6.114358, 49.124616, 306], [6.114176, 49.124586, 306], [6.113669, 49.124549, 303], [6.113358, 49.124479, 303], [6.113269, 49.124474, 303], [6.11313, 49.124423, 304], [6.112513, 49.124354, 302], [6.112277, 49.124344, 301], [6.112084, 49.124358, 301], [6.111872, 49.124409, 300], [6.111741, 49.124412, 300], [6.111604, 49.124432, 299], [6.111502, 49.124483, 298], [6.111322, 49.124485, 298], [6.111144, 49.124501, 298], [6.110786, 49.124491, 300], [6.110651, 49.124505, 300], [6.110338, 49.12454, 300], [6.109734, 49.124737, 296], [6.109375, 49.124767, 296], [6.108978, 49.124756, 294], [6.108626, 49.124691, 294], [6.107967, 49.124511, 294], [6.107699, 49.124466, 294], [6.107065, 49.12436, 293], [6.106805, 49.124307, 293], [6.106424, 49.124189, 294], [6.105719, 49.124074, 292], [6.104863, 49.123842, 290], [6.104623, 49.123813, 288], [6.104386, 49.123749, 288], [6.10411, 49.123568, 289], [6.103821, 49.123321, 289], [6.103643, 49.12322, 289], [6.103573, 49.123107, 290], [6.103581, 49.123005, 291], [6.103399, 49.12285, 289], [6.103329, 49.12275, 288], [6.103317, 49.122629, 286], [6.103278, 49.122374, 282], [6.103136, 49.122285, 278], [6.103125, 49.122262, 278], [6.103139, 49.122227, 277], [6.102992, 49.122104, 273], [6.102926, 49.12203, 270], [6.102903, 49.121964, 269], [6.102916, 49.121894, 268], [6.102697, 49.121828, 265], [6.102519, 49.121802, 262], [6.102098, 49.121672, 257], [6.101889, 49.121627, 255], [6.101303, 49.121436, 248], [6.101198, 49.121388, 247], [6.101102, 49.121362, 246], [6.100776, 49.121337, 243], [6.10063, 49.121182, 242], [6.100436, 49.121107, 240], [6.100267, 49.121072, 238], [6.100043, 49.121048, 236], [6.099777, 49.120999, 234], [6.099504, 49.120964, 231], [6.099132, 49.120933, 227], [6.099024, 49.120763, 226], [6.09895, 49.120709, 225], [6.0989, 49.120721, 224], [6.0984, 49.120789, 221], [6.098244, 49.120845, 221], [6.098064, 49.120929, 221], [6.097939, 49.121006, 221], [6.097832, 49.121075, 222], [6.097683, 49.12114, 222], [6.097527, 49.121185, 223], [6.097336, 49.121214, 224], [6.096415, 49.121293, 234], [6.096231, 49.121262, 237], [6.096205, 49.121165, 236], [6.096149, 49.121018, 236], [6.096086, 49.120939, 236], [6.09593, 49.120825, 237], [6.09563, 49.120671, 238], [6.095414, 49.120491, 239], [6.095393, 49.120405, 238], [6.095435, 49.120258, 238], [6.095522, 49.120147, 235], [6.095634, 49.120007, 235], [6.095659, 49.119987, 235], [6.095674, 49.119974, 234], [6.095797, 49.119875, 233], [6.09586, 49.11981, 232], [6.096022, 49.119643, 231], [6.096172, 49.119451, 229], [6.096461, 49.119031, 227], [6.096605, 49.118784, 226], [6.09661, 49.118754, 226], [6.096671, 49.118749, 226], [6.09688, 49.118795, 223], [6.096914, 49.118815, 222], [6.096995, 49.118832, 221], [6.097829, 49.118998, 213], [6.097855, 49.119079, 214], [6.098631, 49.119337, 217], [6.098672, 49.119414, 218], [6.098733, 49.119411, 218], [6.098874, 49.119424, 219], [6.09914, 49.119396, 220], [6.099161, 49.119208, 219], [6.099259, 49.119009, 218], [6.099346, 49.118882, 219], [6.0997, 49.118916, 222], [6.099742, 49.118962, 222], [6.100055, 49.119034, 225], [6.100209, 49.11909, 226], [6.100289, 49.119043, 226], [6.100672, 49.118845, 229], [6.100718, 49.118822, 230], [6.10126, 49.118571, 234], [6.101217, 49.118504, 232], [6.10138, 49.118209, 232], [6.101403, 49.11807, 230], [6.101574, 49.117847, 230], [6.101553, 49.117615, 228], [6.101623, 49.117487, 227], [6.10187, 49.117306, 228], [6.102071, 49.117075, 227], [6.102235, 49.116678, 223], [6.102719, 49.116857, 229], [6.103388, 49.117071, 236], [6.10344, 49.117, 236], [6.10408, 49.116254, 237], [6.104141, 49.116193, 237], [6.104212, 49.116146, 237], [6.104434, 49.116026, 238], [6.103967, 49.115621, 234], [6.103731, 49.115233, 232], [6.103525, 49.114929, 230], [6.103854, 49.114682, 230], [6.103892, 49.114654, 231], [6.104399, 49.114273, 230], [6.104429, 49.114108, 228], [6.104661, 49.11383, 228], [6.104802, 49.113763, 229], [6.105104, 49.113699, 230], [6.105141, 49.113726, 230], [6.105207, 49.113735, 230], [6.105348, 49.113725, 230], [6.105462, 49.113736, 231], [6.105574, 49.113756, 232], [6.1057, 49.113504, 230], [6.105958, 49.112981, 228], [6.106145, 49.113014, 228], [6.106751, 49.112886, 228], [6.106778, 49.112879, 228], [6.106974, 49.11255, 225], [6.107202, 49.112394, 224], [6.107706, 49.112311, 224], [6.107946, 49.112276, 224], [6.108292, 49.112195, 223], [6.108266, 49.112141, 222], [6.10807, 49.111743, 220], [6.108139, 49.11174, 220], [6.108292, 49.111694, 221], [6.108644, 49.111528, 221], [6.108863, 49.111454, 221], [6.109293, 49.111312, 221], [6.109553, 49.11125, 220], [6.110151, 49.111179, 221], [6.110829, 49.111064, 221], [6.110904, 49.111044, 221], [6.110963, 49.11102, 221], [6.110998, 49.111003, 221], [6.111068, 49.111061, 221], [6.111104, 49.111045, 221], [6.111179, 49.111007, 222], [6.111262, 49.110982, 222]]}}, {"type": "Feature", "properties": {"id": "cotes-jussy", "nom": "Les cotes de Jussy", "couleur": "#5A6E2F"}, "geometry": {"type": "LineString", "coordinates": [[6.096365, 49.105778, 220], [6.096347, 49.105893, 220], [6.09686, 49.105999, 220], [6.097336, 49.106115, 220], [6.097405, 49.106054, 220], [6.097747, 49.106212, 220], [6.097907, 49.106256, 220], [6.098081, 49.106288, 220], [6.09824, 49.106299, 219], [6.098377, 49.106299, 219], [6.09875, 49.106281, 216], [6.098943, 49.106264, 214], [6.099164, 49.106192, 214], [6.099285, 49.106141, 213], [6.099402, 49.106083, 213], [6.099498, 49.106134, 211], [6.099781, 49.10626, 207], [6.099912, 49.106304, 206], [6.100025, 49.106327, 204], [6.100264, 49.106351, 202], [6.100419, 49.106349, 202], [6.101088, 49.106294, 198], [6.102835, 49.106138, 183], [6.104441, 49.105946, 174], [6.105022, 49.105899, 172], [6.10548, 49.105882, 170], [6.105746, 49.105891, 170], [6.106159, 49.105929, 169], [6.106242, 49.105938, 169], [6.106615, 49.105999, 170], [6.106664, 49.106006, 170], [6.106613, 49.106132, 170], [6.106577, 49.106256, 170], [6.106565, 49.106303, 170], [6.106551, 49.106353, 170], [6.106524, 49.10646, 170], [6.106558, 49.106464, 170], [6.106626, 49.106472, 171], [6.106953, 49.106507, 172], [6.107176, 49.106532, 173], [6.107233, 49.106539, 174], [6.107237, 49.106566, 174], [6.107298, 49.106974, 175], [6.107231, 49.106984, 175], [6.107277, 49.107199, 175], [6.107287, 49.107246, 175], [6.107301, 49.107306, 175], [6.107422, 49.107497, 176], [6.107588, 49.107782, 178], [6.107726, 49.108004, 179], [6.10801, 49.108403, 181], [6.10804, 49.108393, 181], [6.108639, 49.108189, 180], [6.109325, 49.107955, 179], [6.109468, 49.107923, 179], [6.109545, 49.107911, 179], [6.109587, 49.107904, 179], [6.109921, 49.108535, 185], [6.109932, 49.108625, 186], [6.109928, 49.108648, 187], [6.109952, 49.108681, 188], [6.109963, 49.108714, 188], [6.110006, 49.108731, 188], [6.11046, 49.10869, 188], [6.110548, 49.108734, 189], [6.11061, 49.108943, 194], [6.110897, 49.109225, 200], [6.111096, 49.109475, 208], [6.111225, 49.109564, 210], [6.111287, 49.109623, 211], [6.111326, 49.109688, 213], [6.111452, 49.110127, 218], [6.111799, 49.110825, 222], [6.111262, 49.110982, 222], [6.111179, 49.111007, 222], [6.111104, 49.111045, 221], [6.111068, 49.111061, 221], [6.111172, 49.111195, 222], [6.111238, 49.111282, 223], [6.111306, 49.111355, 223], [6.111855, 49.111866, 226], [6.112003, 49.112054, 227], [6.112186, 49.112384, 229], [6.112383, 49.112741, 233], [6.112619, 49.113184, 238], [6.112662, 49.113292, 238], [6.112682, 49.113398, 239], [6.112689, 49.113453, 239], [6.112733, 49.113646, 241], [6.112786, 49.113668, 242], [6.112929, 49.113692, 243], [6.113035, 49.113769, 244], [6.113631, 49.114058, 249], [6.113697, 49.114103, 250], [6.113568, 49.114157, 250], [6.113584, 49.114194, 250], [6.113722, 49.114518, 254], [6.113784, 49.114581, 254], [6.113765, 49.114643, 254], [6.113765, 49.114741, 254], [6.113733, 49.114896, 254], [6.113946, 49.114923, 254], [6.113843, 49.11522, 254], [6.113849, 49.115261, 254], [6.113892, 49.115339, 255], [6.114047, 49.115306, 255], [6.114147, 49.115237, 256], [6.114509, 49.115992, 262], [6.114574, 49.116056, 263], [6.114619, 49.116122, 264], [6.114635, 49.116196, 264], [6.114638, 49.116372, 266], [6.114822, 49.116325, 266], [6.115564, 49.116011, 265], [6.11629, 49.115816, 264], [6.116359, 49.115857, 265], [6.116356, 49.115968, 266], [6.116702, 49.115991, 267], [6.116937, 49.116049, 268], [6.117166, 49.116148, 268], [6.117196, 49.116189, 269], [6.117277, 49.116711, 278], [6.117394, 49.117022, 282], [6.117477, 49.117336, 290], [6.117926, 49.117386, 292], [6.117991, 49.117407, 293], [6.118104, 49.117444, 294], [6.118309, 49.11754, 297], [6.118418, 49.117542, 298], [6.118505, 49.117569, 299], [6.118933, 49.117695, 304], [6.119453, 49.117835, 308], [6.119681, 49.117909, 311], [6.119906, 49.117998, 312], [6.120202, 49.118153, 316], [6.120651, 49.118426, 322], [6.12093, 49.118572, 325], [6.121232, 49.118703, 327], [6.122151, 49.119081, 330], [6.122012, 49.119231, 334], [6.121995, 49.119295, 336], [6.122052, 49.119306, 336], [6.122102, 49.119339, 336], [6.122161, 49.119343, 335], [6.122147, 49.119418, 336], [6.122936, 49.119637, 336], [6.123067, 49.119654, 334], [6.123105, 49.11979, 338], [6.123093, 49.119859, 341], [6.123119, 49.119932, 343], [6.12309, 49.119964, 345], [6.123076, 49.120027, 347], [6.122995, 49.120045, 347], [6.122868, 49.120117, 347], [6.123092, 49.120205, 347], [6.123236, 49.120245, 346], [6.123785, 49.120354, 348], [6.124608, 49.120507, 346], [6.125487, 49.120558, 348], [6.125653, 49.120559, 348], [6.125856, 49.120537, 347], [6.126509, 49.120544, 349], [6.126749, 49.120575, 348], [6.126906, 49.12061, 349], [6.127606, 49.120867, 348], [6.126906, 49.12061, 349], [6.126749, 49.120575, 348], [6.126509, 49.120544, 349], [6.125856, 49.120537, 347], [6.125653, 49.120559, 348], [6.125668, 49.120659, 349], [6.125709, 49.120759, 350], [6.125709, 49.120814, 351], [6.125267, 49.120819, 354], [6.124925, 49.120919, 354], [6.124342, 49.120946, 355], [6.124063, 49.121025, 356], [6.123725, 49.12103, 356], [6.123574, 49.121007, 356], [6.122968, 49.120988, 357], [6.122496, 49.121018, 357], [6.122145, 49.121068, 358], [6.121671, 49.121117, 357], [6.121616, 49.121293, 358], [6.1216, 49.12159, 358], [6.121458, 49.121834, 357], [6.121337, 49.121923, 356], [6.121227, 49.121948, 355], [6.120739, 49.121915, 350], [6.120611, 49.121876, 350], [6.120191, 49.121844, 353], [6.119323, 49.121714, 351], [6.119315, 49.121858, 352], [6.119272, 49.121866, 352], [6.118718, 49.122292, 344], [6.118665, 49.122401, 343], [6.118686, 49.122429, 342], [6.118849, 49.122463, 341], [6.11885, 49.122547, 340], [6.118787, 49.12255, 340], [6.118663, 49.122554, 342], [6.118559, 49.122598, 341], [6.118518, 49.122676, 340], [6.118536, 49.122758, 339], [6.118254, 49.122781, 338], [6.118009, 49.12277, 338], [6.117841, 49.122783, 338], [6.117154, 49.122713, 338], [6.116914, 49.122748, 337], [6.116873, 49.122754, 337], [6.116787, 49.122745, 337], [6.116387, 49.122775, 336], [6.116172, 49.122718, 336], [6.115981, 49.122691, 337], [6.115815, 49.122694, 338], [6.115646, 49.122681, 338], [6.114962, 49.122745, 335], [6.114637, 49.122799, 334], [6.114561, 49.122838, 333], [6.114498, 49.122846, 333], [6.114282, 49.122812, 333], [6.114031, 49.12283, 332], [6.113982, 49.122862, 332], [6.113968, 49.122893, 331], [6.113921, 49.122925, 331], [6.113906, 49.122983, 330], [6.113813, 49.123066, 328], [6.113505, 49.122935, 330], [6.113425, 49.12291, 330], [6.113296, 49.122953, 329], [6.112665, 49.122927, 328], [6.111918, 49.122838, 330], [6.11085, 49.122751, 328], [6.110492, 49.122701, 328], [6.109973, 49.122586, 328], [6.109233, 49.12245, 328], [6.108967, 49.122434, 328], [6.108779, 49.122394, 328], [6.108503, 49.122366, 327], [6.108087, 49.122344, 326], [6.107983, 49.122347, 325], [6.107846, 49.122311, 325], [6.10776, 49.122321, 325], [6.107668, 49.122299, 325], [6.107579, 49.122302, 324], [6.10749, 49.122266, 324], [6.107414, 49.122209, 324], [6.107406, 49.122127, 325], [6.107175, 49.121865, 324], [6.107175, 49.121822, 324], [6.106988, 49.121668, 323], [6.106823, 49.121578, 320], [6.106699, 49.121566, 319], [6.10655, 49.121573, 318], [6.10619, 49.121638, 316], [6.105368, 49.121974, 309], [6.104862, 49.122277, 305], [6.104544, 49.12242, 302], [6.104385, 49.122474, 301], [6.103981, 49.122582, 296], [6.103971, 49.122483, 295], [6.103931, 49.122377, 293], [6.103871, 49.122337, 291], [6.103849, 49.122297, 290], [6.103856, 49.122252, 290], [6.103886, 49.122207, 290], [6.10389, 49.122162, 289], [6.103748, 49.122127, 286], [6.103577, 49.122118, 282], [6.103438, 49.122083, 279], [6.103377, 49.122079, 278], [6.103341, 49.122091, 278], [6.103178, 49.122217, 278], [6.103139, 49.122227, 277], [6.102992, 49.122104, 273], [6.102926, 49.12203, 270], [6.102903, 49.121964, 269], [6.102916, 49.121894, 268], [6.102697, 49.121828, 265], [6.102519, 49.121802, 262], [6.102098, 49.121672, 257], [6.101889, 49.121627, 255], [6.101303, 49.121436, 248], [6.101198, 49.121388, 247], [6.101102, 49.121362, 246], [6.100776, 49.121337, 243], [6.10063, 49.121182, 242], [6.100436, 49.121107, 240], [6.100267, 49.121072, 238], [6.100043, 49.121048, 236], [6.099777, 49.120999, 234], [6.099504, 49.120964, 231], [6.099132, 49.120933, 227], [6.099024, 49.120763, 226], [6.09895, 49.120709, 225], [6.0989, 49.120721, 224], [6.0984, 49.120789, 221], [6.098244, 49.120845, 221], [6.098064, 49.120929, 221], [6.097939, 49.121006, 221], [6.097832, 49.121075, 222], [6.097683, 49.12114, 222], [6.097527, 49.121185, 223], [6.097336, 49.121214, 224], [6.096415, 49.121293, 234], [6.096231, 49.121262, 237], [6.096205, 49.121165, 236], [6.096149, 49.121018, 236], [6.096086, 49.120939, 236], [6.09593, 49.120825, 237], [6.09563, 49.120671, 238], [6.095414, 49.120491, 239], [6.095393, 49.120405, 238], [6.095435, 49.120258, 238], [6.095522, 49.120147, 235], [6.095435, 49.120258, 238], [6.095163, 49.120141, 239], [6.095144, 49.120121, 239], [6.095076, 49.120144, 240], [6.094973, 49.120132, 240], [6.094553, 49.120057, 241], [6.093951, 49.119923, 240], [6.093845, 49.119898, 240], [6.093811, 49.119856, 240], [6.093771, 49.119649, 238], [6.093756, 49.119557, 238], [6.093774, 49.119465, 238], [6.093839, 49.119347, 237], [6.093575, 49.11927, 236], [6.093512, 49.119287, 236], [6.093285, 49.119212, 235], [6.093098, 49.11915, 234], [6.092725, 49.119013, 232], [6.093123, 49.118649, 232], [6.093249, 49.118513, 232], [6.093037, 49.118403, 231], [6.092658, 49.118319, 229], [6.092476, 49.118364, 228], [6.092171, 49.11829, 226], [6.091772, 49.118337, 223], [6.091359, 49.118474, 221], [6.090799, 49.118249, 216], [6.090673, 49.11831, 216], [6.090413, 49.118198, 213], [6.0902, 49.118319, 214], [6.088828, 49.118988, 217], [6.088695, 49.119052, 217], [6.088399, 49.119179, 216], [6.088244, 49.119152, 215], [6.087845, 49.118909, 210], [6.087593, 49.118712, 206], [6.087451, 49.118663, 205], [6.087364, 49.118712, 205], [6.086849, 49.118363, 201], [6.08711, 49.118121, 200], [6.087422, 49.117845, 199], [6.08741, 49.117837, 199], [6.087358, 49.117803, 198], [6.087426, 49.117762, 198], [6.087527, 49.117674, 198], [6.087602, 49.117595, 197], [6.087674, 49.11748, 196], [6.087693, 49.117421, 195], [6.087676, 49.117349, 194], [6.087657, 49.117308, 194], [6.087752, 49.117283, 194], [6.08778, 49.117265, 193], [6.088006, 49.117181, 193], [6.088089, 49.117129, 192], [6.088343, 49.116991, 192], [6.088547, 49.116864, 192], [6.088868, 49.116637, 192], [6.088826, 49.116613, 191], [6.088659, 49.116729, 192], [6.08859, 49.11669, 191], [6.088366, 49.11647, 191], [6.088107, 49.116161, 194], [6.087937, 49.116203, 194], [6.087864, 49.116202, 194], [6.08705, 49.115921, 198], [6.08702, 49.115907, 198], [6.086989, 49.115893, 198], [6.086534, 49.11561, 201], [6.086493, 49.115572, 202], [6.086482, 49.115529, 202], [6.086525, 49.115257, 204], [6.08664, 49.115158, 204], [6.08672, 49.115087, 204], [6.087359, 49.114553, 206], [6.087392, 49.114517, 206], [6.087414, 49.114474, 206], [6.087419, 49.114431, 206], [6.087411, 49.114389, 206], [6.08739, 49.114351, 206], [6.087357, 49.114317, 206], [6.087311, 49.114286, 206], [6.08725, 49.114261, 207], [6.086352, 49.114072, 211], [6.086444, 49.113952, 210], [6.086588, 49.113819, 209], [6.086825, 49.113584, 208], [6.087296, 49.113038, 214], [6.087426, 49.112865, 216], [6.087813, 49.112313, 216], [6.087803, 49.112205, 216], [6.087601, 49.112014, 216], [6.087272, 49.111762, 215], [6.087167, 49.1117, 216], [6.087025, 49.111602, 216], [6.086875, 49.111314, 214], [6.086815, 49.111178, 214], [6.08677, 49.110991, 213], [6.086754, 49.110794, 212], [6.086834, 49.110417, 210], [6.086859, 49.110328, 210], [6.087098, 49.109672, 208], [6.087119, 49.109638, 208], [6.086749, 49.109466, 210], [6.086157, 49.10923, 215], [6.08566, 49.109026, 219], [6.085335, 49.108931, 221], [6.08508, 49.108873, 222], [6.084485, 49.108747, 225], [6.084373, 49.108716, 226], [6.084271, 49.108688, 226], [6.084178, 49.108663, 227], [6.083819, 49.108532, 229], [6.083662, 49.108472, 230], [6.083093, 49.108167, 232], [6.082876, 49.108042, 232], [6.083101, 49.107767, 228], [6.083158, 49.107674, 227], [6.083304, 49.107337, 222], [6.083314, 49.107309, 222], [6.08322, 49.107294, 222], [6.08282, 49.107112, 224], [6.082472, 49.106954, 224], [6.082223, 49.106815, 226], [6.082057, 49.106691, 226], [6.082096, 49.106662, 225], [6.082484, 49.106372, 221], [6.082633, 49.106295, 219], [6.082706, 49.106244, 218], [6.082787, 49.106169, 217], [6.083194, 49.105728, 214], [6.083204, 49.105718, 214], [6.083233, 49.105688, 214], [6.083362, 49.105561, 214], [6.083459, 49.105481, 214], [6.084297, 49.105456, 216], [6.085104, 49.105434, 218], [6.085928, 49.105426, 222], [6.086049, 49.105395, 223], [6.086105, 49.105364, 223], [6.08641, 49.105572, 222], [6.08646, 49.105536, 223], [6.086532, 49.1055, 223], [6.08668, 49.105481, 223], [6.087262, 49.105519, 225], [6.087446, 49.10552, 225], [6.087574, 49.105505, 226], [6.088152, 49.105307, 226], [6.088123, 49.105187, 226], [6.087836, 49.104803, 228], [6.087811, 49.104752, 228], [6.087795, 49.104697, 228], [6.087719, 49.104217, 230], [6.087686, 49.103945, 230], [6.087644, 49.10382, 231], [6.087579, 49.103702, 232], [6.087503, 49.103618, 232], [6.087278, 49.103406, 234], [6.087272, 49.103359, 234], [6.087311, 49.10332, 234], [6.087854, 49.103221, 230], [6.08849, 49.103267, 227], [6.088578, 49.103265, 226], [6.088639, 49.103242, 226], [6.088403, 49.102989, 228], [6.0882, 49.102782, 229], [6.088091, 49.102696, 230], [6.087977, 49.102623, 230], [6.087876, 49.102535, 230], [6.087812, 49.102442, 231], [6.087704, 49.102175, 231], [6.087657, 49.102116, 231], [6.087563, 49.102036, 232], [6.087308, 49.101862, 233], [6.08725, 49.10183, 233], [6.087171, 49.101772, 234], [6.086745, 49.101944, 236], [6.086395, 49.102162, 240], [6.08632, 49.102199, 240], [6.086263, 49.102206, 240], [6.086219, 49.10218, 240], [6.086179, 49.102104, 241], [6.086127, 49.10197, 241], [6.086179, 49.102104, 241], [6.086219, 49.10218, 240], [6.086263, 49.102206, 240], [6.08632, 49.102199, 240], [6.086395, 49.102162, 240], [6.086745, 49.101944, 236], [6.087171, 49.101772, 234], [6.08725, 49.10183, 233], [6.087308, 49.101862, 233], [6.087563, 49.102036, 232], [6.087657, 49.102116, 231], [6.087703, 49.102088, 231], [6.087779, 49.102113, 230], [6.088227, 49.102202, 228], [6.088542, 49.102309, 227], [6.088687, 49.102201, 226], [6.089246, 49.102489, 224], [6.089272, 49.102483, 224], [6.089419, 49.102408, 224], [6.089893, 49.102111, 220], [6.090338, 49.102376, 219], [6.090499, 49.102457, 218], [6.090645, 49.102516, 216], [6.090728, 49.102537, 216], [6.090835, 49.102543, 216], [6.091105, 49.102529, 214], [6.091384, 49.102467, 214], [6.091481, 49.102426, 214], [6.091537, 49.102478, 214], [6.091575, 49.102527, 214], [6.091606, 49.102626, 213], [6.091597, 49.103588, 204], [6.091616, 49.103614, 203], [6.091763, 49.10359, 202], [6.091926, 49.103587, 201], [6.092087, 49.1036, 200], [6.092364, 49.103646, 200], [6.092413, 49.10365, 200], [6.092453, 49.103639, 200], [6.092539, 49.103682, 199], [6.092633, 49.103681, 198], [6.092683, 49.103666, 198], [6.092728, 49.103677, 198], [6.093151, 49.10367, 194], [6.09321, 49.103678, 194], [6.093304, 49.103672, 194], [6.093317, 49.103715, 194], [6.093459, 49.104225, 199], [6.093703, 49.104217, 200], [6.094131, 49.104158, 199], [6.094212, 49.104155, 199], [6.094258, 49.104165, 199], [6.094258, 49.104233, 200], [6.094553, 49.104183, 200], [6.094619, 49.104207, 201], [6.095078, 49.104191, 203], [6.0951, 49.104362, 206], [6.095651, 49.104278, 207], [6.095735, 49.104246, 207], [6.095801, 49.104223, 208], [6.096122, 49.104156, 208], [6.09611, 49.104339, 210], [6.09618, 49.104495, 213], [6.096246, 49.104624, 214], [6.096281, 49.104695, 215], [6.096384, 49.104783, 216], [6.096451, 49.104874, 217], [6.096502, 49.104971, 218], [6.096515, 49.105047, 218], [6.096476, 49.105328, 219], [6.096444, 49.105469, 219], [6.096417, 49.105537, 219], [6.096386, 49.105647, 219], [6.096365, 49.105778, 220]]}}, {"type": "Feature", "properties": {"id": "aqueduc-corniche", "nom": "L'aqueduc et la corniche de la Fraze", "couleur": "#7A4A6B"}, "geometry": {"type": "LineString", "coordinates": [[6.076179, 49.076884, 173], [6.076181, 49.076883, 173], [6.076464, 49.076692, 173], [6.076567, 49.076621, 173], [6.076684, 49.076546, 173], [6.076616, 49.076505, 173], [6.076358, 49.076373, 173], [6.076266, 49.076357, 174], [6.076002, 49.07612, 175], [6.075763, 49.075969, 174], [6.0759, 49.075878, 174], [6.075723, 49.075758, 174], [6.075826, 49.075697, 174], [6.075583, 49.075519, 175], [6.075691, 49.075499, 174], [6.075794, 49.075446, 174], [6.075868, 49.07541, 174], [6.075938, 49.075371, 174], [6.075879, 49.075305, 174], [6.075866, 49.075271, 174], [6.075859, 49.075171, 174], [6.07593, 49.075156, 173], [6.076005, 49.075149, 173], [6.07604, 49.075139, 173], [6.076111, 49.0751, 173], [6.076368, 49.074953, 172], [6.077035, 49.074542, 172], [6.077088, 49.074519, 172], [6.077183, 49.07447, 173], [6.077337, 49.074371, 173], [6.077233, 49.074286, 173], [6.077068, 49.074163, 174], [6.076968, 49.074098, 175], [6.076928, 49.074071, 175], [6.077087, 49.073971, 174], [6.077284, 49.073814, 174], [6.077418, 49.073685, 174], [6.077515, 49.073564, 174], [6.077735, 49.073641, 174], [6.077753, 49.073631, 174], [6.077823, 49.073542, 174], [6.077872, 49.07332, 176], [6.077905, 49.073247, 176], [6.077948, 49.073177, 176], [6.078001, 49.073129, 175], [6.078074, 49.073085, 175], [6.0782, 49.073035, 174], [6.078269, 49.072995, 174], [6.078313, 49.072936, 175], [6.07833, 49.072872, 175], [6.078334, 49.072796, 176], [6.078314, 49.072728, 176], [6.078277, 49.072495, 177], [6.078287, 49.072273, 177], [6.07853, 49.072013, 173], [6.078995, 49.071556, 172], [6.079122, 49.071439, 176], [6.079231, 49.071353, 177], [6.079362, 49.071263, 176], [6.079393, 49.071244, 176], [6.079655, 49.07108, 174], [6.081845, 49.069819, 173], [6.081875, 49.0698, 173], [6.081817, 49.06976, 174], [6.081674, 49.069656, 173], [6.081556, 49.069565, 172], [6.081429, 49.06947, 172], [6.081179, 49.069225, 172], [6.080664, 49.068909, 174], [6.080644, 49.068878, 174], [6.080633, 49.068838, 174], [6.080649, 49.068794, 174], [6.080674, 49.06876, 173], [6.080953, 49.068611, 174], [6.081035, 49.068524, 174], [6.080988, 49.068459, 173], [6.080537, 49.068233, 170], [6.080338, 49.068127, 170], [6.07972, 49.067672, 170], [6.079479, 49.067465, 171], [6.079037, 49.066274, 170], [6.078864, 49.065882, 171], [6.07908, 49.06584, 172], [6.079136, 49.065827, 172], [6.079569, 49.065518, 175], [6.079677, 49.065475, 176], [6.080079, 49.065375, 177], [6.080111, 49.065367, 177], [6.080234, 49.065586, 176], [6.080298, 49.065575, 177], [6.080338, 49.065558, 177], [6.080365, 49.065513, 178], [6.080341, 49.065345, 178], [6.080345, 49.06532, 178], [6.080315, 49.065269, 178], [6.080245, 49.065204, 178], [6.08022, 49.065199, 178], [6.080161, 49.065208, 178], [6.080207, 49.065301, 178], [6.080161, 49.065208, 178], [6.08022, 49.065199, 178], [6.080245, 49.065204, 178], [6.080315, 49.065269, 178], [6.080345, 49.06532, 178], [6.080341, 49.065345, 178], [6.080365, 49.065513, 178], [6.080338, 49.065558, 177], [6.080298, 49.065575, 177], [6.080234, 49.065586, 176], [6.080111, 49.065367, 177], [6.080079, 49.065375, 177], [6.079677, 49.065475, 176], [6.079569, 49.065518, 175], [6.079136, 49.065827, 172], [6.07908, 49.06584, 172], [6.078864, 49.065882, 171], [6.079037, 49.066274, 170], [6.079479, 49.067465, 171], [6.07972, 49.067672, 170], [6.080338, 49.068127, 170], [6.080537, 49.068233, 170], [6.080988, 49.068459, 173], [6.081035, 49.068524, 174], [6.080953, 49.068611, 174], [6.080674, 49.06876, 173], [6.080649, 49.068794, 174], [6.080633, 49.068838, 174], [6.080644, 49.068878, 174], [6.080664, 49.068909, 174], [6.081179, 49.069225, 172], [6.081429, 49.06947, 172], [6.081556, 49.069565, 172], [6.081674, 49.069656, 173], [6.081817, 49.06976, 174], [6.081875, 49.0698, 173], [6.081845, 49.069819, 173], [6.079655, 49.07108, 174], [6.079393, 49.071244, 176], [6.079362, 49.071263, 176], [6.079231, 49.071353, 177], [6.079122, 49.071439, 176], [6.078995, 49.071556, 172], [6.07853, 49.072013, 173], [6.078287, 49.072273, 177], [6.078277, 49.072495, 177], [6.078314, 49.072728, 176], [6.078334, 49.072796, 176], [6.07833, 49.072872, 175], [6.078313, 49.072936, 175], [6.078269, 49.072995, 174], [6.0782, 49.073035, 174], [6.078074, 49.073085, 175], [6.078001, 49.073129, 175], [6.077948, 49.073177, 176], [6.077905, 49.073247, 176], [6.077872, 49.07332, 176], [6.077823, 49.073542, 174], [6.077753, 49.073631, 174], [6.077735, 49.073641, 174], [6.077652, 49.073661, 174], [6.077561, 49.073654, 174], [6.07738, 49.073557, 173], [6.076533, 49.072907, 172], [6.075418, 49.0721, 172], [6.074627, 49.071465, 172], [6.07434, 49.071192, 172], [6.073907, 49.070666, 172], [6.073844, 49.07057, 173], [6.073747, 49.070462, 172], [6.073089, 49.069786, 171], [6.07251, 49.069102, 171], [6.071582, 49.067907, 172], [6.071341, 49.067544, 171], [6.07124, 49.067423, 172], [6.071151, 49.067288, 172], [6.071067, 49.06714, 172], [6.070478, 49.065576, 171], [6.070478, 49.065363, 170], [6.069949, 49.064131, 172], [6.069789, 49.063823, 172], [6.069569, 49.063244, 172], [6.069395, 49.062853, 172], [6.069202, 49.062492, 174], [6.06895, 49.062154, 172], [6.068657, 49.061826, 172], [6.068112, 49.061331, 172], [6.067394, 49.060849, 173], [6.066531, 49.060404, 172], [6.065905, 49.059971, 172], [6.065295, 49.059578, 172], [6.064936, 49.059275, 171], [6.064532, 49.058989, 172], [6.064267, 49.058682, 171], [6.063781, 49.058269, 172], [6.063587, 49.058088, 172], [6.063088, 49.05746, 173], [6.062958, 49.057259, 172], [6.062883, 49.057116, 172], [6.062837, 49.05705, 172], [6.062769, 49.05691, 172], [6.062631, 49.056665, 172], [6.062526, 49.056401, 171], [6.062494, 49.056294, 171], [6.062468, 49.056074, 171], [6.062474, 49.055927, 171], [6.062466, 49.05586, 171], [6.062446, 49.055817, 171], [6.06241, 49.055771, 171], [6.062204, 49.055569, 171], [6.06216, 49.055496, 172], [6.062112, 49.055325, 172], [6.06207, 49.055128, 172], [6.062046, 49.054947, 172], [6.061874, 49.054401, 172], [6.061829, 49.054172, 171], [6.061642, 49.053693, 171], [6.061204, 49.052208, 172], [6.061104, 49.052131, 172], [6.060546, 49.050454, 172], [6.060548, 49.050414, 172], [6.060424, 49.050176, 173], [6.059735, 49.048092, 171], [6.059749, 49.04798, 171], [6.059822, 49.047876, 172], [6.059967, 49.047801, 172], [6.05984, 49.047765, 172], [6.059648, 49.04777, 172], [6.059501, 49.047785, 174], [6.059208, 49.04783, 173], [6.058964, 49.047869, 173], [6.058819, 49.047325, 173], [6.058673, 49.04727, 173], [6.058533, 49.04724, 173], [6.058364, 49.047235, 173], [6.057957, 49.047293, 174], [6.057282, 49.047407, 178], [6.056578, 49.047545, 184], [6.055924, 49.047648, 190], [6.056041, 49.047986, 189], [6.056029, 49.048101, 189], [6.056041, 49.047986, 189], [6.055924, 49.047648, 190], [6.055536, 49.047669, 194], [6.055215, 49.047686, 198], [6.054914, 49.04771, 200], [6.054641, 49.047658, 204], [6.054295, 49.047595, 209], [6.054169, 49.047575, 210], [6.0537, 49.047502, 215], [6.053547, 49.047521, 217], [6.053347, 49.047756, 220], [6.053224, 49.047857, 222], [6.053007, 49.04792, 225], [6.052671, 49.047947, 229], [6.052387, 49.047944, 232], [6.052232, 49.047916, 234], [6.052135, 49.047892, 234], [6.052009, 49.047827, 236], [6.051863, 49.047628, 239], [6.051839, 49.047578, 240], [6.051829, 49.047522, 240], [6.05165, 49.047523, 241], [6.051562, 49.047535, 243], [6.051244, 49.047684, 249], [6.051013, 49.047784, 252], [6.05083, 49.047848, 255], [6.050406, 49.04797, 259], [6.050142, 49.048025, 261], [6.049957, 49.048032, 262], [6.049704, 49.047988, 264], [6.049549, 49.047977, 265], [6.049365, 49.047982, 266], [6.047744, 49.048276, 272], [6.046696, 49.048412, 279], [6.046665, 49.048299, 282], [6.046666, 49.048221, 285], [6.046645, 49.048172, 287], [6.046594, 49.048135, 289], [6.046468, 49.048108, 292], [6.046448, 49.048049, 294], [6.046469, 49.048013, 296], [6.046457, 49.047984, 297], [6.046413, 49.047967, 298], [6.046309, 49.047971, 300], [6.046277, 49.047963, 300], [6.046277, 49.047932, 302], [6.046295, 49.047903, 303], [6.046348, 49.047886, 303], [6.046398, 49.04788, 302], [6.046413, 49.04786, 303], [6.046399, 49.047816, 305], [6.046327, 49.047744, 308], [6.046201, 49.047716, 310], [6.046161, 49.047697, 311], [6.04615, 49.04765, 312], [6.046175, 49.047583, 314], [6.046163, 49.047521, 315], [6.046099, 49.047487, 316], [6.045959, 49.047469, 318], [6.04586, 49.047434, 319], [6.045637, 49.047205, 323], [6.046084, 49.0471, 323], [6.046885, 49.046933, 320], [6.047496, 49.04674, 318], [6.047971, 49.046529, 316], [6.048338, 49.046319, 315], [6.048656, 49.046065, 314], [6.048885, 49.04577, 313], [6.049073, 49.045427, 313], [6.049128, 49.045231, 314], [6.04912, 49.044943, 314], [6.049131, 49.044585, 315], [6.049057, 49.044382, 316], [6.048786, 49.044141, 320], [6.048553, 49.043883, 323], [6.048506, 49.043642, 324], [6.048437, 49.043485, 324], [6.048374, 49.043352, 324], [6.048267, 49.04313, 324], [6.04812, 49.042925, 325], [6.047969, 49.042696, 326], [6.047955, 49.042674, 326], [6.047545, 49.042042, 324], [6.046665, 49.04084, 323], [6.04644, 49.040529, 322], [6.04624, 49.040266, 322], [6.04644, 49.040529, 322], [6.046665, 49.04084, 323], [6.047545, 49.042042, 324], [6.047955, 49.042674, 326], [6.046393, 49.043162, 330], [6.046136, 49.043254, 330], [6.044948, 49.043655, 334], [6.044736, 49.04376, 334], [6.04443, 49.044136, 334], [6.044093, 49.044519, 335], [6.043755, 49.044885, 334], [6.043389, 49.045314, 333], [6.043257, 49.045412, 333], [6.043199, 49.045476, 334], [6.043109, 49.045619, 334], [6.04307, 49.04566, 334], [6.043005, 49.045685, 334], [6.042937, 49.045691, 334], [6.042869, 49.045682, 334], [6.042808, 49.045641, 334], [6.042747, 49.045624, 334], [6.042679, 49.045634, 334], [6.042621, 49.045668, 333], [6.042627, 49.045718, 333], [6.042649, 49.045762, 334], [6.042794, 49.045845, 334], [6.04284, 49.045881, 334], [6.042846, 49.04593, 333], [6.042819, 49.045979, 333], [6.042588, 49.04621, 333], [6.0423, 49.046499, 333], [6.041503, 49.047531, 329], [6.040513, 49.04861, 323], [6.040386, 49.048871, 322], [6.040365, 49.048993, 322], [6.040347, 49.049098, 322], [6.040353, 49.049581, 322], [6.04034, 49.049848, 322], [6.040337, 49.050375, 322], [6.040383, 49.050788, 322], [6.040413, 49.051228, 322], [6.040399, 49.051358, 322], [6.040337, 49.05171, 322], [6.04032, 49.051942, 324], [6.040303, 49.052389, 325], [6.040034, 49.05271, 327], [6.039826, 49.052984, 328], [6.039507, 49.053292, 328], [6.039232, 49.053538, 330], [6.039093, 49.053757, 332], [6.038807, 49.054208, 332], [6.038982, 49.054171, 332], [6.039176, 49.054117, 331], [6.039337, 49.054058, 330], [6.039656, 49.053896, 327], [6.039857, 49.053775, 326], [6.039953, 49.053724, 325], [6.040155, 49.053643, 324], [6.040433, 49.053654, 322], [6.040925, 49.05371, 318], [6.041476, 49.053847, 312], [6.041964, 49.054054, 303], [6.042067, 49.05412, 300], [6.042282, 49.054258, 295], [6.042567, 49.054621, 286], [6.04269, 49.054907, 286], [6.042841, 49.055203, 284], [6.042895, 49.055259, 283], [6.042971, 49.055297, 282], [6.042983, 49.055241, 281], [6.042981, 49.055172, 281], [6.042845, 49.054752, 282], [6.042818, 49.054427, 281], [6.043162, 49.054294, 276], [6.043469, 49.054231, 272], [6.043771, 49.054232, 268], [6.04409, 49.054179, 264], [6.045023, 49.054004, 255], [6.045229, 49.053943, 254], [6.04556, 49.053844, 251], [6.046052, 49.053766, 246], [6.046249, 49.053774, 244], [6.04645, 49.053821, 240], [6.046663, 49.053834, 237], [6.047646, 49.053829, 227], [6.048127, 49.05387, 224], [6.048352, 49.05387, 221], [6.048731, 49.053821, 220], [6.04893, 49.05382, 218], [6.049157, 49.05384, 216], [6.049293, 49.053844, 215], [6.050157, 49.053862, 208], [6.050442, 49.053834, 205], [6.050712, 49.053837, 202], [6.051446, 49.053911, 197], [6.051613, 49.053888, 196], [6.051927, 49.053956, 195], [6.052232, 49.054056, 195], [6.052584, 49.05412, 194], [6.052736, 49.054138, 194], [6.052857, 49.054123, 193], [6.053043, 49.054051, 192], [6.053113, 49.054041, 192], [6.053184, 49.054051, 192], [6.053831, 49.054243, 190], [6.053922, 49.054247, 190], [6.054097, 49.054209, 189], [6.054226, 49.054211, 188], [6.054425, 49.054238, 188], [6.054608, 49.054281, 188], [6.055438, 49.054544, 185], [6.055656, 49.054327, 182], [6.056143, 49.053882, 177], [6.056416, 49.053635, 175], [6.057232, 49.053912, 173], [6.058083, 49.054115, 173], [6.058121, 49.054164, 173], [6.058326, 49.054421, 173], [6.058427, 49.054656, 172], [6.05854, 49.054881, 172], [6.058724, 49.055193, 172], [6.058366, 49.055491, 172], [6.05822, 49.055602, 172], [6.058201, 49.055665, 172], [6.058325, 49.056061, 172], [6.058294, 49.056304, 172], [6.058416, 49.056445, 173], [6.058247, 49.056537, 173], [6.058283, 49.056566, 173], [6.058344, 49.056621, 173], [6.058283, 49.056566, 173], [6.058247, 49.056537, 173], [6.057528, 49.056924, 177], [6.057731, 49.057246, 177], [6.057821, 49.057388, 176], [6.058017, 49.057796, 176], [6.058053, 49.057853, 176], [6.058096, 49.057917, 176], [6.058081, 49.057932, 176], [6.058077, 49.05795, 176], [6.058085, 49.057968, 176], [6.058129, 49.057989, 176], [6.058106, 49.058056, 176], [6.058111, 49.058098, 176], [6.058025, 49.058271, 177], [6.057892, 49.058577, 179], [6.057868, 49.058665, 180], [6.057932, 49.058927, 181], [6.058051, 49.059103, 181], [6.058098, 49.059151, 180], [6.058284, 49.059339, 179], [6.058462, 49.059542, 178], [6.058561, 49.059707, 178], [6.058609, 49.059862, 177], [6.058687, 49.060147, 177], [6.058739, 49.060402, 178], [6.05876, 49.060622, 179], [6.058755, 49.060726, 180], [6.058754, 49.060772, 180], [6.058705, 49.060937, 180], [6.058707, 49.061117, 181], [6.05873, 49.06122, 182], [6.058747, 49.061297, 182], [6.058814, 49.061445, 183], [6.058822, 49.061536, 184], [6.058907, 49.061742, 186], [6.059043, 49.061994, 188], [6.059054, 49.062035, 189], [6.059409, 49.062195, 190], [6.059703, 49.062354, 189], [6.060037, 49.062667, 190], [6.060407, 49.062882, 187], [6.060836, 49.063153, 187], [6.061237, 49.063354, 187], [6.061679, 49.063515, 185], [6.061739, 49.063531, 185], [6.061805, 49.063547, 184], [6.061999, 49.063642, 184], [6.062313, 49.063868, 184], [6.06262, 49.064091, 184], [6.062749, 49.064145, 184], [6.062831, 49.064155, 184], [6.062903, 49.06413, 183], [6.062962, 49.06409, 182], [6.063035, 49.064022, 180], [6.063132, 49.064051, 180], [6.063371, 49.064163, 181], [6.063606, 49.064317, 182], [6.064373, 49.064737, 183], [6.064485, 49.064818, 184], [6.064635, 49.064896, 184], [6.064691, 49.064956, 184], [6.064682, 49.064985, 185], [6.064616, 49.065058, 186], [6.064618, 49.06508, 187], [6.064762, 49.065169, 188], [6.065149, 49.065427, 188], [6.065515, 49.065629, 188], [6.06602, 49.065949, 190], [6.06617, 49.066042, 190], [6.066365, 49.066146, 190], [6.066693, 49.066359, 190], [6.066875, 49.066292, 186], [6.067473, 49.066755, 186], [6.067622, 49.06696, 186], [6.068065, 49.067385, 187], [6.068271, 49.067572, 186], [6.068391, 49.067698, 186], [6.068497, 49.067787, 186], [6.068695, 49.067922, 186], [6.069, 49.068153, 188], [6.069029, 49.068189, 188], [6.069149, 49.068366, 188], [6.069197, 49.068413, 188], [6.06936, 49.068541, 188], [6.069569, 49.068775, 187], [6.069659, 49.068884, 186], [6.069685, 49.068904, 186], [6.069639, 49.068936, 188], [6.069637, 49.06895, 188], [6.069861, 49.069056, 188], [6.070062, 49.069259, 188], [6.070232, 49.069391, 188], [6.070458, 49.069547, 187], [6.070766, 49.069745, 186], [6.071108, 49.069968, 185], [6.071251, 49.070086, 184], [6.071438, 49.070405, 186], [6.071521, 49.070508, 186], [6.071596, 49.070567, 186], [6.071784, 49.070673, 185], [6.071896, 49.070718, 184], [6.072042, 49.070831, 184], [6.072164, 49.07104, 183], [6.072208, 49.071196, 184], [6.072245, 49.071369, 184], [6.072284, 49.071449, 184], [6.072389, 49.071637, 183], [6.072652, 49.071985, 182], [6.072684, 49.072247, 181], [6.072795, 49.072616, 181], [6.072874, 49.072823, 180], [6.072089, 49.073012, 188], [6.071836, 49.073087, 193], [6.071897, 49.07329, 194], [6.071942, 49.07334, 194], [6.072086, 49.073425, 194], [6.072132, 49.073471, 195], [6.072263, 49.073549, 195], [6.072432, 49.073622, 193], [6.072539, 49.073682, 192], [6.072657, 49.073764, 192], [6.072774, 49.07386, 192], [6.072868, 49.073958, 191], [6.072862, 49.074012, 190], [6.072695, 49.074611, 182], [6.072667, 49.074673, 182], [6.072659, 49.074669, 182], [6.072649, 49.074769, 182], [6.072659, 49.074805, 182], [6.072733, 49.074919, 182], [6.072819, 49.074989, 182], [6.073108, 49.075164, 180], [6.073247, 49.075264, 180], [6.073357, 49.075376, 179], [6.073396, 49.075428, 179], [6.073522, 49.075395, 179], [6.073671, 49.075371, 179], [6.073692, 49.075418, 178], [6.07374, 49.075465, 178], [6.075041, 49.076424, 176], [6.075154, 49.076354, 176], [6.07523, 49.076311, 175], [6.075666, 49.076596, 174], [6.076181, 49.076883, 173], [6.076179, 49.076884, 173]]}}, {"type": "Feature", "properties": {"id": "canner", "nom": "La vallee de la Canner", "couleur": "#2F5F6B"}, "geometry": {"type": "LineString", "coordinates": [[6.340459, 49.309552, 186], [6.340234, 49.309457, 187], [6.340182, 49.309451, 186], [6.339963, 49.309459, 186], [6.339829, 49.309458, 185], [6.339616, 49.309409, 184], [6.339527, 49.309407, 183], [6.339457, 49.309325, 183], [6.339415, 49.309249, 183], [6.339454, 49.309022, 183], [6.339517, 49.309004, 183], [6.339582, 49.308973, 183], [6.339646, 49.308904, 184], [6.339668, 49.308806, 184], [6.339675, 49.308701, 184], [6.339634, 49.308249, 184], [6.339566, 49.30809, 184], [6.3395, 49.308028, 183], [6.339607, 49.307693, 183], [6.339698, 49.307291, 184], [6.339702, 49.307015, 184], [6.340011, 49.307019, 185], [6.340245, 49.30698, 187], [6.340418, 49.306983, 188], [6.34114, 49.30708, 197], [6.341339, 49.307093, 201], [6.341535, 49.307035, 202], [6.342062, 49.306749, 207], [6.341852, 49.306678, 205], [6.341746, 49.306333, 206], [6.341705, 49.305994, 209], [6.341551, 49.30558, 210], [6.341299, 49.305326, 210], [6.340827, 49.304695, 208], [6.340453, 49.30408, 208], [6.340096, 49.303391, 209], [6.339819, 49.302983, 213], [6.339705, 49.302871, 214], [6.339453, 49.30242, 220], [6.339193, 49.302007, 219], [6.339081, 49.301701, 220], [6.339072, 49.301564, 221], [6.33916, 49.301151, 225], [6.339227, 49.300893, 222], [6.339455, 49.300559, 217], [6.339516, 49.300498, 217], [6.33961, 49.300454, 217], [6.340077, 49.300075, 216], [6.340155, 49.299963, 215], [6.340231, 49.299828, 214], [6.340328, 49.299732, 214], [6.340679, 49.299266, 209], [6.340941, 49.29895, 206], [6.341028, 49.298885, 205], [6.341122, 49.298837, 205], [6.341275, 49.29879, 204], [6.341689, 49.298691, 203], [6.34192, 49.298646, 204], [6.342128, 49.298618, 204], [6.342386, 49.2986, 205], [6.342619, 49.298574, 204], [6.342873, 49.298509, 204], [6.343061, 49.298462, 204], [6.343404, 49.298402, 203], [6.344033, 49.298302, 202], [6.344957, 49.298181, 203], [6.3457, 49.298194, 202], [6.3457, 49.298125, 202], [6.34572, 49.2981, 202], [6.345782, 49.298077, 201], [6.345762, 49.298049, 201], [6.345703, 49.297935, 200], [6.345638, 49.29788, 199], [6.345501, 49.297817, 198], [6.345376, 49.297739, 198], [6.345392, 49.297725, 198], [6.345672, 49.297234, 199], [6.345803, 49.297267, 200], [6.345838, 49.297234, 200], [6.345975, 49.296979, 200], [6.346129, 49.296755, 200], [6.346507, 49.296893, 200], [6.346832, 49.29629, 200], [6.34675, 49.296128, 199], [6.346723, 49.295734, 198], [6.346727, 49.295521, 197], [6.346638, 49.295517, 197], [6.3461, 49.29553, 197], [6.345908, 49.295553, 197], [6.344957, 49.295785, 197], [6.344752, 49.296001, 198], [6.344957, 49.295785, 197], [6.345908, 49.295553, 197], [6.3461, 49.29553, 197], [6.346638, 49.295517, 197], [6.346727, 49.295521, 197], [6.346723, 49.295734, 198], [6.34675, 49.296128, 199], [6.346832, 49.29629, 200], [6.346507, 49.296893, 200], [6.346129, 49.296755, 200], [6.345975, 49.296979, 200], [6.345838, 49.297234, 200], [6.345803, 49.297267, 200], [6.345672, 49.297234, 199], [6.345392, 49.297725, 198], [6.345376, 49.297739, 198], [6.345501, 49.297817, 198], [6.345638, 49.29788, 199], [6.345703, 49.297935, 200], [6.345762, 49.298049, 201], [6.345782, 49.298077, 201], [6.34572, 49.2981, 202], [6.3457, 49.298125, 202], [6.3457, 49.298194, 202], [6.344957, 49.298181, 203], [6.344033, 49.298302, 202], [6.343404, 49.298402, 203], [6.343061, 49.298462, 204], [6.342873, 49.298509, 204], [6.342619, 49.298574, 204], [6.342386, 49.2986, 205], [6.342128, 49.298618, 204], [6.34192, 49.298646, 204], [6.341689, 49.298691, 203], [6.341275, 49.29879, 204], [6.341122, 49.298837, 205], [6.341028, 49.298885, 205], [6.340941, 49.29895, 206], [6.340679, 49.299266, 209], [6.340328, 49.299732, 214], [6.340231, 49.299828, 214], [6.340155, 49.299963, 215], [6.340077, 49.300075, 216], [6.33961, 49.300454, 217], [6.339516, 49.300498, 217], [6.339455, 49.300559, 217], [6.339227, 49.300893, 222], [6.33916, 49.301151, 225], [6.339546, 49.301117, 230], [6.339865, 49.301058, 233], [6.339978, 49.30106, 234], [6.340471, 49.301123, 242], [6.340599, 49.301126, 243], [6.341024, 49.301075, 247], [6.34115, 49.301047, 248], [6.341316, 49.300974, 249], [6.341472, 49.300948, 250], [6.341769, 49.300956, 252], [6.342555, 49.301072, 254], [6.34292, 49.30107, 256], [6.343116, 49.301096, 256], [6.343296, 49.30117, 257], [6.343534, 49.301313, 257], [6.343703, 49.301388, 257], [6.343913, 49.301422, 258], [6.344187, 49.301408, 259], [6.344558, 49.301415, 260], [6.344904, 49.301457, 260], [6.345366, 49.301466, 262], [6.345854, 49.301466, 262], [6.345971, 49.301473, 263], [6.346066, 49.30149, 263], [6.346183, 49.301498, 263], [6.346348, 49.301479, 264], [6.346428, 49.301486, 264], [6.346542, 49.301521, 264], [6.346793, 49.301555, 264], [6.346883, 49.301589, 264], [6.346937, 49.301638, 264], [6.347158, 49.301892, 264], [6.347318, 49.302196, 262], [6.347965, 49.303249, 252], [6.348502, 49.303321, 254], [6.348833, 49.303341, 255], [6.349085, 49.303378, 255], [6.349564, 49.30341, 256], [6.349969, 49.303452, 256], [6.350232, 49.303471, 257], [6.350539, 49.303476, 258], [6.350678, 49.303496, 259], [6.350859, 49.30354, 260], [6.351146, 49.303568, 260], [6.351478, 49.303555, 262], [6.351612, 49.303567, 262], [6.351715, 49.303556, 263], [6.351794, 49.30351, 264], [6.352496, 49.303032, 270], [6.352581, 49.302943, 271], [6.352624, 49.302803, 272], [6.352646, 49.302609, 272], [6.352681, 49.302523, 272], [6.352828, 49.302406, 273], [6.353051, 49.302478, 274], [6.353265, 49.302509, 274], [6.353523, 49.302506, 275], [6.353735, 49.30248, 275], [6.353987, 49.30248, 276], [6.35421, 49.302462, 276], [6.354387, 49.302396, 276], [6.354547, 49.302296, 275], [6.354684, 49.302266, 275], [6.354794, 49.302275, 276], [6.355366, 49.30241, 280], [6.356125, 49.302574, 286], [6.358901, 49.303125, 300], [6.363141, 49.304021, 310], [6.363375, 49.304031, 309], [6.364378, 49.303832, 311], [6.365885, 49.303564, 312], [6.366703, 49.303484, 313], [6.366719, 49.303374, 312], [6.36687, 49.303272, 312], [6.367556, 49.302959, 308], [6.368251, 49.30276, 305], [6.369785, 49.302487, 302], [6.370308, 49.302405, 303], [6.371102, 49.302319, 305], [6.37214, 49.302258, 305], [6.372384, 49.30221, 305], [6.372644, 49.302119, 304], [6.373025, 49.301925, 300], [6.373649, 49.301543, 300], [6.374092, 49.301257, 300], [6.37411, 49.300794, 296], [6.374101, 49.300681, 296], [6.374042, 49.300547, 296], [6.373704, 49.300163, 296], [6.37302, 49.299978, 293], [6.372982, 49.299884, 294], [6.372712, 49.299513, 294], [6.372757, 49.299285, 295], [6.372825, 49.299115, 296], [6.372962, 49.298948, 297], [6.373135, 49.298828, 298], [6.37334, 49.298758, 299], [6.373658, 49.298705, 299], [6.374643, 49.29862, 296], [6.374912, 49.298565, 296], [6.375218, 49.298464, 295], [6.375435, 49.29841, 294], [6.377871, 49.298014, 291], [6.378154, 49.297939, 292], [6.378423, 49.297807, 291], [6.378607, 49.297656, 290], [6.379041, 49.297231, 288], [6.379172, 49.297093, 289], [6.379308, 49.296768, 291], [6.379327, 49.296546, 293], [6.379116, 49.296084, 295], [6.378904, 49.295776, 298], [6.378907, 49.295303, 301], [6.378866, 49.294933, 302], [6.37572, 49.291904, 323], [6.375109, 49.291233, 328], [6.375042, 49.291089, 328], [6.375158, 49.290916, 327], [6.3756, 49.290675, 325], [6.376688, 49.290126, 321], [6.376962, 49.289852, 320], [6.377144, 49.289475, 321], [6.377229, 49.28912, 322], [6.377188, 49.288866, 322], [6.376957, 49.288587, 322], [6.376466, 49.288269, 323], [6.375659, 49.287821, 325], [6.374222, 49.287352, 326], [6.374043, 49.287269, 326], [6.373908, 49.287155, 326], [6.373813, 49.287026, 326], [6.373778, 49.28689, 326], [6.373803, 49.286749, 326], [6.373894, 49.28662, 324], [6.374029, 49.286505, 324], [6.373188, 49.286299, 321], [6.371643, 49.2856, 314], [6.373188, 49.286299, 321], [6.374029, 49.286505, 324], [6.373894, 49.28662, 324], [6.373803, 49.286749, 326], [6.373778, 49.28689, 326], [6.373813, 49.287026, 326], [6.373908, 49.287155, 326], [6.374043, 49.287269, 326], [6.374222, 49.287352, 326], [6.375659, 49.287821, 325], [6.376466, 49.288269, 323], [6.376957, 49.288587, 322], [6.377188, 49.288866, 322], [6.377229, 49.28912, 322], [6.377144, 49.289475, 321], [6.376962, 49.289852, 320], [6.376688, 49.290126, 321], [6.3756, 49.290675, 325], [6.375158, 49.290916, 327], [6.375042, 49.291089, 328], [6.375109, 49.291233, 328], [6.37572, 49.291904, 323], [6.378866, 49.294933, 302], [6.378907, 49.295303, 301], [6.378904, 49.295776, 298], [6.379116, 49.296084, 295], [6.379327, 49.296546, 293], [6.379308, 49.296768, 291], [6.379172, 49.297093, 289], [6.379041, 49.297231, 288], [6.378607, 49.297656, 290], [6.378423, 49.297807, 291], [6.378154, 49.297939, 292], [6.377871, 49.298014, 291], [6.375435, 49.29841, 294], [6.375218, 49.298464, 295], [6.374912, 49.298565, 296], [6.374643, 49.29862, 296], [6.373658, 49.298705, 299], [6.37334, 49.298758, 299], [6.373135, 49.298828, 298], [6.372962, 49.298948, 297], [6.372825, 49.299115, 296], [6.372757, 49.299285, 295], [6.372712, 49.299513, 294], [6.372982, 49.299884, 294], [6.37302, 49.299978, 293], [6.373704, 49.300163, 296], [6.374042, 49.300547, 296], [6.374101, 49.300681, 296], [6.37411, 49.300794, 296], [6.374092, 49.301257, 300], [6.373649, 49.301543, 300], [6.374232, 49.302226, 330], [6.374313, 49.302419, 334], [6.37434, 49.302688, 336], [6.374211, 49.302877, 336], [6.373985, 49.303447, 336], [6.373988, 49.30351, 336], [6.374508, 49.303839, 337], [6.375683, 49.30461, 338], [6.375297, 49.304806, 338], [6.375176, 49.304939, 338], [6.374887, 49.305105, 335], [6.37482, 49.305152, 334], [6.374787, 49.305216, 332], [6.374735, 49.305244, 332], [6.374558, 49.305247, 328], [6.374484, 49.305271, 327], [6.37415, 49.305418, 318], [6.373984, 49.305516, 314], [6.374228, 49.305724, 315], [6.37434, 49.305864, 316], [6.374396, 49.30602, 316], [6.374403, 49.306199, 316], [6.37437, 49.306335, 316], [6.374294, 49.306464, 315], [6.374157, 49.306576, 315], [6.373971, 49.306683, 315], [6.373791, 49.30675, 315], [6.371491, 49.307314, 312], [6.371102, 49.307441, 311], [6.370759, 49.307614, 309], [6.370473, 49.307874, 306], [6.370292, 49.308084, 304], [6.370158, 49.308299, 302], [6.368305, 49.308753, 293], [6.367303, 49.30902, 288], [6.365177, 49.309537, 279], [6.360967, 49.310576, 264], [6.360619, 49.310649, 264], [6.360266, 49.310687, 263], [6.358843, 49.310788, 259], [6.358472, 49.310802, 258], [6.357934, 49.310852, 258], [6.353784, 49.311151, 246], [6.352307, 49.311131, 240], [6.348819, 49.311101, 230], [6.347278, 49.311091, 224], [6.347051, 49.310416, 220], [6.346996, 49.310331, 219], [6.346841, 49.310335, 217], [6.346271, 49.31041, 214], [6.345418, 49.31057, 211], [6.344428, 49.310673, 207], [6.344381, 49.310633, 206], [6.344002, 49.310503, 200], [6.34339, 49.310398, 196], [6.343305, 49.310399, 196], [6.342593, 49.310332, 194], [6.341772, 49.310174, 192], [6.341672, 49.310145, 191], [6.341547, 49.310089, 190], [6.341384, 49.310041, 190], [6.3411, 49.309986, 189], [6.340754, 49.309938, 188], [6.340519, 49.309914, 189], [6.340099, 49.309898, 188], [6.340025, 49.30989, 188], [6.33984, 49.309832, 187], [6.339747, 49.309778, 185], [6.339657, 49.30967, 184], [6.339645, 49.30958, 184], [6.339615, 49.309509, 184], [6.339527, 49.309407, 183], [6.339616, 49.309409, 184], [6.339829, 49.309458, 185], [6.339963, 49.309459, 186], [6.340182, 49.309451, 186], [6.340234, 49.309457, 187], [6.340459, 49.309552, 186]]}}, {"type": "Feature", "properties": {"id": "montenach", "nom": "Les pelouses de Montenach", "couleur": "#A0522D"}, "geometry": {"type": "LineString", "coordinates": [[6.359693, 49.440255, 154], [6.359734, 49.440361, 154], [6.359832, 49.440678, 154], [6.359887, 49.440857, 155], [6.359684, 49.44088, 163], [6.359825, 49.441377, 161], [6.359881, 49.441548, 159], [6.35991, 49.441602, 158], [6.360217, 49.441908, 154], [6.360291, 49.44222, 150], [6.36025, 49.442349, 149], [6.360245, 49.442368, 149], [6.360148, 49.442525, 148], [6.35993, 49.442709, 148], [6.359952, 49.442724, 148], [6.359905, 49.442754, 148], [6.359721, 49.442874, 148], [6.360243, 49.443195, 148], [6.36048, 49.443368, 148], [6.360882, 49.443675, 148], [6.361108, 49.443897, 148], [6.361363, 49.44412, 147], [6.361545, 49.444262, 147], [6.361643, 49.444319, 147], [6.361738, 49.444362, 147], [6.3618, 49.444337, 147], [6.3619, 49.444278, 147], [6.361918, 49.444255, 147], [6.361954, 49.444186, 147], [6.361986, 49.444158, 147], [6.362087, 49.44411, 147], [6.362479, 49.444457, 147], [6.362545, 49.444508, 147], [6.362899, 49.444786, 147], [6.363694, 49.444381, 150], [6.363716, 49.444375, 150], [6.364017, 49.444614, 151], [6.364458, 49.444935, 150], [6.36491, 49.445292, 151], [6.365428, 49.445002, 155], [6.365493, 49.445039, 154], [6.365532, 49.445016, 155], [6.365547, 49.445007, 155], [6.366231, 49.444645, 162], [6.367335, 49.444009, 176], [6.367876, 49.443756, 183], [6.369118, 49.443292, 199], [6.369805, 49.443049, 208], [6.370493, 49.442824, 216], [6.370571, 49.442794, 217], [6.370807, 49.44266, 219], [6.371063, 49.442515, 222], [6.3712, 49.442457, 223], [6.371244, 49.442451, 223], [6.371365, 49.442475, 224], [6.371383, 49.442453, 224], [6.37147, 49.442391, 225], [6.37149, 49.442361, 225], [6.371496, 49.442321, 225], [6.371479, 49.442266, 225], [6.37136, 49.44209, 226], [6.371531, 49.442051, 228], [6.371802, 49.44197, 230], [6.371956, 49.441897, 232], [6.372125, 49.441854, 234], [6.372213, 49.442017, 232], [6.372125, 49.441854, 234], [6.37196, 49.441574, 236], [6.371865, 49.441538, 236], [6.371548, 49.441203, 236], [6.371448, 49.441104, 236], [6.371335, 49.440991, 236], [6.371197, 49.440936, 235], [6.370936, 49.440877, 234], [6.370979, 49.440795, 235], [6.371062, 49.440708, 236], [6.371487, 49.440437, 242], [6.371688, 49.44029, 244], [6.371808, 49.440173, 247], [6.371912, 49.440092, 249], [6.372002, 49.440059, 251], [6.372125, 49.440054, 252], [6.372278, 49.44007, 254], [6.372502, 49.440136, 256], [6.372315, 49.4398, 260], [6.372135, 49.4394, 267], [6.372097, 49.439177, 270], [6.372124, 49.438202, 277], [6.372184, 49.437751, 276], [6.372174, 49.437258, 278], [6.372122, 49.436228, 278], [6.372036, 49.435572, 278], [6.372062, 49.435048, 280], [6.371972, 49.4345, 279], [6.371982, 49.434351, 281], [6.371879, 49.434303, 279], [6.371645, 49.43418, 276], [6.371441, 49.434073, 276], [6.370719, 49.433581, 270], [6.370166, 49.433021, 264], [6.369756, 49.432489, 262], [6.369257, 49.432128, 258], [6.369174, 49.432039, 257], [6.36909, 49.432006, 256], [6.36901, 49.432015, 254], [6.368809, 49.432118, 250], [6.368589, 49.432179, 247], [6.368094, 49.432243, 239], [6.36749, 49.432385, 233], [6.367481, 49.432227, 234], [6.367492, 49.432055, 235], [6.367574, 49.431622, 237], [6.367629, 49.431506, 238], [6.367807, 49.431212, 238], [6.367914, 49.431084, 239], [6.367999, 49.431002, 240], [6.368259, 49.430734, 242], [6.36851, 49.430442, 244], [6.368673, 49.430204, 246], [6.368743, 49.430061, 246], [6.368858, 49.429789, 248], [6.368987, 49.429424, 249], [6.36908, 49.429233, 249], [6.369127, 49.429044, 249], [6.369144, 49.429008, 249], [6.369171, 49.428973, 249], [6.369364, 49.428836, 250], [6.369605, 49.428549, 248], [6.369897, 49.428286, 246], [6.370283, 49.427996, 244], [6.370332, 49.427947, 244], [6.370551, 49.427698, 243], [6.37076, 49.427343, 244], [6.37087, 49.426908, 244], [6.370896, 49.426831, 244], [6.370944, 49.426709, 246], [6.371016, 49.426614, 246], [6.371162, 49.426488, 247], [6.371397, 49.426301, 248], [6.371789, 49.426059, 247], [6.371896, 49.425985, 246], [6.372521, 49.425303, 240], [6.372674, 49.425156, 240], [6.372913, 49.424961, 240], [6.373285, 49.424524, 240], [6.373449, 49.42438, 240], [6.373546, 49.424282, 240], [6.373655, 49.424193, 239], [6.373804, 49.424094, 238], [6.373989, 49.424004, 238], [6.374073, 49.423964, 238], [6.374602, 49.423653, 238], [6.374826, 49.42351, 237], [6.375215, 49.423291, 236], [6.375547, 49.42314, 236], [6.376397, 49.422856, 235], [6.376595, 49.4228, 234], [6.376874, 49.422774, 234], [6.37757, 49.422724, 234], [6.377915, 49.422717, 234], [6.378568, 49.422682, 231], [6.380351, 49.422548, 225], [6.3807, 49.422557, 223], [6.380968, 49.422526, 222], [6.380978, 49.422588, 222], [6.381375, 49.422563, 220], [6.3816, 49.42254, 217], [6.381954, 49.422454, 213], [6.382265, 49.422272, 209], [6.382366, 49.422185, 208], [6.382396, 49.42216, 208], [6.382435, 49.422128, 208], [6.382514, 49.422063, 207], [6.382443, 49.42201, 207], [6.382312, 49.421804, 206], [6.38192, 49.421616, 206], [6.381842, 49.421579, 206], [6.381724, 49.42148, 205], [6.381567, 49.421316, 204], [6.381402, 49.421145, 203], [6.381198, 49.420915, 202], [6.380859, 49.420534, 201], [6.380961, 49.420492, 201], [6.381218, 49.420454, 201], [6.380961, 49.420492, 201], [6.380859, 49.420534, 201], [6.38082, 49.420497, 201], [6.380803, 49.42048, 200], [6.380774, 49.42049, 200], [6.38074, 49.42049, 200], [6.380711, 49.42048, 200], [6.380692, 49.420463, 200], [6.380658, 49.420471, 200], [6.380501, 49.420512, 200], [6.380185, 49.420581, 200], [6.379257, 49.420768, 200], [6.378376, 49.420973, 199], [6.378132, 49.421017, 199], [6.377935, 49.421044, 198], [6.377718, 49.421064, 198], [6.37749, 49.421077, 198], [6.3772, 49.421083, 198], [6.37586, 49.421101, 196], [6.375257, 49.421079, 195], [6.374772, 49.421026, 194], [6.374044, 49.420908, 194], [6.373845, 49.420885, 194], [6.37366, 49.420885, 194], [6.373215, 49.42092, 195], [6.373205, 49.420847, 194], [6.373158, 49.42078, 194], [6.37308, 49.420726, 194], [6.37298, 49.420692, 194], [6.37304, 49.42061, 194], [6.37319, 49.420416, 193], [6.373335, 49.420246, 194], [6.373415, 49.420185, 194], [6.37318, 49.420074, 193], [6.372992, 49.420018, 192], [6.372815, 49.419986, 191], [6.372553, 49.419961, 191], [6.3723, 49.419896, 190], [6.371877, 49.4197, 192], [6.37181, 49.419641, 192], [6.371569, 49.419338, 195], [6.371233, 49.418829, 201], [6.37094, 49.418423, 205], [6.370645, 49.418129, 209], [6.370415, 49.418004, 212], [6.370075, 49.417895, 215], [6.369829, 49.417803, 218], [6.36963, 49.417696, 220], [6.369219, 49.417437, 224], [6.368911, 49.417318, 228], [6.368479, 49.417126, 234], [6.36822, 49.416986, 238], [6.367921, 49.416791, 241], [6.36757, 49.416517, 243], [6.367274, 49.41635, 246], [6.36717, 49.416325, 247], [6.36707, 49.416328, 249], [6.36697, 49.416369, 251], [6.366819, 49.416529, 255], [6.366705, 49.416499, 257], [6.366588, 49.416446, 260], [6.366498, 49.416363, 262], [6.366262, 49.416042, 266], [6.366041, 49.415856, 270], [6.365693, 49.415547, 275], [6.365296, 49.415302, 281], [6.365091, 49.41513, 282], [6.364969, 49.414976, 282], [6.364885, 49.414797, 282], [6.364835, 49.414548, 281], [6.364717, 49.414318, 282], [6.364545, 49.41413, 282], [6.36447, 49.413962, 283], [6.364327, 49.413864, 284], [6.364167, 49.413786, 286], [6.364138, 49.413734, 286], [6.364152, 49.413689, 286], [6.364203, 49.413642, 286], [6.364465, 49.413481, 286], [6.364569, 49.413393, 286], [6.36476, 49.413164, 286], [6.365215, 49.412465, 283], [6.365304, 49.412354, 282], [6.365471, 49.412175, 281], [6.365723, 49.411848, 279], [6.365753, 49.411791, 279], [6.365739, 49.411732, 279], [6.36565, 49.411688, 281], [6.365254, 49.411656, 285], [6.364434, 49.411642, 289], [6.364225, 49.411654, 289], [6.364053, 49.411643, 289], [6.362957, 49.411638, 293], [6.361703, 49.41164, 295], [6.36179, 49.411387, 294], [6.361983, 49.41094, 292], [6.362219, 49.410438, 292], [6.362498, 49.40981, 290], [6.362637, 49.40953, 289], [6.362881, 49.40912, 288], [6.363137, 49.408536, 287], [6.363219, 49.408389, 286], [6.363359, 49.408169, 286], [6.363391, 49.408046, 286], [6.363395, 49.407887, 286], [6.363346, 49.407743, 287], [6.363249, 49.407597, 288], [6.363102, 49.407459, 288], [6.362857, 49.407295, 289], [6.3625, 49.407069, 289], [6.36225, 49.406859, 288], [6.362082, 49.406704, 288], [6.36181, 49.406419, 288], [6.361606, 49.406178, 287], [6.361487, 49.405985, 287], [6.361419, 49.405859, 287], [6.361362, 49.405527, 286], [6.361374, 49.405403, 285], [6.361516, 49.405103, 285], [6.361272, 49.405187, 284], [6.361172, 49.405199, 283], [6.36105, 49.40518, 282], [6.360847, 49.40512, 281], [6.360632, 49.405022, 279], [6.36035, 49.404851, 278], [6.360168, 49.404706, 276], [6.35997, 49.40448, 275], [6.359845, 49.404292, 274], [6.359457, 49.403603, 271], [6.359363, 49.403488, 270], [6.359193, 49.403373, 270], [6.35738, 49.402615, 267], [6.35646, 49.402242, 269], [6.35582, 49.401932, 271], [6.355581, 49.401788, 272], [6.355419, 49.401638, 274], [6.354846, 49.400966, 282], [6.354456, 49.400551, 282], [6.354306, 49.400355, 281], [6.354047, 49.399978, 280], [6.353836, 49.399737, 278], [6.353587, 49.399501, 276], [6.353278, 49.399251, 274], [6.353084, 49.399118, 274], [6.352962, 49.39901, 273], [6.352972, 49.399, 273], [6.352994, 49.398979, 273], [6.353196, 49.398772, 272], [6.353486, 49.398353, 271], [6.353819, 49.397995, 268], [6.353486, 49.398353, 271], [6.353196, 49.398772, 272], [6.352994, 49.398979, 273], [6.352972, 49.399, 273], [6.352962, 49.39901, 273], [6.352932, 49.399083, 274], [6.352819, 49.399747, 277], [6.352777, 49.400066, 279], [6.352761, 49.400355, 280], [6.352718, 49.400678, 282], [6.352659, 49.401002, 283], [6.352581, 49.401296, 284], [6.352482, 49.40173, 284], [6.35248, 49.401889, 283], [6.352599, 49.402204, 281], [6.352843, 49.40272, 276], [6.35286, 49.402826, 275], [6.352851, 49.40292, 274], [6.352799, 49.403081, 272], [6.352788, 49.403283, 270], [6.352832, 49.403776, 267], [6.352835, 49.404081, 266], [6.352852, 49.40423, 265], [6.352918, 49.404498, 265], [6.353023, 49.405069, 266], [6.353092, 49.405348, 268], [6.353133, 49.405659, 270], [6.353117, 49.405855, 272], [6.353068, 49.405933, 272], [6.351911, 49.406631, 273], [6.350972, 49.407258, 272], [6.350721, 49.407488, 272], [6.350524, 49.407716, 272], [6.350127, 49.408303, 272], [6.350045, 49.408485, 272], [6.349941, 49.40885, 272], [6.349949, 49.409036, 272], [6.350037, 49.409152, 273], [6.350102, 49.409217, 274], [6.35011, 49.409297, 273], [6.349678, 49.409917, 269], [6.349529, 49.410102, 269], [6.349034, 49.410519, 269], [6.348669, 49.410988, 270], [6.348569, 49.411205, 271], [6.348836, 49.411258, 273], [6.348644, 49.411722, 272], [6.348603, 49.41216, 272], [6.348444, 49.412198, 270], [6.348314, 49.412282, 268], [6.348242, 49.412444, 268], [6.34818, 49.412799, 267], [6.348228, 49.413186, 267], [6.348302, 49.41359, 266], [6.348365, 49.413761, 265], [6.348354, 49.413825, 265], [6.34826, 49.413961, 262], [6.348247, 49.41416, 262], [6.348153, 49.414298, 260], [6.348102, 49.414441, 260], [6.348094, 49.414647, 259], [6.348002, 49.41509, 256], [6.348226, 49.415062, 258], [6.348569, 49.415086, 260], [6.34983, 49.415391, 264], [6.350699, 49.415573, 266], [6.3512, 49.415758, 266], [6.351783, 49.415943, 267], [6.352016, 49.416034, 268], [6.352, 49.416127, 267], [6.351997, 49.416272, 267], [6.352025, 49.416379, 267], [6.352033, 49.416486, 268], [6.352088, 49.416628, 268], [6.352107, 49.416744, 269], [6.352044, 49.416863, 270], [6.351887, 49.417007, 272], [6.351601, 49.417191, 275], [6.351059, 49.417441, 281], [6.350909, 49.417591, 283], [6.3508, 49.417763, 285], [6.350723, 49.417975, 286], [6.350692, 49.418328, 286], [6.350648, 49.418533, 286], [6.350649, 49.418697, 286], [6.350614, 49.418813, 286], [6.350497, 49.418944, 286], [6.350486, 49.419023, 285], [6.350932, 49.4188, 288], [6.351388, 49.418622, 289], [6.351856, 49.418488, 291], [6.352732, 49.418259, 291], [6.353619, 49.418063, 288], [6.353939, 49.418025, 287], [6.354279, 49.418014, 286], [6.354619, 49.41804, 285], [6.354767, 49.41804, 285], [6.355005, 49.418195, 287], [6.355238, 49.418365, 288], [6.355694, 49.418644, 291], [6.35724, 49.419464, 295], [6.358922, 49.420344, 298], [6.359216, 49.420453, 299], [6.359495, 49.420573, 299], [6.359567, 49.420604, 299], [6.359693, 49.420672, 300], [6.359791, 49.420748, 300], [6.359868, 49.420814, 301], [6.359952, 49.42087, 301], [6.360199, 49.420993, 303], [6.360548, 49.421178, 304], [6.360633, 49.421203, 304], [6.360697, 49.421213, 304], [6.360971, 49.421975, 310], [6.361673, 49.422283, 308], [6.362095, 49.422254, 306], [6.362199, 49.422249, 306], [6.362306, 49.422334, 302], [6.362388, 49.422362, 301], [6.362475, 49.422365, 300], [6.362768, 49.422307, 297], [6.363072, 49.422146, 294], [6.3632, 49.4221, 292], [6.363214, 49.422132, 290], [6.363208, 49.422176, 288], [6.363164, 49.422238, 288], [6.363145, 49.422293, 286], [6.363009, 49.422473, 283], [6.36285, 49.422607, 282], [6.36278, 49.42264, 282], [6.362618, 49.422641, 286], [6.362441, 49.422654, 290], [6.36227, 49.422767, 288], [6.362196, 49.422894, 284], [6.36219, 49.422951, 281], [6.362188, 49.422969, 280], [6.362184, 49.423022, 278], [6.362182, 49.423041, 276], [6.36217, 49.423163, 271], [6.362112, 49.423302, 266], [6.361891, 49.423532, 264], [6.361911, 49.423622, 260], [6.361729, 49.423769, 260], [6.361631, 49.423929, 258], [6.361509, 49.42405, 258], [6.361099, 49.424386, 258], [6.360875, 49.424621, 258], [6.360643, 49.424915, 257], [6.360466, 49.425065, 258], [6.360353, 49.425131, 259], [6.359999, 49.425452, 261], [6.359833, 49.425668, 262], [6.359774, 49.425784, 262], [6.359742, 49.425894, 262], [6.359666, 49.425992, 262], [6.359496, 49.426165, 263], [6.359488, 49.426326, 262], [6.359496, 49.426455, 260], [6.35944, 49.426609, 260], [6.359389, 49.426699, 260], [6.359375, 49.426815, 259], [6.359444, 49.426914, 257], [6.359481, 49.427014, 256], [6.35946, 49.427195, 255], [6.359528, 49.427325, 253], [6.35953, 49.427458, 252], [6.359496, 49.427556, 252], [6.359496, 49.42763, 252], [6.359547, 49.427657, 250], [6.359499, 49.427823, 250], [6.359378, 49.428107, 252], [6.359298, 49.428543, 253], [6.359215, 49.428763, 254], [6.359184, 49.428905, 254], [6.359184, 49.429088, 254], [6.35915, 49.42932, 254], [6.35908, 49.429627, 254], [6.358887, 49.430319, 250], [6.358838, 49.4304, 250], [6.35909, 49.430538, 246], [6.359363, 49.430699, 242], [6.359477, 49.430803, 240], [6.359536, 49.430934, 238], [6.35955, 49.431052, 236], [6.359543, 49.431242, 234], [6.359544, 49.431544, 230], [6.359527, 49.431714, 228], [6.359498, 49.431917, 226], [6.359596, 49.431924, 225], [6.359682, 49.431954, 224], [6.359743, 49.432005, 223], [6.35977, 49.432066, 222], [6.359758, 49.43213, 222], [6.359621, 49.432332, 222], [6.359566, 49.432465, 221], [6.359539, 49.432662, 220], [6.359569, 49.433186, 215], [6.359603, 49.433313, 214], [6.359706, 49.433487, 212], [6.360116, 49.43423, 205], [6.3602, 49.434403, 203], [6.360367, 49.434818, 198], [6.360475, 49.435199, 194], [6.360495, 49.435301, 192], [6.360503, 49.435408, 192], [6.360486, 49.435517, 191], [6.360452, 49.435647, 190], [6.360169, 49.436756, 181], [6.360157, 49.436897, 179], [6.360164, 49.436997, 178], [6.360187, 49.437086, 177], [6.360356, 49.437507, 174], [6.360409, 49.437633, 172], [6.360425, 49.437683, 172], [6.360436, 49.437727, 172], [6.360522, 49.438275, 168], [6.360515, 49.43833, 167], [6.360499, 49.438384, 167], [6.360124, 49.438937, 170], [6.360106, 49.438963, 170], [6.359717, 49.439356, 167], [6.359583, 49.43954, 165], [6.35943, 49.439821, 166], [6.359414, 49.43994, 166], [6.359415, 49.440137, 165], [6.359684, 49.44088, 163], [6.359887, 49.440857, 155], [6.359832, 49.440678, 154], [6.359734, 49.440361, 154], [6.359693, 49.440255, 154]]}}, {"type": "Feature", "properties": {"id": "vallon-gorze", "nom": "Le tour du vallon de Gorze", "couleur": "#6B4A7A"}, "geometry": {"type": "LineString", "coordinates": [[5.998666, 49.051435, 221], [5.998433, 49.051508, 222], [5.998214, 49.051519, 223], [5.998003, 49.051509, 224], [5.998023, 49.051545, 224], [5.998557, 49.05183, 216], [5.99827, 49.052027, 216], [5.998716, 49.052302, 211], [5.99862, 49.052358, 211], [5.998461, 49.05245, 211], [5.998178, 49.05264, 211], [5.998034, 49.052735, 212], [5.997941, 49.05281, 212], [5.997846, 49.052893, 212], [5.997402, 49.053341, 214], [5.997292, 49.053498, 213], [5.997157, 49.053702, 214], [5.997149, 49.053818, 214], [5.997243, 49.054082, 212], [5.997035, 49.054086, 214], [5.997037, 49.054118, 214], [5.996999, 49.054941, 214], [5.997002, 49.055203, 214], [5.997027, 49.055389, 213], [5.997059, 49.055438, 210], [5.997027, 49.055389, 213], [5.997002, 49.055203, 214], [5.996999, 49.054941, 214], [5.997037, 49.054118, 214], [5.997035, 49.054086, 214], [5.996919, 49.054088, 214], [5.996269, 49.054104, 219], [5.996168, 49.054113, 219], [5.996101, 49.054133, 219], [5.995871, 49.054236, 220], [5.995275, 49.054499, 224], [5.995106, 49.054598, 226], [5.994512, 49.055036, 229], [5.994449, 49.055177, 228], [5.994401, 49.05525, 228], [5.99401, 49.055631, 228], [5.993936, 49.055735, 228], [5.993656, 49.056419, 224], [5.993936, 49.055735, 228], [5.99401, 49.055631, 228], [5.994401, 49.05525, 228], [5.994449, 49.055177, 228], [5.994512, 49.055036, 229], [5.994058, 49.055356, 231], [5.993511, 49.05575, 234], [5.993345, 49.05584, 234], [5.993159, 49.055923, 236], [5.992957, 49.055985, 236], [5.992726, 49.056041, 237], [5.989447, 49.056411, 251], [5.989155, 49.056419, 251], [5.989081, 49.056455, 251], [5.988974, 49.056476, 252], [5.98857, 49.056525, 253], [5.989574, 49.057754, 255], [5.989419, 49.057928, 255], [5.989401, 49.058001, 255], [5.989387, 49.058169, 254], [5.989401, 49.058001, 255], [5.989419, 49.057928, 255], [5.989574, 49.057754, 255], [5.98857, 49.056525, 253], [5.988407, 49.05656, 254], [5.988289, 49.056593, 255], [5.987384, 49.05691, 257], [5.98748, 49.056718, 257], [5.987535, 49.056571, 256], [5.987521, 49.056465, 256], [5.987497, 49.0564, 256], [5.987414, 49.056237, 256], [5.987428, 49.056185, 256], [5.987268, 49.05616, 256], [5.986377, 49.056022, 257], [5.986261, 49.056004, 257], [5.985779, 49.05595, 258], [5.985123, 49.055896, 260], [5.975615, 49.055232, 267], [5.974879, 49.055166, 267], [5.973838, 49.055035, 266], [5.971372, 49.054703, 259], [5.97005, 49.054526, 259], [5.963942, 49.053704, 270], [5.959576, 49.053101, 284], [5.961714, 49.050557, 272], [5.962302, 49.0499, 273], [5.962852, 49.049325, 274], [5.962967, 49.0492, 275], [5.963299, 49.048844, 276], [5.963378, 49.048855, 276], [5.963609, 49.048813, 277], [5.963659, 49.048812, 277], [5.963755, 49.048856, 278], [5.963778, 49.048891, 278], [5.963835, 49.048934, 278], [5.963909, 49.048973, 278], [5.963835, 49.048934, 278], [5.963778, 49.048891, 278], [5.963755, 49.048856, 278], [5.963659, 49.048812, 277], [5.963609, 49.048813, 277], [5.963378, 49.048855, 276], [5.963299, 49.048844, 276], [5.963506, 49.048622, 277], [5.963695, 49.04838, 279], [5.963879, 49.048047, 284], [5.964376, 49.047681, 293], [5.964615, 49.04755, 295], [5.965342, 49.047326, 301], [5.966137, 49.047222, 305], [5.966846, 49.047177, 308], [5.967294, 49.047126, 311], [5.967515, 49.047051, 312], [5.967861, 49.046828, 315], [5.968069, 49.046499, 318], [5.968045, 49.046444, 318], [5.968033, 49.046371, 318], [5.968038, 49.046315, 318], [5.968066, 49.046229, 318], [5.968143, 49.046101, 319], [5.968352, 49.045838, 321], [5.968399, 49.045761, 322], [5.968427, 49.045673, 322], [5.968431, 49.045602, 323], [5.968421, 49.045531, 323], [5.968562, 49.045376, 325], [5.968646, 49.045263, 326], [5.968758, 49.045004, 329], [5.968791, 49.0448, 332], [5.968859, 49.044211, 338], [5.968981, 49.043613, 343], [5.969129, 49.043634, 344], [5.970092, 49.043919, 344], [5.972305, 49.04454, 344], [5.972682, 49.044658, 344], [5.974161, 49.045073, 345], [5.974703, 49.045239, 346], [5.976528, 49.045757, 346], [5.984561, 49.048048, 340], [5.984723, 49.048054, 340], [5.984849, 49.04804, 340], [5.984936, 49.047995, 340], [5.985424, 49.047262, 336], [5.986456, 49.045715, 320], [5.987117, 49.044753, 322], [5.987378, 49.044332, 323], [5.987507, 49.044191, 324], [5.987626, 49.044109, 324], [5.987898, 49.043991, 323], [5.988082, 49.043961, 323], [5.988274, 49.043954, 323], [5.989064, 49.043995, 321], [5.989691, 49.043976, 320], [5.990483, 49.043882, 319], [5.990772, 49.043825, 319], [5.991061, 49.043699, 320], [5.991225, 49.043574, 320], [5.991331, 49.043446, 321], [5.991474, 49.043236, 322], [5.991542, 49.043019, 324], [5.991531, 49.042782, 326], [5.991485, 49.042544, 327], [5.99117, 49.041751, 331], [5.991119, 49.041571, 332], [5.991029, 49.04085, 330], [5.991023, 49.040664, 329], [5.991058, 49.040555, 328], [5.991122, 49.040442, 328], [5.991264, 49.04035, 327], [5.991502, 49.040277, 327], [5.991907, 49.040282, 328], [5.992027, 49.040278, 328], [5.999037, 49.04004, 332], [5.999244, 49.040033, 332], [5.999375, 49.039991, 333], [5.999473, 49.039919, 333], [5.999242, 49.037054, 344], [5.999252, 49.036933, 344], [5.999297, 49.036843, 344], [5.999367, 49.036775, 343], [5.999464, 49.036717, 343], [5.99957, 49.036669, 343], [5.99974, 49.036633, 343], [5.9999, 49.036639, 344], [6.000095, 49.036706, 344], [6.002398, 49.037622, 347], [6.007179, 49.039526, 344], [6.008984, 49.040245, 344], [6.013634, 49.042086, 333], [6.013872, 49.042193, 332], [6.013936, 49.042285, 331], [6.01392, 49.042408, 330], [6.013841, 49.042496, 329], [6.013703, 49.042573, 328], [6.012622, 49.043173, 325], [6.010369, 49.044359, 318], [6.010046, 49.044509, 317], [6.009999, 49.04477, 316], [6.009943, 49.044962, 314], [6.009831, 49.045198, 312], [6.009699, 49.045336, 312], [6.009364, 49.045519, 310], [6.009174, 49.045599, 308], [6.008513, 49.045711, 304], [6.007802, 49.045976, 294], [6.007691, 49.046067, 292], [6.007524, 49.046278, 289], [6.007304, 49.046527, 282], [6.007255, 49.04718, 272], [6.007277, 49.047246, 272], [6.007277, 49.047507, 266], [6.007441, 49.047638, 268], [6.007479, 49.047915, 261], [6.007694, 49.048257, 252], [6.007662, 49.048362, 248], [6.007503, 49.04853, 244], [6.007322, 49.048671, 240], [6.00728, 49.048686, 240], [6.006535, 49.048957, 234], [6.006328, 49.049052, 232], [6.00634, 49.048965, 234], [6.006298, 49.048856, 234], [6.00626, 49.048716, 236], [6.006218, 49.048527, 237], [6.006228, 49.048473, 238], [6.006125, 49.047682, 242], [6.006041, 49.047387, 243], [6.006014, 49.047204, 244], [6.005947, 49.047018, 244], [6.005652, 49.046539, 245], [6.005632, 49.046511, 247], [6.005652, 49.046539, 245], [6.005947, 49.047018, 244], [6.006014, 49.047204, 244], [6.005729, 49.047211, 240], [6.00553, 49.047243, 238], [6.005321, 49.047301, 235], [6.005235, 49.047283, 234], [6.005241, 49.047231, 234], [6.005217, 49.047218, 233], [6.005156, 49.047258, 232], [6.005111, 49.047251, 231], [6.004997, 49.047112, 227], [6.004986, 49.047028, 226], [6.004952, 49.046987, 226], [6.00487, 49.047101, 224], [6.004808, 49.0473, 224], [6.004773, 49.047672, 222], [6.004628, 49.04772, 220], [6.004225, 49.047784, 218], [6.003766, 49.047753, 222], [6.003622, 49.047761, 224], [6.003502, 49.047823, 226], [6.003454, 49.04784, 226], [6.003334, 49.048508, 220], [6.003324, 49.048645, 219], [6.003322, 49.049143, 216], [6.003191, 49.049524, 214], [6.00313, 49.049733, 212], [6.003111, 49.049966, 211], [6.003127, 49.050194, 208], [6.003081, 49.050185, 209], [6.002781, 49.050191, 211], [6.0024, 49.050224, 213], [6.001802, 49.050303, 214], [6.001483, 49.050356, 215], [6.000712, 49.050516, 216], [6.00037, 49.050633, 216], [5.999955, 49.050793, 217], [5.999497, 49.051009, 218], [5.998889, 49.051326, 220], [5.998666, 49.051435, 221]]}}, {"type": "Feature", "properties": {"id": "moselle-deux-iles", "nom": "La Moselle et les deux iles", "couleur": "#4F7CAC"}, "geometry": {"type": "LineString", "coordinates": [[6.176867, 49.115387, 174], [6.176627, 49.115193, 174], [6.176374, 49.11504, 174], [6.176179, 49.11493, 174], [6.176163, 49.11492, 174], [6.175921, 49.11479, 174], [6.17586, 49.11481, 174], [6.17579, 49.11484, 174], [6.175654, 49.114897, 174], [6.175353, 49.115028, 175], [6.175222, 49.115083, 175], [6.175001, 49.115157, 175], [6.174899, 49.115186, 175], [6.174529, 49.115332, 176], [6.17419, 49.115457, 177], [6.174092, 49.115499, 177], [6.174025, 49.115538, 177], [6.174009, 49.115554, 177], [6.174051, 49.115605, 177], [6.173875, 49.115703, 177], [6.173154, 49.11604, 178], [6.172845, 49.116196, 179], [6.172772, 49.116227, 179], [6.172417, 49.116385, 180], [6.171822, 49.116655, 182], [6.171377, 49.116854, 184], [6.171361, 49.116838, 184], [6.171303, 49.116855, 184], [6.171246, 49.116873, 184], [6.171183, 49.116831, 184], [6.171066, 49.116649, 184], [6.17089, 49.116488, 183], [6.170632, 49.11625, 182], [6.170534, 49.116162, 181], [6.170501, 49.116133, 181], [6.170548, 49.116105, 181], [6.170579, 49.116069, 181], [6.170589, 49.116028, 181], [6.170578, 49.115987, 181], [6.170552, 49.115955, 181], [6.170578, 49.115987, 181], [6.170589, 49.116028, 181], [6.170579, 49.116069, 181], [6.170548, 49.116105, 181], [6.170501, 49.116133, 181], [6.170534, 49.116162, 181], [6.170632, 49.11625, 182], [6.170123, 49.116497, 182], [6.169573, 49.116763, 180], [6.169493, 49.116805, 179], [6.169377, 49.116832, 178], [6.16931, 49.116839, 178], [6.169095, 49.116851, 177], [6.16882, 49.116795, 176], [6.16879, 49.1168, 176], [6.168706, 49.116813, 176], [6.168646, 49.116825, 176], [6.168532, 49.116847, 174], [6.168459, 49.116859, 172], [6.168391, 49.116871, 172], [6.168237, 49.116876, 170], [6.168053, 49.116849, 168], [6.167908, 49.116784, 168], [6.167789, 49.116696, 168], [6.167768, 49.116636, 169], [6.167566, 49.116594, 167], [6.167475, 49.116612, 167], [6.167036, 49.116137, 167], [6.167156, 49.116081, 167], [6.167156, 49.116081, 167], [6.167036, 49.116137, 167], [6.166449, 49.115563, 169], [6.166424, 49.115516, 169], [6.166256, 49.11548, 168], [6.166192, 49.115471, 168], [6.165346, 49.115509, 169], [6.165272, 49.115529, 170], [6.165254, 49.115473, 169], [6.165234, 49.115357, 168], [6.16524, 49.115287, 168], [6.165305, 49.115016, 167], [6.165056, 49.115027, 167], [6.1649, 49.114987, 167], [6.164706, 49.114955, 167], [6.16432, 49.114923, 166], [6.164246, 49.114924, 166], [6.163594, 49.115022, 167], [6.163247, 49.115095, 166], [6.162713, 49.115243, 167], [6.162509, 49.1153, 167], [6.16239, 49.115347, 167], [6.162326, 49.115392, 167], [6.162269, 49.115442, 167], [6.162118, 49.115635, 167], [6.161455, 49.115628, 168], [6.161344, 49.115589, 168], [6.161212, 49.115549, 168], [6.161072, 49.115507, 168], [6.161033, 49.115524, 168], [6.160411, 49.115951, 170], [6.160041, 49.116162, 168], [6.159833, 49.116247, 170], [6.159742, 49.116268, 170], [6.159571, 49.116289, 169], [6.159474, 49.116295, 168], [6.159355, 49.116288, 168], [6.159105, 49.116255, 167], [6.158927, 49.116201, 168], [6.158745, 49.11611, 168], [6.15863, 49.116024, 168], [6.158519, 49.115915, 168], [6.158404, 49.115713, 168], [6.158358, 49.115694, 168], [6.157973, 49.115626, 168], [6.157863, 49.115568, 168], [6.157684, 49.115698, 168], [6.157424, 49.115883, 168], [6.156784, 49.11631, 168], [6.156212, 49.116677, 168], [6.155845, 49.116856, 167], [6.154919, 49.117306, 168], [6.154654, 49.117413, 168], [6.154513, 49.11745, 168], [6.154334, 49.117489, 168], [6.152912, 49.117683, 168], [6.152861, 49.117689, 168], [6.152902, 49.117819, 168], [6.152633, 49.117856, 168], [6.152269, 49.117893, 168], [6.1519, 49.117938, 167], [6.151656, 49.117963, 167], [6.151297, 49.117949, 167], [6.151175, 49.117934, 167], [6.151058, 49.117912, 168], [6.151175, 49.117934, 167], [6.151297, 49.117949, 167], [6.151656, 49.117963, 167], [6.1519, 49.117938, 167], [6.152269, 49.117893, 168], [6.152633, 49.117856, 168], [6.152902, 49.117819, 168], [6.15356, 49.117753, 167], [6.15418, 49.117712, 167], [6.154317, 49.117672, 167], [6.154415, 49.117658, 167], [6.154583, 49.117661, 167], [6.154752, 49.117676, 167], [6.154861, 49.1177, 167], [6.155095, 49.117806, 167], [6.15513, 49.117796, 167], [6.155381, 49.117796, 166], [6.155625, 49.117789, 166], [6.155712, 49.117776, 166], [6.156045, 49.117755, 166], [6.156137, 49.117769, 166], [6.156209, 49.117791, 166], [6.156268, 49.117802, 166], [6.156665, 49.117753, 167], [6.157255, 49.117659, 168], [6.157699, 49.117611, 167], [6.157979, 49.117598, 167], [6.158319, 49.117642, 167], [6.158945, 49.117768, 168], [6.159148, 49.117828, 168], [6.159307, 49.117883, 168], [6.159908, 49.118138, 168], [6.16005, 49.118207, 168], [6.160136, 49.118231, 168], [6.160436, 49.118312, 168], [6.160753, 49.118373, 168], [6.160843, 49.118234, 168], [6.160777, 49.118115, 170], [6.160723, 49.118247, 169], [6.160615, 49.118823, 168], [6.160584, 49.119032, 170], [6.160593, 49.119081, 170], [6.160631, 49.11914, 170], [6.16068, 49.119187, 170], [6.160754, 49.119236, 169], [6.160811, 49.119311, 168], [6.160836, 49.119383, 168], [6.160889, 49.119437, 168], [6.16088, 49.119462, 168], [6.160803, 49.119683, 167], [6.160904, 49.1197, 167], [6.161112, 49.119795, 168], [6.161243, 49.120109, 167], [6.161245, 49.120114, 167], [6.161581, 49.120162, 167], [6.161957, 49.120216, 167], [6.162391, 49.120279, 167], [6.16281, 49.120338, 167], [6.162897, 49.120366, 167], [6.163036, 49.120371, 167], [6.163088, 49.120372, 167], [6.163111, 49.120364, 167], [6.16319, 49.120388, 167], [6.163255, 49.120394, 167], [6.163687, 49.120415, 168], [6.164121, 49.120388, 167], [6.16424, 49.120363, 167], [6.164311, 49.120341, 168], [6.164489, 49.120308, 168], [6.164753, 49.120269, 168], [6.165063, 49.120233, 168], [6.16543, 49.120204, 168], [6.165551, 49.120185, 168], [6.165683, 49.120155, 168], [6.165768, 49.120116, 168], [6.165919, 49.120012, 168], [6.165937, 49.119984, 168], [6.165935, 49.119947, 168], [6.166001, 49.119926, 168], [6.166125, 49.119972, 168], [6.166175, 49.119991, 168], [6.166261, 49.119988, 168], [6.166316, 49.11998, 168], [6.166385, 49.119957, 168], [6.166494, 49.119898, 168], [6.166562, 49.119863, 168], [6.16663, 49.119826, 168], [6.166707, 49.119894, 168], [6.166845, 49.120016, 168], [6.166953, 49.119965, 168], [6.167025, 49.11994, 168], [6.167122, 49.11994, 168], [6.167216, 49.119949, 168], [6.16732, 49.119974, 168], [6.167388, 49.120011, 167], [6.167438, 49.119985, 167], [6.167501, 49.120024, 167], [6.168021, 49.120308, 166], [6.168055, 49.120312, 166], [6.168084, 49.120316, 166], [6.168107, 49.120308, 166], [6.16813, 49.120266, 166], [6.168202, 49.120285, 168], [6.168266, 49.120293, 168], [6.168348, 49.120312, 169], [6.168322, 49.12035, 168], [6.168315, 49.120394, 168], [6.16884, 49.120671, 169], [6.168915, 49.120757, 169], [6.168968, 49.12079, 169], [6.169231, 49.120623, 169], [6.169246, 49.120614, 169], [6.169269, 49.120597, 169], [6.169572, 49.120821, 170], [6.169953, 49.121124, 169], [6.170447, 49.121516, 168], [6.170488, 49.121495, 168], [6.170515, 49.121505, 168], [6.170549, 49.121503, 168], [6.170561, 49.121513, 168], [6.170588, 49.121529, 168], [6.170888, 49.121348, 167], [6.171066, 49.121426, 168], [6.171388, 49.121517, 166], [6.171066, 49.121426, 168], [6.170888, 49.121348, 167], [6.170858, 49.121326, 167], [6.170877, 49.121314, 167], [6.170831, 49.121257, 167], [6.170022, 49.120033, 169], [6.169988, 49.120006, 169], [6.170017, 49.119982, 169], [6.170079, 49.119931, 169], [6.170149, 49.119905, 169], [6.170246, 49.119849, 169], [6.170295, 49.119816, 169], [6.170395, 49.119751, 168], [6.170921, 49.119416, 168], [6.170992, 49.119384, 170], [6.171022, 49.11939, 170], [6.171074, 49.119352, 171], [6.171135, 49.119319, 171], [6.171405, 49.119532, 169], [6.171469, 49.119569, 169], [6.171522, 49.119594, 169], [6.17163, 49.119568, 170], [6.171877, 49.11951, 172], [6.171999, 49.119461, 173], [6.172539, 49.119333, 175], [6.172918, 49.11924, 177], [6.173312, 49.119142, 177], [6.173525, 49.119089, 178], [6.173948, 49.118889, 179], [6.174043, 49.118849, 180], [6.174537, 49.118687, 181], [6.175045, 49.118497, 180], [6.175008, 49.118461, 180], [6.175053, 49.118439, 180], [6.176007, 49.117857, 178], [6.176117, 49.117782, 178], [6.176212, 49.117727, 178], [6.176965, 49.117401, 176], [6.177257, 49.117275, 175], [6.178006, 49.11694, 173], [6.17801, 49.116938, 173], [6.178091, 49.116897, 173], [6.177915, 49.116688, 174], [6.177685, 49.116414, 174], [6.177654, 49.116377, 174], [6.177613, 49.11632, 174], [6.177506, 49.116175, 174], [6.177407, 49.116014, 174], [6.177282, 49.115809, 174], [6.177033, 49.115522, 175], [6.176867, 49.115387, 174]]}}, {"type": "Feature", "properties": {"id": "chambiere-plan-eau", "nom": "Chambiere et le plan d'eau", "couleur": "#2E7A8C"}, "geometry": {"type": "LineString", "coordinates": [[6.176867, 49.115387, 174], [6.176627, 49.115193, 174], [6.176374, 49.11504, 174], [6.176179, 49.11493, 174], [6.176163, 49.11492, 174], [6.175921, 49.11479, 174], [6.17586, 49.11481, 174], [6.17579, 49.11484, 174], [6.175654, 49.114897, 174], [6.175353, 49.115028, 175], [6.175222, 49.115083, 175], [6.175001, 49.115157, 175], [6.174899, 49.115186, 175], [6.174529, 49.115332, 176], [6.17419, 49.115457, 177], [6.174092, 49.115499, 177], [6.174025, 49.115538, 177], [6.174009, 49.115554, 177], [6.174051, 49.115605, 177], [6.173875, 49.115703, 177], [6.173154, 49.11604, 178], [6.172845, 49.116196, 179], [6.172772, 49.116227, 179], [6.172417, 49.116385, 180], [6.171822, 49.116655, 182], [6.171377, 49.116854, 184], [6.171361, 49.116838, 184], [6.171303, 49.116855, 184], [6.171246, 49.116873, 184], [6.171183, 49.116831, 184], [6.171066, 49.116649, 184], [6.17089, 49.116488, 183], [6.170632, 49.11625, 182], [6.170534, 49.116162, 181], [6.170501, 49.116133, 181], [6.170548, 49.116105, 181], [6.170579, 49.116069, 181], [6.170589, 49.116028, 181], [6.170578, 49.115987, 181], [6.170552, 49.115955, 181], [6.170578, 49.115987, 181], [6.170589, 49.116028, 181], [6.170579, 49.116069, 181], [6.170548, 49.116105, 181], [6.170501, 49.116133, 181], [6.170534, 49.116162, 181], [6.170632, 49.11625, 182], [6.170123, 49.116497, 182], [6.169573, 49.116763, 180], [6.169493, 49.116805, 179], [6.169377, 49.116832, 178], [6.16931, 49.116839, 178], [6.169095, 49.116851, 177], [6.16882, 49.116795, 176], [6.16879, 49.1168, 176], [6.168706, 49.116813, 176], [6.168646, 49.116825, 176], [6.168532, 49.116847, 174], [6.168459, 49.116859, 172], [6.168391, 49.116871, 172], [6.168237, 49.116876, 170], [6.168053, 49.116849, 168], [6.167908, 49.116784, 168], [6.167789, 49.116696, 168], [6.167768, 49.116636, 169], [6.167566, 49.116594, 167], [6.167475, 49.116612, 167], [6.167036, 49.116137, 167], [6.167156, 49.116081, 167], [6.167156, 49.116081, 167], [6.167036, 49.116137, 167], [6.166449, 49.115563, 169], [6.166424, 49.115516, 169], [6.166256, 49.11548, 168], [6.166192, 49.115471, 168], [6.165346, 49.115509, 169], [6.165272, 49.115529, 170], [6.165254, 49.115473, 169], [6.165234, 49.115357, 168], [6.16524, 49.115287, 168], [6.165305, 49.115016, 167], [6.165056, 49.115027, 167], [6.1649, 49.114987, 167], [6.164706, 49.114955, 167], [6.16432, 49.114923, 166], [6.164246, 49.114924, 166], [6.163594, 49.115022, 167], [6.163247, 49.115095, 166], [6.162713, 49.115243, 167], [6.162509, 49.1153, 167], [6.16239, 49.115347, 167], [6.162326, 49.115392, 167], [6.162269, 49.115442, 167], [6.162118, 49.115635, 167], [6.161806, 49.116392, 166], [6.16174, 49.116581, 166], [6.161691, 49.116775, 167], [6.161635, 49.117418, 167], [6.161562, 49.117688, 167], [6.161502, 49.117906, 167], [6.161481, 49.117941, 167], [6.161389, 49.117923, 167], [6.161209, 49.117916, 168], [6.161043, 49.117934, 169], [6.16086, 49.117971, 170], [6.160817, 49.11803, 170], [6.160777, 49.118115, 170], [6.160723, 49.118247, 169], [6.160615, 49.118823, 168], [6.160584, 49.119032, 170], [6.160593, 49.119081, 170], [6.160631, 49.11914, 170], [6.160781, 49.119134, 169], [6.160823, 49.119117, 168], [6.160938, 49.119047, 168], [6.160969, 49.119041, 168], [6.16101, 49.119044, 168], [6.161045, 49.118977, 167], [6.161068, 49.118957, 167], [6.161107, 49.118939, 167], [6.161194, 49.118928, 167], [6.161395, 49.118955, 167], [6.162467, 49.119116, 168], [6.162592, 49.119053, 167], [6.163104, 49.118993, 167], [6.16355, 49.118919, 168], [6.163778, 49.118944, 168], [6.163766, 49.118986, 168], [6.163775, 49.119028, 168], [6.163805, 49.119065, 168], [6.163848, 49.119092, 168], [6.163901, 49.11911, 168], [6.163959, 49.119116, 168], [6.164026, 49.119109, 168], [6.164085, 49.119088, 168], [6.164129, 49.119054, 168], [6.164264, 49.119105, 168], [6.164356, 49.119215, 167], [6.164381, 49.119244, 167], [6.164425, 49.11928, 167], [6.164656, 49.119391, 168], [6.164759, 49.119362, 168], [6.164981, 49.119202, 168], [6.165014, 49.119185, 168], [6.165209, 49.119467, 167], [6.165291, 49.119543, 167], [6.165561, 49.119689, 167], [6.165555, 49.119661, 167], [6.16557, 49.119635, 167], [6.16562, 49.119586, 167], [6.165866, 49.119476, 167], [6.165904, 49.119497, 167], [6.166232, 49.119681, 168], [6.166562, 49.119863, 168], [6.16663, 49.119826, 168], [6.166707, 49.119894, 168], [6.166845, 49.120016, 168], [6.166953, 49.119965, 168], [6.167025, 49.11994, 168], [6.167122, 49.11994, 168], [6.167216, 49.119949, 168], [6.16732, 49.119974, 168], [6.167388, 49.120011, 167], [6.167438, 49.119985, 167], [6.167501, 49.120024, 167], [6.168021, 49.120308, 166], [6.168055, 49.120312, 166], [6.168084, 49.120316, 166], [6.168107, 49.120308, 166], [6.16813, 49.120266, 166], [6.168202, 49.120285, 168], [6.168266, 49.120293, 168], [6.168348, 49.120312, 169], [6.168322, 49.12035, 168], [6.168315, 49.120394, 168], [6.16884, 49.120671, 169], [6.168915, 49.120757, 169], [6.168968, 49.12079, 169], [6.169231, 49.120623, 169], [6.169246, 49.120614, 169], [6.169269, 49.120597, 169], [6.169572, 49.120821, 170], [6.169953, 49.121124, 169], [6.170447, 49.121516, 168], [6.170476, 49.121539, 168], [6.170496, 49.121554, 168], [6.170546, 49.121591, 168], [6.170644, 49.12167, 168], [6.170933, 49.121907, 169], [6.171261, 49.122184, 168], [6.171687, 49.12261, 168], [6.171734, 49.12261, 168], [6.171785, 49.122666, 168], [6.171814, 49.122782, 168], [6.172107, 49.123241, 168], [6.172121, 49.123256, 168], [6.172107, 49.123241, 168], [6.171814, 49.122782, 168], [6.171785, 49.122666, 168], [6.171734, 49.12261, 168], [6.171723, 49.122589, 168], [6.171355, 49.122214, 168], [6.171242, 49.122107, 168], [6.171013, 49.121928, 169], [6.170969, 49.121884, 168], [6.170675, 49.121652, 168], [6.17058, 49.121574, 168], [6.170567, 49.121561, 168], [6.170569, 49.121548, 168], [6.170588, 49.121529, 168], [6.170561, 49.121513, 168], [6.170549, 49.121503, 168], [6.170832, 49.12133, 167], [6.170793, 49.12127, 167], [6.170831, 49.121257, 167], [6.170022, 49.120033, 169], [6.169988, 49.120006, 169], [6.170017, 49.119982, 169], [6.170079, 49.119931, 169], [6.170149, 49.119905, 169], [6.170246, 49.119849, 169], [6.170295, 49.119816, 169], [6.170395, 49.119751, 168], [6.170921, 49.119416, 168], [6.170992, 49.119384, 170], [6.171022, 49.11939, 170], [6.171074, 49.119352, 171], [6.171135, 49.119319, 171], [6.171405, 49.119532, 169], [6.171469, 49.119569, 169], [6.171522, 49.119594, 169], [6.17163, 49.119568, 170], [6.171877, 49.11951, 172], [6.171999, 49.119461, 173], [6.172539, 49.119333, 175], [6.172918, 49.11924, 177], [6.173312, 49.119142, 177], [6.173525, 49.119089, 178], [6.173948, 49.118889, 179], [6.174043, 49.118849, 180], [6.174537, 49.118687, 181], [6.175045, 49.118497, 180], [6.175008, 49.118461, 180], [6.175053, 49.118439, 180], [6.176007, 49.117857, 178], [6.176117, 49.117782, 178], [6.176212, 49.117727, 178], [6.176965, 49.117401, 176], [6.177257, 49.117275, 175], [6.178006, 49.11694, 173], [6.17801, 49.116938, 173], [6.178091, 49.116897, 173], [6.177915, 49.116688, 174], [6.177685, 49.116414, 174], [6.177654, 49.116377, 174], [6.177613, 49.11632, 174], [6.177506, 49.116175, 174], [6.177407, 49.116014, 174], [6.177282, 49.115809, 174], [6.177033, 49.115522, 175], [6.176867, 49.115387, 174]]}}, {"type": "Feature", "properties": {"id": "sansonnet-portes", "nom": "Le Sansonnet et les portes", "couleur": "#6E8B3D"}, "geometry": {"type": "LineString", "coordinates": [[6.176867, 49.115387, 174], [6.177033, 49.115522, 175], [6.177282, 49.115809, 174], [6.177407, 49.116014, 174], [6.177506, 49.116175, 174], [6.177613, 49.11632, 174], [6.177654, 49.116377, 174], [6.177685, 49.116414, 174], [6.177915, 49.116688, 174], [6.178091, 49.116897, 173], [6.178006, 49.11694, 173], [6.177257, 49.117275, 175], [6.176965, 49.117401, 176], [6.176212, 49.117727, 178], [6.176117, 49.117782, 178], [6.176007, 49.117857, 178], [6.175053, 49.118439, 180], [6.175008, 49.118461, 180], [6.175045, 49.118497, 180], [6.175318, 49.118728, 180], [6.175389, 49.118791, 180], [6.175517, 49.118922, 180], [6.175669, 49.119203, 180], [6.175686, 49.119246, 179], [6.175705, 49.119323, 179], [6.175786, 49.119399, 179], [6.17583, 49.119443, 179], [6.17586, 49.11947, 179], [6.175907, 49.119513, 179], [6.17607, 49.119863, 179], [6.176218, 49.120215, 178], [6.176275, 49.120269, 178], [6.176329, 49.120321, 178], [6.176387, 49.120422, 178], [6.176427, 49.12049, 178], [6.176442, 49.120506, 178], [6.177067, 49.121184, 176], [6.177496, 49.121648, 174], [6.177637, 49.1218, 174], [6.178146, 49.122365, 171], [6.178182, 49.122404, 170], [6.178288, 49.122523, 170], [6.178202, 49.12257, 169], [6.178173, 49.122585, 168], [6.178155, 49.122599, 168], [6.178309, 49.122734, 169], [6.178503, 49.122943, 166], [6.178472, 49.122967, 166], [6.178068, 49.123351, 166], [6.178034, 49.123384, 166], [6.177847, 49.123562, 168], [6.177783, 49.123533, 168], [6.177728, 49.123506, 168], [6.177652, 49.123476, 167], [6.177625, 49.123464, 167], [6.177546, 49.12343, 166], [6.17746, 49.123418, 166], [6.177294, 49.123405, 166], [6.177059, 49.123384, 166], [6.176973, 49.123386, 166], [6.176884, 49.123389, 166], [6.176909, 49.123282, 166], [6.176666, 49.123256, 165], [6.176909, 49.123282, 166], [6.176884, 49.123389, 166], [6.176973, 49.123386, 166], [6.177059, 49.123384, 166], [6.177294, 49.123405, 166], [6.17746, 49.123418, 166], [6.177546, 49.12343, 166], [6.177625, 49.123464, 167], [6.177652, 49.123476, 167], [6.177728, 49.123506, 168], [6.177783, 49.123533, 168], [6.177847, 49.123562, 168], [6.178034, 49.123384, 166], [6.178068, 49.123351, 166], [6.178472, 49.122967, 166], [6.178503, 49.122943, 166], [6.178608, 49.122967, 166], [6.17874, 49.122957, 168], [6.178786, 49.122959, 168], [6.178815, 49.122966, 168], [6.178861, 49.122989, 168], [6.178904, 49.12295, 169], [6.178937, 49.122924, 169], [6.178945, 49.122915, 169], [6.178997, 49.122857, 168], [6.179338, 49.122923, 168], [6.179454, 49.122975, 168], [6.17979, 49.123152, 168], [6.179826, 49.123163, 168], [6.180082, 49.123282, 168], [6.1801, 49.123271, 168], [6.180128, 49.123246, 168], [6.180147, 49.123245, 168], [6.180168, 49.123243, 168], [6.180499, 49.123444, 168], [6.180908, 49.123674, 168], [6.181044, 49.123734, 168], [6.181246, 49.123817, 168], [6.181451, 49.123868, 167], [6.181558, 49.123895, 168], [6.181998, 49.123959, 168], [6.182127, 49.123961, 168], [6.182175, 49.123837, 168], [6.182306, 49.123854, 168], [6.18246, 49.12388, 168], [6.182533, 49.123864, 168], [6.182594, 49.123871, 168], [6.182611, 49.123891, 168], [6.182615, 49.123919, 168], [6.182616, 49.123933, 168], [6.182601, 49.123975, 168], [6.182711, 49.123983, 168], [6.18311, 49.124026, 168], [6.183203, 49.124034, 168], [6.183286, 49.124042, 168], [6.1837, 49.12408, 168], [6.184191, 49.124225, 167], [6.184281, 49.12424, 166], [6.184372, 49.124239, 166], [6.1844, 49.124235, 167], [6.18442, 49.124237, 166], [6.184433, 49.124266, 166], [6.184455, 49.124303, 166], [6.184493, 49.124333, 166], [6.184731, 49.124405, 167], [6.185154, 49.124486, 168], [6.185342, 49.124543, 166], [6.185376, 49.124554, 166], [6.185443, 49.124575, 165], [6.185425, 49.124598, 165], [6.185453, 49.124611, 165], [6.185474, 49.124621, 165], [6.185413, 49.12472, 165], [6.185653, 49.124891, 165], [6.185644, 49.12495, 166], [6.185987, 49.124975, 166], [6.18603, 49.124978, 166], [6.186063, 49.12498, 166], [6.185991, 49.125077, 166], [6.185773, 49.125305, 166], [6.185664, 49.125436, 166], [6.185649, 49.125469, 166], [6.185675, 49.125549, 167], [6.185699, 49.125623, 166], [6.185713, 49.125659, 166], [6.185728, 49.125697, 166], [6.185573, 49.125679, 165], [6.185613, 49.125867, 163], [6.18565, 49.125932, 163], [6.185833, 49.126059, 163], [6.185956, 49.126195, 165], [6.1863, 49.126409, 164], [6.186331, 49.12642, 164], [6.186372, 49.126422, 164], [6.186422, 49.126415, 164], [6.186565, 49.126375, 165], [6.186614, 49.12635, 165], [6.186659, 49.126316, 166], [6.186768, 49.126147, 166], [6.186809, 49.126048, 167], [6.186898, 49.125903, 168], [6.186921, 49.125771, 168], [6.186942, 49.125727, 169], [6.186982, 49.125685, 169], [6.187136, 49.125587, 170], [6.187183, 49.125567, 171], [6.187269, 49.125554, 171], [6.187285, 49.125588, 171], [6.187335, 49.125612, 171], [6.187374, 49.125626, 171], [6.187462, 49.125631, 172], [6.18754, 49.125637, 172], [6.18762, 49.12562, 171], [6.187668, 49.125604, 171], [6.187761, 49.125573, 171], [6.18803, 49.125569, 171], [6.188238, 49.125671, 170], [6.188291, 49.125693, 170], [6.188238, 49.125671, 170], [6.18803, 49.125569, 171], [6.187761, 49.125573, 171], [6.187668, 49.125604, 171], [6.18762, 49.12562, 171], [6.187614, 49.125597, 171], [6.187613, 49.125528, 172], [6.187615, 49.125486, 172], [6.187855, 49.125466, 171], [6.1879, 49.125447, 171], [6.187923, 49.125437, 171], [6.187803, 49.125302, 171], [6.187701, 49.125072, 172], [6.187697, 49.124926, 172], [6.187732, 49.124796, 172], [6.187918, 49.12483, 174], [6.187911, 49.124867, 174], [6.187926, 49.124883, 174], [6.187964, 49.124895, 175], [6.188045, 49.124905, 177], [6.188097, 49.124911, 178], [6.188149, 49.124917, 178], [6.18846, 49.124954, 181], [6.189208, 49.125071, 186], [6.189413, 49.125108, 188], [6.189734, 49.125119, 191], [6.190005, 49.125118, 196], [6.190154, 49.125096, 195], [6.190185, 49.125077, 195], [6.190225, 49.125032, 194], [6.190314, 49.124818, 197], [6.190355, 49.124756, 198], [6.190589, 49.124486, 198], [6.190667, 49.124326, 199], [6.190685, 49.124209, 199], [6.190767, 49.12392, 198], [6.190853, 49.123684, 198], [6.191022, 49.12342, 198], [6.191131, 49.123305, 198], [6.191346, 49.123161, 200], [6.191713, 49.122931, 199], [6.192015, 49.122717, 200], [6.192132, 49.122619, 201], [6.192195, 49.122545, 200], [6.192266, 49.122431, 202], [6.192328, 49.122314, 203], [6.192354, 49.122232, 204], [6.192336, 49.122084, 202], [6.192266, 49.121819, 200], [6.192264, 49.121739, 199], [6.192304, 49.121583, 199], [6.192314, 49.121484, 199], [6.19224, 49.121331, 199], [6.192032, 49.120843, 198], [6.192035, 49.120832, 198], [6.192058, 49.120813, 198], [6.192067, 49.120667, 198], [6.192234, 49.120667, 199], [6.192234, 49.120631, 198], [6.191992, 49.120634, 198], [6.191472, 49.120629, 198], [6.191447, 49.120629, 198], [6.191422, 49.120629, 198], [6.191013, 49.120623, 197], [6.19087, 49.12061, 196], [6.190832, 49.12059, 196], [6.190804, 49.120557, 196], [6.190782, 49.120496, 195], [6.190718, 49.120215, 194], [6.190668, 49.120121, 194], [6.190507, 49.119956, 192], [6.190536, 49.119946, 192], [6.190569, 49.119935, 193], [6.19062, 49.119921, 193], [6.190691, 49.1199, 193], [6.19071, 49.119881, 193], [6.190835, 49.119209, 192], [6.190734, 49.119169, 192], [6.190539, 49.119116, 191], [6.190486, 49.119094, 191], [6.19037, 49.118955, 191], [6.190414, 49.118936, 191], [6.19043, 49.118919, 192], [6.190434, 49.118872, 192], [6.190235, 49.118221, 190], [6.190163, 49.118238, 189], [6.189978, 49.11818, 188], [6.189895, 49.11819, 188], [6.189865, 49.118125, 188], [6.189806, 49.118042, 187], [6.189735, 49.117942, 186], [6.189686, 49.117891, 186], [6.189635, 49.117842, 186], [6.189483, 49.117726, 184], [6.189395, 49.117674, 184], [6.189292, 49.117626, 184], [6.189169, 49.117603, 184], [6.189086, 49.117601, 184], [6.188992, 49.117611, 183], [6.188904, 49.117643, 182], [6.188826, 49.117688, 182], [6.18876, 49.117747, 182], [6.188712, 49.117828, 181], [6.1886, 49.117794, 180], [6.188509, 49.117792, 178], [6.187812, 49.11787, 178], [6.187744, 49.117858, 178], [6.187729, 49.117848, 178], [6.187714, 49.117809, 178], [6.187718, 49.11776, 178], [6.187744, 49.11768, 177], [6.187755, 49.117672, 176], [6.187773, 49.11767, 176], [6.18779, 49.117681, 176], [6.187795, 49.117696, 176], [6.18781, 49.1177, 176], [6.187824, 49.117697, 176], [6.187832, 49.117687, 176], [6.187835, 49.117584, 175], [6.187811, 49.117516, 174], [6.187745, 49.117454, 174], [6.187736, 49.117426, 175], [6.187577, 49.11741, 177], [6.186148, 49.117393, 173], [6.186147, 49.117502, 173], [6.186145, 49.117559, 172], [6.186028, 49.117625, 172], [6.18585, 49.117771, 172], [6.185809, 49.117801, 172], [6.185749, 49.117817, 172], [6.185671, 49.117827, 172], [6.185564, 49.11783, 172], [6.185525, 49.117832, 172], [6.185435, 49.117822, 172], [6.185359, 49.117807, 172], [6.185217, 49.117797, 172], [6.18519, 49.117795, 173], [6.185177, 49.117823, 173], [6.185124, 49.117815, 173], [6.185079, 49.117809, 173], [6.185072, 49.117839, 173], [6.18499, 49.11783, 173], [6.185004, 49.117779, 173], [6.18488, 49.117774, 172], [6.184859, 49.117774, 172], [6.184815, 49.117772, 172], [6.184658, 49.117767, 172], [6.183944, 49.117743, 171], [6.183273, 49.117717, 171], [6.183235, 49.117716, 171], [6.183137, 49.117713, 171], [6.183057, 49.117708, 171], [6.183018, 49.117706, 171], [6.182662, 49.117686, 171], [6.182491, 49.117689, 171], [6.182311, 49.1177, 171], [6.181942, 49.117742, 171], [6.181793, 49.117762, 171], [6.181735, 49.117722, 171], [6.18165, 49.117687, 171], [6.181138, 49.117478, 170], [6.181026, 49.117433, 170], [6.180963, 49.117407, 170], [6.1809, 49.117367, 170], [6.180298, 49.11699, 169], [6.180188, 49.116921, 169], [6.18011, 49.116872, 169], [6.18004, 49.116819, 169], [6.18002, 49.116805, 169], [6.179984, 49.116781, 169], [6.179866, 49.116734, 169], [6.179802, 49.116724, 169], [6.179594, 49.11672, 169], [6.179447, 49.116726, 169], [6.179154, 49.116737, 170], [6.17911, 49.116739, 170], [6.179047, 49.116741, 170], [6.17887, 49.116748, 170], [6.178832, 49.116749, 170], [6.178796, 49.116755, 170], [6.178553, 49.11679, 172], [6.178295, 49.116845, 173], [6.178091, 49.116897, 173], [6.177915, 49.116688, 174], [6.177685, 49.116414, 174], [6.177654, 49.116377, 174], [6.177613, 49.11632, 174], [6.177506, 49.116175, 174], [6.177407, 49.116014, 174], [6.177282, 49.115809, 174], [6.177033, 49.115522, 175], [6.176867, 49.115387, 174]]}}, {"type": "Feature", "properties": {"id": "remparts-sainte-croix", "nom": "Les remparts et la colline Sainte-Croix", "couleur": "#8E5572"}, "geometry": {"type": "LineString", "coordinates": [[6.176867, 49.115387, 174], [6.177033, 49.115522, 175], [6.177282, 49.115809, 174], [6.177407, 49.116014, 174], [6.177506, 49.116175, 174], [6.177613, 49.11632, 174], [6.177654, 49.116377, 174], [6.177685, 49.116414, 174], [6.177915, 49.116688, 174], [6.178091, 49.116897, 173], [6.178295, 49.116845, 173], [6.178553, 49.11679, 172], [6.178796, 49.116755, 170], [6.178832, 49.116749, 170], [6.17887, 49.116748, 170], [6.179047, 49.116741, 170], [6.17911, 49.116739, 170], [6.179154, 49.116737, 170], [6.179447, 49.116726, 169], [6.179594, 49.11672, 169], [6.179802, 49.116724, 169], [6.179866, 49.116734, 169], [6.179984, 49.116781, 169], [6.18002, 49.116805, 169], [6.18004, 49.116819, 169], [6.18011, 49.116872, 169], [6.180188, 49.116921, 169], [6.180298, 49.11699, 169], [6.1809, 49.117367, 170], [6.180963, 49.117407, 170], [6.181026, 49.117433, 170], [6.181138, 49.117478, 170], [6.18165, 49.117687, 171], [6.181735, 49.117722, 171], [6.181793, 49.117762, 171], [6.181942, 49.117742, 171], [6.182311, 49.1177, 171], [6.182491, 49.117689, 171], [6.182662, 49.117686, 171], [6.183018, 49.117706, 171], [6.183057, 49.117708, 171], [6.183137, 49.117713, 171], [6.183235, 49.117716, 171], [6.183273, 49.117717, 171], [6.183944, 49.117743, 171], [6.184658, 49.117767, 172], [6.184815, 49.117772, 172], [6.184859, 49.117774, 172], [6.18488, 49.117774, 172], [6.185004, 49.117779, 173], [6.18499, 49.11783, 173], [6.185072, 49.117839, 173], [6.185079, 49.117809, 173], [6.185124, 49.117815, 173], [6.185177, 49.117823, 173], [6.18519, 49.117795, 173], [6.185217, 49.117797, 173], [6.185359, 49.117807, 173], [6.185435, 49.117822, 173], [6.185525, 49.117832, 173], [6.185564, 49.11783, 173], [6.185525, 49.117832, 173], [6.185435, 49.117822, 173], [6.185359, 49.117807, 173], [6.185217, 49.117797, 173], [6.18519, 49.117795, 173], [6.185177, 49.117823, 173], [6.185124, 49.117815, 173], [6.185079, 49.117809, 173], [6.185072, 49.117839, 173], [6.18499, 49.11783, 173], [6.185004, 49.117779, 173], [6.18488, 49.117774, 172], [6.184859, 49.117774, 172], [6.184815, 49.117772, 172], [6.184658, 49.117767, 172], [6.183944, 49.117743, 171], [6.183943, 49.117784, 171], [6.183818, 49.118038, 171], [6.183805, 49.11806, 171], [6.183598, 49.11841, 170], [6.183479, 49.118613, 169], [6.18346, 49.118645, 169], [6.183251, 49.118642, 168], [6.18293, 49.118658, 168], [6.182839, 49.118662, 168], [6.18265, 49.118724, 168], [6.182524, 49.118978, 166], [6.182495, 49.119031, 166], [6.182466, 49.119078, 166], [6.182273, 49.119427, 167], [6.182262, 49.119445, 167], [6.182231, 49.119499, 167], [6.182199, 49.119547, 167], [6.18218, 49.119577, 168], [6.182071, 49.11954, 168], [6.182023, 49.119523, 168], [6.182014, 49.11964, 168], [6.181901, 49.119631, 169], [6.181807, 49.119709, 172], [6.181762, 49.119778, 174], [6.181721, 49.119848, 176], [6.181684, 49.119889, 177], [6.181598, 49.119926, 178], [6.181534, 49.119943, 180], [6.181478, 49.11995, 180], [6.181427, 49.119946, 180], [6.18133, 49.119921, 182], [6.181281, 49.119891, 182], [6.181086, 49.119918, 186], [6.181049, 49.119726, 185], [6.181049, 49.119726, 185], [6.181086, 49.119918, 186], [6.181119, 49.120033, 186], [6.181117, 49.120096, 186], [6.181037, 49.120438, 184], [6.180958, 49.120652, 184], [6.180896, 49.12073, 185], [6.180843, 49.120769, 186], [6.180871, 49.120788, 185], [6.181002, 49.120868, 183], [6.181012, 49.120874, 183], [6.181032, 49.120887, 183], [6.180572, 49.121175, 185], [6.179936, 49.121533, 184], [6.179865, 49.121572, 184], [6.17981, 49.121597, 184], [6.179531, 49.121733, 182], [6.17926, 49.121938, 179], [6.179188, 49.121986, 179], [6.179101, 49.122038, 178], [6.179033, 49.122072, 178], [6.178958, 49.122113, 177], [6.178869, 49.122146, 176], [6.178243, 49.122381, 171], [6.178182, 49.122404, 170], [6.178288, 49.122523, 170], [6.178202, 49.12257, 169], [6.178173, 49.122585, 168], [6.178155, 49.122599, 168], [6.178309, 49.122734, 169], [6.178503, 49.122943, 166], [6.178472, 49.122967, 166], [6.178068, 49.123351, 166], [6.178034, 49.123384, 166], [6.177847, 49.123562, 168], [6.177783, 49.123533, 168], [6.177728, 49.123506, 168], [6.177652, 49.123476, 167], [6.177625, 49.123464, 167], [6.177546, 49.12343, 166], [6.17746, 49.123418, 166], [6.177294, 49.123405, 166], [6.177059, 49.123384, 166], [6.176973, 49.123386, 166], [6.176884, 49.123389, 166], [6.176909, 49.123282, 166], [6.176666, 49.123256, 165], [6.176909, 49.123282, 166], [6.176884, 49.123389, 166], [6.176806, 49.123398, 166], [6.176305, 49.123584, 167], [6.176289, 49.12361, 167], [6.176228, 49.123598, 167], [6.176055, 49.123588, 167], [6.175967, 49.123593, 168], [6.175844, 49.123634, 169], [6.175752, 49.123692, 169], [6.175523, 49.123861, 168], [6.175375, 49.123824, 168], [6.175317, 49.123819, 168], [6.175372, 49.123645, 168], [6.17534, 49.12364, 168], [6.175324, 49.123637, 168], [6.175331, 49.123614, 168], [6.1753, 49.123608, 168], [6.174628, 49.12347, 168], [6.174575, 49.123458, 168], [6.17447, 49.123434, 167], [6.174254, 49.12337, 167], [6.174089, 49.123287, 167], [6.174063, 49.123281, 167], [6.174043, 49.123283, 167], [6.17336, 49.123699, 168], [6.173114, 49.123863, 168], [6.172941, 49.123949, 168], [6.17289, 49.123951, 168], [6.172534, 49.123642, 168], [6.172264, 49.123389, 168], [6.172178, 49.123322, 168], [6.172121, 49.123256, 168], [6.172107, 49.123241, 168], [6.171814, 49.122782, 168], [6.171785, 49.122666, 168], [6.171734, 49.12261, 168], [6.171723, 49.122589, 168], [6.171355, 49.122214, 168], [6.171242, 49.122107, 168], [6.171013, 49.121928, 169], [6.170969, 49.121884, 168], [6.170675, 49.121652, 168], [6.17058, 49.121574, 168], [6.170567, 49.121561, 168], [6.170569, 49.121548, 168], [6.170588, 49.121529, 168], [6.170561, 49.121513, 168], [6.170549, 49.121503, 168], [6.170832, 49.12133, 167], [6.170793, 49.12127, 167], [6.170831, 49.121257, 167], [6.170022, 49.120033, 169], [6.169988, 49.120006, 169], [6.170017, 49.119982, 169], [6.170079, 49.119931, 169], [6.170149, 49.119905, 169], [6.170246, 49.119849, 169], [6.170295, 49.119816, 169], [6.170395, 49.119751, 168], [6.170921, 49.119416, 168], [6.170992, 49.119384, 170], [6.171022, 49.11939, 170], [6.171074, 49.119352, 171], [6.171135, 49.119319, 171], [6.171084, 49.119277, 171], [6.17017, 49.11865, 174], [6.16987, 49.118284, 176], [6.169868, 49.118257, 176], [6.169879, 49.118241, 176], [6.16993, 49.118214, 176], [6.169908, 49.118196, 177], [6.169865, 49.11816, 177], [6.169822, 49.118126, 178], [6.169769, 49.118144, 178], [6.169735, 49.118123, 178], [6.169385, 49.117825, 177], [6.169262, 49.117711, 178], [6.169237, 49.117682, 178], [6.16913, 49.117458, 178], [6.169067, 49.117273, 178], [6.169045, 49.117232, 178], [6.169025, 49.11719, 178], [6.168992, 49.117122, 177], [6.1694, 49.116886, 178], [6.169519, 49.116816, 179], [6.169594, 49.116782, 180], [6.169573, 49.116763, 180], [6.170123, 49.116497, 182], [6.170632, 49.11625, 182], [6.170534, 49.116162, 181], [6.170501, 49.116133, 181], [6.170548, 49.116105, 181], [6.170579, 49.116069, 181], [6.170589, 49.116028, 181], [6.170578, 49.115987, 181], [6.170552, 49.115955, 181], [6.170578, 49.115987, 181], [6.170589, 49.116028, 181], [6.170579, 49.116069, 181], [6.170548, 49.116105, 181], [6.170501, 49.116133, 181], [6.170534, 49.116162, 181], [6.170632, 49.11625, 182], [6.17089, 49.116488, 183], [6.171066, 49.116649, 184], [6.171183, 49.116831, 184], [6.171246, 49.116873, 184], [6.171303, 49.116855, 184], [6.171361, 49.116838, 184], [6.171377, 49.116854, 184], [6.171822, 49.116655, 182], [6.172417, 49.116385, 180], [6.172772, 49.116227, 179], [6.172845, 49.116196, 179], [6.173154, 49.11604, 178], [6.173875, 49.115703, 177], [6.174051, 49.115605, 177], [6.174009, 49.115554, 177], [6.174025, 49.115538, 177], [6.174092, 49.115499, 177], [6.17419, 49.115457, 177], [6.174529, 49.115332, 176], [6.174899, 49.115186, 175], [6.175001, 49.115157, 175], [6.175222, 49.115083, 175], [6.175353, 49.115028, 175], [6.175654, 49.114897, 174], [6.17579, 49.11484, 174], [6.17586, 49.11481, 174], [6.175921, 49.11479, 174], [6.176163, 49.11492, 174], [6.176179, 49.11493, 174], [6.176374, 49.11504, 174], [6.176627, 49.115193, 174], [6.176867, 49.115387, 175]]}}, {"type": "Feature", "properties": {"id": "jardins-du-centre", "nom": "Le tour des jardins du centre", "couleur": "#B5651D"}, "geometry": {"type": "LineString", "coordinates": [[6.176867, 49.115387, 174], [6.176627, 49.115193, 174], [6.176374, 49.11504, 174], [6.176179, 49.11493, 174], [6.176163, 49.11492, 174], [6.175921, 49.11479, 174], [6.176365, 49.114643, 174], [6.17664, 49.114518, 174], [6.177009, 49.114359, 174], [6.177156, 49.1143, 173], [6.177311, 49.114249, 172], [6.178059, 49.114018, 171], [6.178093, 49.114002, 171], [6.178123, 49.113977, 171], [6.178177, 49.113924, 171], [6.178212, 49.113868, 171], [6.17823, 49.113814, 171], [6.178248, 49.11366, 171], [6.178247, 49.113552, 171], [6.178393, 49.11356, 171], [6.178993, 49.113609, 170], [6.179332, 49.113639, 170], [6.179418, 49.113646, 170], [6.179428, 49.113607, 170], [6.179576, 49.112931, 170], [6.179588, 49.112875, 170], [6.179621, 49.112889, 170], [6.179652, 49.112891, 170], [6.179712, 49.112898, 170], [6.179732, 49.112856, 170], [6.179737, 49.112846, 170], [6.180237, 49.112801, 171], [6.180247, 49.11278, 171], [6.18032, 49.112631, 171], [6.180414, 49.112447, 171], [6.180462, 49.112458, 171], [6.180616, 49.112491, 171], [6.180726, 49.112515, 171], [6.180844, 49.11254, 171], [6.18087, 49.112545, 171], [6.180844, 49.11254, 171], [6.180726, 49.112515, 171], [6.180616, 49.112491, 171], [6.180462, 49.112458, 171], [6.180414, 49.112447, 171], [6.18032, 49.112631, 171], [6.180247, 49.11278, 171], [6.180237, 49.112801, 171], [6.179737, 49.112846, 170], [6.179732, 49.112856, 170], [6.179712, 49.112898, 170], [6.179652, 49.112891, 170], [6.179621, 49.112889, 170], [6.179588, 49.112875, 170], [6.179541, 49.112865, 170], [6.179499, 49.112857, 170], [6.178607, 49.112658, 171], [6.178548, 49.112655, 171], [6.178513, 49.112655, 171], [6.178489, 49.112655, 171], [6.178466, 49.112656, 171], [6.178446, 49.112656, 171], [6.178104, 49.112663, 172], [6.177809, 49.112671, 172], [6.177578, 49.112678, 172], [6.177453, 49.112681, 172], [6.177431, 49.112294, 172], [6.177258, 49.112298, 172], [6.177192, 49.1123, 172], [6.177102, 49.112302, 172], [6.177072, 49.112229, 173], [6.176952, 49.112233, 173], [6.175578, 49.112274, 174], [6.175369, 49.112281, 174], [6.175309, 49.112282, 175], [6.175197, 49.112286, 175], [6.175026, 49.11229, 175], [6.174719, 49.112297, 175], [6.173975, 49.112315, 176], [6.173972, 49.112285, 176], [6.173793, 49.112291, 176], [6.173776, 49.112231, 176], [6.173703, 49.11217, 176], [6.173671, 49.112159, 176], [6.173674, 49.112152, 176], [6.173735, 49.112068, 176], [6.17373, 49.112043, 176], [6.173617, 49.11206, 176], [6.173591, 49.112067, 176], [6.173546, 49.11208, 176], [6.173531, 49.112085, 176], [6.173481, 49.112032, 176], [6.173332, 49.112054, 176], [6.17332, 49.112037, 176], [6.17318, 49.111834, 177], [6.17311, 49.111836, 178], [6.173053, 49.111837, 178], [6.172994, 49.111839, 178], [6.17295, 49.111832, 178], [6.172766, 49.111838, 178], [6.172462, 49.111844, 178], [6.17218, 49.111859, 178], [6.172063, 49.111867, 178], [6.172006, 49.111869, 179], [6.171949, 49.111871, 179], [6.171893, 49.111875, 179], [6.171864, 49.111886, 179], [6.171847, 49.111941, 179], [6.171574, 49.112467, 179], [6.171482, 49.112715, 179], [6.171451, 49.112641, 179], [6.17139, 49.112608, 179], [6.171339, 49.1126, 179], [6.171258, 49.112615, 179], [6.171222, 49.112621, 179], [6.171028, 49.112661, 180], [6.170954, 49.112678, 180], [6.170842, 49.112565, 180], [6.17094, 49.11251, 180], [6.170842, 49.112565, 180], [6.170954, 49.112678, 180], [6.170923, 49.112685, 180], [6.170526, 49.112859, 182], [6.169804, 49.113175, 184], [6.169865, 49.113233, 184], [6.169926, 49.113288, 184], [6.170025, 49.113383, 184], [6.169921, 49.113429, 184], [6.169829, 49.113471, 184], [6.169985, 49.113628, 184], [6.170085, 49.113723, 184], [6.170149, 49.113783, 184], [6.170222, 49.113872, 184], [6.170264, 49.113914, 184], [6.170474, 49.114124, 183], [6.170482, 49.114133, 183], [6.170476, 49.114135, 183], [6.17117, 49.114817, 183], [6.170582, 49.115076, 184], [6.170466, 49.115127, 184], [6.170513, 49.115172, 184], [6.170731, 49.115378, 182], [6.170802, 49.115446, 182], [6.170111, 49.115778, 182], [6.170242, 49.115895, 181], [6.170282, 49.115931, 181], [6.170334, 49.115912, 181], [6.170391, 49.115905, 181], [6.17045, 49.115909, 181], [6.170503, 49.115925, 181], [6.170547, 49.11595, 181], [6.170552, 49.115955, 181], [6.170578, 49.115987, 181], [6.170589, 49.116028, 181], [6.170579, 49.116069, 181], [6.170548, 49.116105, 181], [6.170501, 49.116133, 181], [6.170534, 49.116162, 181], [6.170632, 49.11625, 182], [6.170123, 49.116497, 182], [6.169573, 49.116763, 180], [6.169594, 49.116782, 180], [6.169519, 49.116816, 179], [6.1694, 49.116886, 178], [6.168992, 49.117122, 177], [6.169025, 49.11719, 178], [6.169045, 49.117232, 178], [6.169067, 49.117273, 178], [6.16913, 49.117458, 178], [6.169237, 49.117682, 178], [6.169262, 49.117711, 178], [6.169385, 49.117825, 177], [6.169735, 49.118123, 178], [6.169769, 49.118144, 178], [6.169822, 49.118126, 178], [6.169865, 49.11816, 177], [6.169908, 49.118196, 177], [6.16993, 49.118214, 176], [6.169879, 49.118241, 176], [6.169868, 49.118257, 176], [6.16987, 49.118284, 176], [6.17017, 49.11865, 174], [6.171084, 49.119277, 171], [6.171135, 49.119319, 171], [6.171074, 49.119352, 171], [6.171022, 49.11939, 170], [6.170992, 49.119384, 170], [6.170921, 49.119416, 168], [6.170395, 49.119751, 169], [6.170921, 49.119416, 168], [6.170992, 49.119384, 170], [6.171022, 49.11939, 170], [6.171074, 49.119352, 171], [6.171135, 49.119319, 171], [6.171405, 49.119532, 169], [6.171469, 49.119569, 169], [6.171522, 49.119594, 169], [6.17163, 49.119568, 170], [6.171877, 49.11951, 172], [6.171999, 49.119461, 173], [6.172539, 49.119333, 175], [6.172918, 49.11924, 177], [6.173312, 49.119142, 177], [6.173525, 49.119089, 178], [6.173948, 49.118889, 179], [6.174043, 49.118849, 180], [6.174537, 49.118687, 181], [6.174922, 49.119036, 179], [6.175256, 49.119326, 179], [6.175313, 49.119375, 179], [6.175322, 49.119383, 179], [6.175327, 49.119387, 179], [6.175669, 49.119203, 180], [6.175699, 49.119187, 179], [6.175793, 49.119262, 179], [6.17584, 49.119241, 179], [6.176184, 49.119089, 180], [6.177012, 49.118722, 180], [6.177229, 49.118624, 179], [6.177669, 49.118426, 178], [6.177853, 49.118346, 176], [6.178205, 49.118196, 175], [6.178229, 49.118186, 175], [6.17837, 49.118133, 174], [6.178392, 49.118125, 174], [6.178679, 49.118006, 172], [6.17897, 49.118255, 175], [6.179043, 49.118294, 175], [6.179178, 49.118347, 176], [6.179669, 49.118719, 179], [6.180189, 49.119047, 182], [6.180225, 49.119084, 182], [6.180232, 49.119091, 183], [6.180265, 49.119111, 183], [6.180877, 49.119493, 184], [6.180951, 49.119553, 184], [6.180984, 49.119587, 184], [6.181027, 49.119665, 184], [6.181046, 49.119718, 185], [6.181027, 49.119665, 184], [6.180984, 49.119587, 184], [6.180951, 49.119553, 184], [6.180877, 49.119493, 184], [6.180265, 49.119111, 183], [6.180232, 49.119091, 183], [6.180225, 49.119084, 182], [6.18028, 49.119049, 180], [6.180166, 49.118975, 179], [6.179997, 49.118843, 179], [6.179753, 49.118686, 177], [6.179532, 49.118525, 176], [6.179272, 49.118315, 174], [6.179194, 49.118225, 174], [6.179188, 49.118196, 173], [6.179202, 49.11813, 172], [6.179038, 49.117993, 171], [6.178949, 49.117898, 171], [6.178972, 49.11789, 171], [6.178929, 49.117845, 171], [6.178893, 49.117815, 171], [6.17896, 49.117631, 171], [6.178972, 49.117598, 171], [6.178976, 49.117584, 171], [6.179018, 49.117457, 171], [6.178983, 49.117296, 170], [6.178955, 49.117138, 170], [6.17887, 49.116748, 170], [6.178832, 49.116749, 170], [6.178796, 49.116755, 170], [6.178553, 49.11679, 172], [6.178295, 49.116845, 173], [6.178091, 49.116897, 173], [6.177915, 49.116688, 174], [6.177685, 49.116414, 174], [6.177654, 49.116377, 174], [6.177613, 49.11632, 174], [6.177506, 49.116175, 174], [6.177407, 49.116014, 174], [6.177282, 49.115809, 174], [6.177033, 49.115522, 175], [6.176867, 49.115387, 174]]}}, {"type": "Feature", "properties": {"id": "tour-du-sablon", "nom": "Le tour du Sablon", "couleur": "#5D5FA6"}, "geometry": {"type": "LineString", "coordinates": [[6.176867, 49.115387, 174], [6.176627, 49.115193, 174], [6.176374, 49.11504, 174], [6.176179, 49.11493, 174], [6.176163, 49.11492, 174], [6.175921, 49.11479, 174], [6.176365, 49.114643, 174], [6.17664, 49.114518, 174], [6.177009, 49.114359, 174], [6.176971, 49.114323, 174], [6.176948, 49.114301, 174], [6.17688, 49.11423, 174], [6.176819, 49.114194, 174], [6.176448, 49.114008, 174], [6.176377, 49.113973, 174], [6.176417, 49.113938, 174], [6.176546, 49.11384, 174], [6.17669, 49.113755, 173], [6.177129, 49.113495, 172], [6.177232, 49.113434, 172], [6.177211, 49.113419, 172], [6.177158, 49.113381, 172], [6.177093, 49.113311, 172], [6.177084, 49.11312, 173], [6.177073, 49.112879, 172], [6.177091, 49.112848, 172], [6.177163, 49.112791, 172], [6.177124, 49.112689, 172], [6.177106, 49.112636, 172], [6.177081, 49.112324, 172], [6.177102, 49.112302, 172], [6.177072, 49.112229, 173], [6.177062, 49.112178, 173], [6.177057, 49.112111, 173], [6.177045, 49.112024, 173], [6.177025, 49.111811, 173], [6.177022, 49.111778, 173], [6.177024, 49.111743, 174], [6.17709, 49.11174, 173], [6.17716, 49.111728, 173], [6.177158, 49.111696, 173], [6.177156, 49.111665, 173], [6.177156, 49.111632, 173], [6.177155, 49.111579, 173], [6.177153, 49.111496, 174], [6.177152, 49.111462, 174], [6.177154, 49.111405, 174], [6.177115, 49.111385, 174], [6.177108, 49.111374, 174], [6.177134, 49.110983, 174], [6.177136, 49.110712, 174], [6.177146, 49.110604, 174], [6.177147, 49.110595, 174], [6.17715, 49.110568, 174], [6.177057, 49.110531, 174], [6.176946, 49.110488, 174], [6.176944, 49.110406, 174], [6.176638, 49.110254, 174], [6.176661, 49.110233, 174], [6.176737, 49.110166, 174], [6.17678, 49.110128, 174], [6.176962, 49.110015, 174], [6.17701, 49.109977, 174], [6.177006, 49.1099, 176], [6.177037, 49.109872, 176], [6.177134, 49.109788, 178], [6.177304, 49.10963, 180], [6.177363, 49.109573, 180], [6.177313, 49.10954, 180], [6.177291, 49.109529, 180], [6.177166, 49.109469, 180], [6.177103, 49.109437, 180], [6.177154, 49.109393, 180], [6.176977, 49.109308, 179], [6.176592, 49.109122, 179], [6.17654, 49.109167, 180], [6.176479, 49.109139, 180], [6.176285, 49.109045, 179], [6.176262, 49.109032, 178], [6.176235, 49.109019, 178], [6.176169, 49.109076, 177], [6.176096, 49.109137, 175], [6.176065, 49.109161, 175], [6.176049, 49.109172, 175], [6.175973, 49.109166, 174], [6.175844, 49.109256, 174], [6.175803, 49.109289, 174], [6.175758, 49.10933, 174], [6.17573, 49.109356, 174], [6.175634, 49.109444, 174], [6.175621, 49.109457, 174], [6.175334, 49.109313, 174], [6.17526, 49.109375, 174], [6.175227, 49.109403, 174], [6.175136, 49.109454, 174], [6.175103, 49.10946, 174], [6.175013, 49.109539, 174], [6.175019, 49.109596, 174], [6.174918, 49.109607, 174], [6.174867, 49.109629, 174], [6.174832, 49.109644, 174], [6.1747, 49.10975, 174], [6.174568, 49.109686, 174], [6.174553, 49.109679, 174], [6.174466, 49.109641, 175], [6.174413, 49.109688, 175], [6.174138, 49.109924, 176], [6.174112, 49.109947, 176], [6.17406, 49.110018, 176], [6.174029, 49.110063, 176], [6.173579, 49.1099, 177], [6.17335, 49.109831, 177], [6.172921, 49.109681, 177], [6.172361, 49.109478, 178], [6.172298, 49.109448, 178], [6.172215, 49.109409, 178], [6.172008, 49.109286, 178], [6.171984, 49.109263, 178], [6.171904, 49.109196, 178], [6.171867, 49.109163, 178], [6.17163, 49.108998, 178], [6.171588, 49.108975, 178], [6.171479, 49.108924, 178], [6.171409, 49.108879, 179], [6.170425, 49.108177, 179], [6.170133, 49.107963, 180], [6.170072, 49.107907, 180], [6.16998, 49.107877, 180], [6.170004, 49.107838, 180], [6.169934, 49.107821, 180], [6.169882, 49.10785, 180], [6.169701, 49.107895, 180], [6.169882, 49.10785, 180], [6.169934, 49.107821, 180], [6.170004, 49.107838, 180], [6.170035, 49.107791, 180], [6.170083, 49.107793, 180], [6.170112, 49.107722, 179], [6.170288, 49.107612, 179], [6.170688, 49.107415, 178], [6.170863, 49.107332, 177], [6.170987, 49.107265, 176], [6.171081, 49.107214, 176], [6.171271, 49.107092, 175], [6.171294, 49.107075, 175], [6.171358, 49.107022, 174], [6.171429, 49.106972, 174], [6.171483, 49.106956, 174], [6.171821, 49.106916, 174], [6.171851, 49.106912, 174], [6.171998, 49.106826, 176], [6.173163, 49.10608, 173], [6.173329, 49.106087, 173], [6.173608, 49.105922, 173], [6.173676, 49.105883, 173], [6.173827, 49.105791, 173], [6.173888, 49.105727, 173], [6.173985, 49.105656, 173], [6.173966, 49.105633, 173], [6.173956, 49.105622, 173], [6.173975, 49.105605, 173], [6.173986, 49.105582, 173], [6.173983, 49.105553, 173], [6.17396, 49.105522, 173], [6.173986, 49.105507, 173], [6.17402, 49.105484, 173], [6.17404, 49.10547, 173], [6.174051, 49.105458, 173], [6.174058, 49.105438, 173], [6.174069, 49.105406, 173], [6.174093, 49.105393, 173], [6.17414, 49.105408, 173], [6.174195, 49.105402, 173], [6.174235, 49.105383, 173], [6.174248, 49.105357, 173], [6.174423, 49.104265, 173], [6.174446, 49.104261, 173], [6.1745, 49.104263, 173], [6.174555, 49.104265, 173], [6.174566, 49.104244, 173], [6.1746, 49.104226, 173], [6.174632, 49.104219, 173], [6.174637, 49.104183, 173], [6.174645, 49.104145, 173], [6.174623, 49.104128, 173], [6.174617, 49.104102, 173], [6.174795, 49.103559, 174], [6.174807, 49.103536, 174], [6.174833, 49.103527, 174], [6.174833, 49.10352, 174], [6.174841, 49.103499, 174], [6.174855, 49.103457, 174], [6.174858, 49.103448, 174], [6.17484, 49.103439, 174], [6.174835, 49.103421, 174], [6.174922, 49.103187, 174], [6.174942, 49.10315, 174], [6.174999, 49.103119, 174], [6.174997, 49.103107, 174], [6.175004, 49.10307, 174], [6.175204, 49.103086, 173], [6.175676, 49.103018, 173], [6.175788, 49.103009, 172], [6.175893, 49.103011, 172], [6.176128, 49.103034, 173], [6.17629, 49.103047, 173], [6.176765, 49.103086, 172], [6.176777, 49.103028, 172], [6.176822, 49.10303, 172], [6.176837, 49.103027, 172], [6.176874, 49.103042, 172], [6.176922, 49.103051, 172], [6.177388, 49.103094, 171], [6.177443, 49.103091, 171], [6.177497, 49.103075, 171], [6.177481, 49.103051, 171], [6.17754, 49.103047, 171], [6.17757, 49.103045, 171], [6.177627, 49.10304, 171], [6.177692, 49.103035, 171], [6.177638, 49.102741, 170], [6.177683, 49.102645, 170], [6.177648, 49.102274, 170], [6.177642, 49.101888, 170], [6.177664, 49.101888, 170], [6.177913, 49.101909, 170], [6.177923, 49.101874, 170], [6.178025, 49.101844, 170], [6.17817, 49.101843, 170], [6.178291, 49.101826, 170], [6.178348, 49.101831, 170], [6.178356, 49.101787, 170], [6.178546, 49.101787, 170], [6.17853, 49.101658, 170], [6.178538, 49.101596, 170], [6.178502, 49.101595, 170], [6.178509, 49.101564, 170], [6.178517, 49.101526, 170], [6.178551, 49.101374, 170], [6.178398, 49.10136, 170], [6.178381, 49.101306, 170], [6.178396, 49.101249, 170], [6.178384, 49.101225, 170], [6.178293, 49.101042, 170], [6.178326, 49.100921, 170], [6.178351, 49.100719, 170], [6.17832, 49.100715, 170], [6.178351, 49.100719, 170], [6.178326, 49.100921, 170], [6.178293, 49.101042, 170], [6.178384, 49.101225, 170], [6.178396, 49.101249, 170], [6.178381, 49.101306, 170], [6.178398, 49.10136, 170], [6.178551, 49.101374, 170], [6.178517, 49.101526, 170], [6.178509, 49.101564, 170], [6.178502, 49.101595, 170], [6.178538, 49.101596, 170], [6.17853, 49.101658, 170], [6.178546, 49.101787, 170], [6.178801, 49.101811, 170], [6.179049, 49.101833, 170], [6.179302, 49.10186, 170], [6.179511, 49.101878, 170], [6.179541, 49.101881, 170], [6.179574, 49.101884, 170], [6.179705, 49.101827, 170], [6.179765, 49.101807, 170], [6.179812, 49.101849, 170], [6.179811, 49.101878, 170], [6.179911, 49.101884, 170], [6.179999, 49.101889, 170], [6.179984, 49.102012, 170], [6.179998, 49.102044, 170], [6.179951, 49.102331, 170], [6.179934, 49.102362, 169], [6.179918, 49.102505, 169], [6.179938, 49.102523, 169], [6.17993, 49.10253, 169], [6.179925, 49.10257, 169], [6.180319, 49.102579, 170], [6.181851, 49.10262, 172], [6.181978, 49.102623, 172], [6.181993, 49.102786, 172], [6.182004, 49.103072, 172], [6.182005, 49.103153, 172], [6.182007, 49.103351, 172], [6.181993, 49.103684, 172], [6.181988, 49.103764, 172], [6.181981, 49.103891, 172], [6.181974, 49.103969, 172], [6.181932, 49.104344, 172], [6.18193, 49.104383, 172], [6.181928, 49.104403, 172], [6.181913, 49.104508, 172], [6.181902, 49.104573, 172], [6.181884, 49.104672, 172], [6.181881, 49.104689, 172], [6.181876, 49.10472, 172], [6.181805, 49.105069, 172], [6.181643, 49.105705, 172], [6.181595, 49.10587, 172], [6.181553, 49.10601, 171], [6.181447, 49.106299, 172], [6.181407, 49.106407, 172], [6.181346, 49.106572, 172], [6.181299, 49.106687, 172], [6.181159, 49.107019, 171], [6.181018, 49.107304, 171], [6.181002, 49.107337, 171], [6.180994, 49.107354, 171], [6.180956, 49.107444, 171], [6.180934, 49.107537, 171], [6.180853, 49.10766, 171], [6.180827, 49.107694, 171], [6.180669, 49.107953, 171], [6.180742, 49.108015, 171], [6.180786, 49.108178, 171], [6.180789, 49.108337, 172], [6.18079, 49.108391, 172], [6.180797, 49.108652, 171], [6.180815, 49.108764, 171], [6.180797, 49.108652, 171], [6.180639, 49.108846, 172], [6.180345, 49.108653, 172], [6.18027, 49.108608, 172], [6.180224, 49.108581, 172], [6.180195, 49.108564, 172], [6.180171, 49.108599, 172], [6.180121, 49.108642, 172], [6.180105, 49.108656, 172], [6.180072, 49.108681, 172], [6.180032, 49.108707, 172], [6.180009, 49.108723, 172], [6.179953, 49.108699, 172], [6.179775, 49.108596, 172], [6.179953, 49.108699, 172], [6.180009, 49.108723, 172], [6.180032, 49.108707, 172], [6.180072, 49.108681, 172], [6.180221, 49.108783, 172], [6.180155, 49.108808, 172], [6.180118, 49.108842, 172], [6.180057, 49.108947, 172], [6.180137, 49.108969, 172], [6.180189, 49.108985, 173], [6.180135, 49.109057, 173], [6.179898, 49.109469, 173], [6.179085, 49.110838, 172], [6.179042, 49.110902, 172], [6.179025, 49.11093, 172], [6.179143, 49.110983, 172], [6.179044, 49.111083, 172], [6.179008, 49.111116, 172], [6.178939, 49.111155, 172], [6.17891, 49.111279, 172], [6.17882, 49.111527, 172], [6.178802, 49.111587, 172], [6.178775, 49.111676, 172], [6.178757, 49.111732, 172], [6.178739, 49.111792, 172], [6.178714, 49.111806, 172], [6.17869, 49.111838, 172], [6.178624, 49.111829, 172], [6.178599, 49.111825, 172], [6.178541, 49.111816, 172], [6.178403, 49.112203, 172], [6.178402, 49.112271, 172], [6.178437, 49.112303, 172], [6.178475, 49.112356, 172], [6.178469, 49.112525, 171], [6.178469, 49.112535, 171], [6.178485, 49.112633, 171], [6.178489, 49.112655, 171], [6.178493, 49.112675, 171], [6.178519, 49.112706, 171], [6.178503, 49.112852, 171], [6.178481, 49.11295, 171], [6.178431, 49.113223, 171], [6.178408, 49.113324, 171], [6.178375, 49.113374, 171], [6.17832, 49.113478, 171], [6.178247, 49.113552, 171], [6.178248, 49.11366, 171], [6.17823, 49.113814, 171], [6.178212, 49.113868, 171], [6.178177, 49.113924, 171], [6.178123, 49.113977, 171], [6.178093, 49.114002, 171], [6.178059, 49.114018, 171], [6.177311, 49.114249, 172], [6.177156, 49.1143, 173], [6.177009, 49.114359, 174], [6.17664, 49.114518, 174], [6.176365, 49.114643, 174], [6.175921, 49.11479, 174], [6.176163, 49.11492, 174], [6.176179, 49.11493, 174], [6.176374, 49.11504, 174], [6.176627, 49.115193, 174], [6.176867, 49.115387, 175]]}}, {"type": "Feature", "properties": {"id": "seille-sablon", "nom": "La Seille et le Sablon", "couleur": "#7C6A3F"}, "geometry": {"type": "LineString", "coordinates": [[6.176867, 49.115387, 174], [6.176627, 49.115193, 174], [6.176374, 49.11504, 174], [6.176179, 49.11493, 174], [6.176163, 49.11492, 174], [6.175921, 49.11479, 174], [6.176365, 49.114643, 174], [6.17664, 49.114518, 174], [6.177009, 49.114359, 174], [6.176971, 49.114323, 174], [6.176948, 49.114301, 174], [6.17688, 49.11423, 174], [6.176819, 49.114194, 174], [6.176448, 49.114008, 174], [6.176377, 49.113973, 174], [6.176417, 49.113938, 174], [6.176546, 49.11384, 174], [6.17669, 49.113755, 173], [6.177129, 49.113495, 172], [6.177232, 49.113434, 172], [6.177211, 49.113419, 172], [6.177158, 49.113381, 172], [6.177093, 49.113311, 172], [6.177084, 49.11312, 173], [6.177073, 49.112879, 172], [6.177091, 49.112848, 172], [6.177163, 49.112791, 172], [6.177124, 49.112689, 172], [6.177106, 49.112636, 172], [6.177081, 49.112324, 172], [6.177102, 49.112302, 172], [6.177072, 49.112229, 173], [6.177062, 49.112178, 173], [6.177057, 49.112111, 173], [6.177045, 49.112024, 173], [6.177025, 49.111811, 173], [6.177022, 49.111778, 173], [6.177024, 49.111743, 174], [6.17709, 49.11174, 173], [6.17716, 49.111728, 173], [6.177158, 49.111696, 173], [6.177156, 49.111665, 173], [6.177156, 49.111632, 173], [6.177155, 49.111579, 173], [6.177153, 49.111496, 174], [6.177152, 49.111462, 174], [6.177154, 49.111405, 174], [6.177115, 49.111385, 174], [6.177108, 49.111374, 174], [6.177134, 49.110983, 174], [6.177136, 49.110712, 174], [6.177146, 49.110604, 174], [6.177147, 49.110595, 174], [6.17715, 49.110568, 174], [6.177057, 49.110531, 174], [6.176946, 49.110488, 174], [6.176944, 49.110406, 174], [6.176638, 49.110254, 174], [6.176661, 49.110233, 174], [6.176737, 49.110166, 174], [6.17678, 49.110128, 174], [6.176962, 49.110015, 174], [6.17701, 49.109977, 174], [6.177006, 49.1099, 176], [6.177037, 49.109872, 176], [6.177134, 49.109788, 178], [6.177304, 49.10963, 180], [6.177363, 49.109573, 180], [6.177313, 49.10954, 180], [6.177291, 49.109529, 180], [6.177166, 49.109469, 180], [6.177103, 49.109437, 180], [6.177154, 49.109393, 180], [6.176977, 49.109308, 179], [6.177154, 49.109393, 180], [6.177103, 49.109437, 180], [6.177166, 49.109469, 180], [6.177291, 49.109529, 180], [6.177313, 49.10954, 180], [6.177363, 49.109573, 180], [6.177431, 49.109607, 180], [6.177451, 49.10959, 180], [6.177644, 49.109423, 179], [6.177731, 49.109345, 179], [6.177855, 49.109235, 179], [6.177935, 49.109165, 179], [6.178123, 49.109, 179], [6.178537, 49.108634, 176], [6.178578, 49.108597, 176], [6.178965, 49.108637, 174], [6.179032, 49.108629, 174], [6.17923, 49.108603, 172], [6.179477, 49.10859, 172], [6.17959, 49.108489, 172], [6.179621, 49.108446, 172], [6.179661, 49.108418, 172], [6.17946, 49.108281, 172], [6.179109, 49.108058, 170], [6.179222, 49.107953, 172], [6.179257, 49.107848, 174], [6.179163, 49.107823, 175], [6.179129, 49.107791, 175], [6.179116, 49.107756, 175], [6.179148, 49.107575, 174], [6.179158, 49.107559, 174], [6.179179, 49.107556, 174], [6.179185, 49.107508, 174], [6.179192, 49.107458, 173], [6.179197, 49.107421, 173], [6.179198, 49.107409, 172], [6.179201, 49.107388, 172], [6.179303, 49.107394, 172], [6.179307, 49.107361, 172], [6.179312, 49.107331, 171], [6.179318, 49.107287, 171], [6.179319, 49.107275, 170], [6.179288, 49.107243, 170], [6.179283, 49.107212, 170], [6.179268, 49.107211, 170], [6.179225, 49.107209, 170], [6.179173, 49.107207, 170], [6.179132, 49.107205, 170], [6.179145, 49.107153, 170], [6.17912, 49.107156, 170], [6.179074, 49.107157, 170], [6.178557, 49.107124, 170], [6.178474, 49.107113, 170], [6.178405, 49.107088, 170], [6.178255, 49.107015, 170], [6.178097, 49.106909, 170], [6.178909, 49.106441, 169], [6.178931, 49.106414, 169], [6.178993, 49.105967, 169], [6.178941, 49.105953, 169], [6.178887, 49.105919, 169], [6.17865, 49.105631, 169], [6.178618, 49.105578, 169], [6.178594, 49.105545, 169], [6.178548, 49.105496, 169], [6.178518, 49.105454, 170], [6.178487, 49.105423, 170], [6.178414, 49.105348, 170], [6.17831, 49.105192, 170], [6.178223, 49.105056, 170], [6.178196, 49.104933, 170], [6.178174, 49.104884, 170], [6.178114, 49.104766, 170], [6.178089, 49.104712, 170], [6.178057, 49.104695, 170], [6.178021, 49.104676, 170], [6.17799, 49.104616, 170], [6.17792, 49.104462, 170], [6.177899, 49.10442, 170], [6.177895, 49.104388, 170], [6.177878, 49.104341, 170], [6.177864, 49.104322, 170], [6.177797, 49.104141, 170], [6.177756, 49.104023, 170], [6.17772, 49.103895, 170], [6.177689, 49.103788, 170], [6.177662, 49.103689, 170], [6.177635, 49.103597, 170], [6.177609, 49.103504, 170], [6.177587, 49.103365, 171], [6.177594, 49.103331, 171], [6.177557, 49.103233, 171], [6.177589, 49.103228, 171], [6.177618, 49.103223, 171], [6.177676, 49.103217, 171], [6.177736, 49.103211, 171], [6.177692, 49.103035, 171], [6.177638, 49.102741, 170], [6.177683, 49.102645, 170], [6.177648, 49.102274, 170], [6.177642, 49.101888, 170], [6.177664, 49.101888, 170], [6.177913, 49.101909, 170], [6.177923, 49.101874, 170], [6.178025, 49.101844, 170], [6.17817, 49.101843, 170], [6.178291, 49.101826, 170], [6.178348, 49.101831, 170], [6.178356, 49.101787, 170], [6.178546, 49.101787, 170], [6.17853, 49.101658, 170], [6.178538, 49.101596, 170], [6.178502, 49.101595, 170], [6.178509, 49.101564, 170], [6.178517, 49.101526, 170], [6.178551, 49.101374, 170], [6.178398, 49.10136, 170], [6.178381, 49.101306, 170], [6.178396, 49.101249, 170], [6.178384, 49.101225, 170], [6.178293, 49.101042, 170], [6.178326, 49.100921, 170], [6.178351, 49.100719, 170], [6.17832, 49.100715, 170], [6.178351, 49.100719, 170], [6.178326, 49.100921, 170], [6.178293, 49.101042, 170], [6.178384, 49.101225, 170], [6.178396, 49.101249, 170], [6.178381, 49.101306, 170], [6.178398, 49.10136, 170], [6.178551, 49.101374, 170], [6.178517, 49.101526, 170], [6.178509, 49.101564, 170], [6.178502, 49.101595, 170], [6.178538, 49.101596, 170], [6.17853, 49.101658, 170], [6.178546, 49.101787, 170], [6.178801, 49.101811, 170], [6.179049, 49.101833, 170], [6.179302, 49.10186, 170], [6.179511, 49.101878, 170], [6.179541, 49.101881, 170], [6.179574, 49.101884, 170], [6.179705, 49.101827, 170], [6.179765, 49.101807, 170], [6.179812, 49.101849, 170], [6.179811, 49.101878, 170], [6.179911, 49.101884, 170], [6.179999, 49.101889, 170], [6.179984, 49.102012, 170], [6.179998, 49.102044, 170], [6.179951, 49.102331, 170], [6.179934, 49.102362, 169], [6.179918, 49.102505, 169], [6.179938, 49.102523, 169], [6.17993, 49.10253, 169], [6.179925, 49.10257, 169], [6.180319, 49.102579, 170], [6.181851, 49.10262, 172], [6.181978, 49.102623, 172], [6.181993, 49.102786, 172], [6.182004, 49.103072, 172], [6.182005, 49.103153, 172], [6.182007, 49.103351, 172], [6.181993, 49.103684, 172], [6.181988, 49.103764, 172], [6.181981, 49.103891, 172], [6.181974, 49.103969, 172], [6.181932, 49.104344, 172], [6.18193, 49.104383, 172], [6.181928, 49.104403, 172], [6.181997, 49.104409, 172], [6.182043, 49.104413, 172], [6.182099, 49.104469, 172], [6.182088, 49.104511, 172], [6.182711, 49.104584, 171], [6.182786, 49.104592, 171], [6.182768, 49.104662, 171], [6.182936, 49.104681, 170], [6.182926, 49.10472, 170], [6.18298, 49.104726, 170], [6.183046, 49.104732, 169], [6.183193, 49.104747, 169], [6.183426, 49.104758, 170], [6.183654, 49.104781, 170], [6.18375, 49.104802, 170], [6.18381, 49.104824, 170], [6.183846, 49.104889, 170], [6.183922, 49.104893, 169], [6.184008, 49.104897, 169], [6.18396, 49.105183, 170], [6.184291, 49.105261, 170], [6.184331, 49.105271, 170], [6.184258, 49.105723, 170], [6.184442, 49.105735, 170], [6.185089, 49.105778, 169], [6.185193, 49.105787, 169], [6.185292, 49.105791, 169], [6.185302, 49.105792, 169], [6.185315, 49.105793, 168], [6.185347, 49.105795, 168], [6.185386, 49.105797, 168], [6.185424, 49.1058, 168], [6.185507, 49.105805, 167], [6.185536, 49.105954, 167], [6.185595, 49.106093, 166], [6.185474, 49.106239, 167], [6.185454, 49.106278, 167], [6.18548, 49.106283, 167], [6.1855, 49.106295, 166], [6.185539, 49.106338, 166], [6.185561, 49.106433, 166], [6.185594, 49.106522, 166], [6.185654, 49.106619, 165], [6.185666, 49.106638, 165], [6.185673, 49.106671, 165], [6.185463, 49.106656, 166], [6.185347, 49.106642, 168], [6.185325, 49.106642, 168], [6.185218, 49.10664, 168], [6.185174, 49.106639, 168], [6.185147, 49.106637, 169], [6.185078, 49.106632, 169], [6.184962, 49.106624, 170], [6.184964, 49.106609, 169], [6.184962, 49.106624, 170], [6.184711, 49.106606, 170], [6.183901, 49.107437, 170], [6.183859, 49.107434, 170], [6.183634, 49.107418, 170], [6.183617, 49.107512, 170], [6.183412, 49.107502, 170], [6.183329, 49.107497, 170], [6.183244, 49.107491, 170], [6.183229, 49.107515, 170], [6.183185, 49.107531, 170], [6.183014, 49.107518, 171], [6.183005, 49.107571, 172], [6.182999, 49.107611, 172], [6.182989, 49.107706, 172], [6.182987, 49.107726, 173], [6.182549, 49.107696, 171], [6.181239, 49.107612, 171], [6.18118, 49.107621, 171], [6.181123, 49.107629, 171], [6.181035, 49.107661, 171], [6.180975, 49.1077, 171], [6.180929, 49.107744, 171], [6.180742, 49.108015, 171], [6.180642, 49.108161, 171], [6.180345, 49.108653, 172], [6.18027, 49.108608, 172], [6.180221, 49.108783, 172], [6.180155, 49.108808, 172], [6.180118, 49.108842, 172], [6.180057, 49.108947, 172], [6.180137, 49.108969, 172], [6.180189, 49.108985, 173], [6.180135, 49.109057, 173], [6.179898, 49.109469, 173], [6.179085, 49.110838, 172], [6.179042, 49.110902, 172], [6.179025, 49.11093, 172], [6.179143, 49.110983, 172], [6.179044, 49.111083, 172], [6.179008, 49.111116, 172], [6.178939, 49.111155, 172], [6.17891, 49.111279, 172], [6.17882, 49.111527, 172], [6.178802, 49.111587, 172], [6.178775, 49.111676, 172], [6.178757, 49.111732, 172], [6.178739, 49.111792, 172], [6.178714, 49.111806, 172], [6.17869, 49.111838, 172], [6.178624, 49.111829, 172], [6.178599, 49.111825, 172], [6.178541, 49.111816, 172], [6.178403, 49.112203, 172], [6.178402, 49.112271, 172], [6.178437, 49.112303, 172], [6.178475, 49.112356, 172], [6.178469, 49.112525, 171], [6.178469, 49.112535, 171], [6.178485, 49.112633, 171], [6.178489, 49.112655, 171], [6.178493, 49.112675, 171], [6.178519, 49.112706, 171], [6.178503, 49.112852, 171], [6.178481, 49.11295, 171], [6.178431, 49.113223, 171], [6.178408, 49.113324, 171], [6.178375, 49.113374, 171], [6.17832, 49.113478, 171], [6.178247, 49.113552, 171], [6.178248, 49.11366, 171], [6.17823, 49.113814, 171], [6.178212, 49.113868, 171], [6.178177, 49.113924, 171], [6.178123, 49.113977, 171], [6.178093, 49.114002, 171], [6.178059, 49.114018, 171], [6.177311, 49.114249, 172], [6.177156, 49.1143, 173], [6.177009, 49.114359, 174], [6.17664, 49.114518, 174], [6.176365, 49.114643, 174], [6.175921, 49.11479, 174], [6.176163, 49.11492, 174], [6.176179, 49.11493, 174], [6.176374, 49.11504, 174], [6.176627, 49.115193, 174], [6.176867, 49.115387, 175]]}}, {"type": "Feature", "properties": {"id": "boucle-de-la-seille", "nom": "La boucle de la Seille", "couleur": "#3F7D6E"}, "geometry": {"type": "LineString", "coordinates": [[6.176867, 49.115387, 174], [6.176627, 49.115193, 174], [6.176374, 49.11504, 174], [6.176179, 49.11493, 174], [6.176163, 49.11492, 174], [6.175921, 49.11479, 174], [6.176365, 49.114643, 174], [6.17664, 49.114518, 174], [6.177009, 49.114359, 174], [6.177156, 49.1143, 173], [6.177311, 49.114249, 172], [6.178059, 49.114018, 171], [6.178093, 49.114002, 171], [6.178123, 49.113977, 171], [6.178177, 49.113924, 171], [6.178212, 49.113868, 171], [6.17823, 49.113814, 171], [6.178248, 49.11366, 171], [6.178247, 49.113552, 171], [6.178393, 49.11356, 171], [6.178993, 49.113609, 170], [6.179332, 49.113639, 170], [6.179418, 49.113646, 170], [6.179428, 49.113607, 170], [6.179576, 49.112931, 170], [6.179588, 49.112875, 170], [6.179621, 49.112889, 170], [6.179652, 49.112891, 170], [6.179712, 49.112898, 170], [6.179732, 49.112856, 170], [6.179737, 49.112846, 170], [6.180237, 49.112801, 171], [6.180247, 49.11278, 171], [6.18032, 49.112631, 171], [6.180414, 49.112447, 171], [6.180462, 49.112458, 171], [6.180616, 49.112491, 171], [6.180726, 49.112515, 171], [6.180844, 49.11254, 171], [6.18087, 49.112545, 171], [6.180844, 49.11254, 171], [6.180726, 49.112515, 171], [6.180616, 49.112491, 171], [6.180736, 49.11226, 171], [6.180759, 49.112216, 171], [6.180782, 49.112173, 171], [6.180791, 49.112152, 171], [6.180798, 49.112135, 171], [6.180672, 49.112076, 172], [6.180237, 49.111962, 172], [6.180148, 49.111946, 172], [6.180033, 49.111887, 172], [6.180023, 49.111853, 172], [6.180021, 49.111846, 172], [6.179993, 49.111778, 172], [6.179951, 49.111736, 172], [6.17985, 49.11168, 172], [6.179844, 49.111656, 172], [6.179832, 49.111616, 172], [6.179864, 49.111549, 172], [6.179938, 49.111538, 172], [6.17999, 49.111536, 173], [6.180074, 49.111602, 172], [6.180123, 49.111601, 173], [6.180176, 49.111602, 173], [6.180142, 49.111572, 173], [6.180196, 49.111568, 173], [6.180251, 49.111564, 174], [6.17992, 49.111342, 174], [6.179203, 49.111011, 172], [6.179143, 49.110983, 172], [6.179025, 49.11093, 172], [6.179042, 49.110902, 172], [6.179085, 49.110838, 172], [6.179898, 49.109469, 173], [6.180135, 49.109057, 173], [6.180189, 49.108985, 173], [6.180137, 49.108969, 172], [6.180057, 49.108947, 172], [6.180118, 49.108842, 172], [6.180155, 49.108808, 172], [6.180221, 49.108783, 172], [6.180072, 49.108681, 172], [6.180032, 49.108707, 172], [6.180009, 49.108723, 172], [6.179953, 49.108699, 172], [6.179775, 49.108596, 172], [6.179953, 49.108699, 172], [6.180009, 49.108723, 172], [6.180032, 49.108707, 172], [6.180072, 49.108681, 172], [6.180105, 49.108656, 172], [6.180121, 49.108642, 172], [6.180171, 49.108599, 172], [6.180195, 49.108564, 172], [6.180224, 49.108581, 172], [6.18027, 49.108608, 172], [6.180345, 49.108653, 172], [6.180639, 49.108846, 172], [6.180797, 49.108652, 171], [6.180815, 49.108764, 171], [6.180797, 49.108652, 171], [6.18079, 49.108391, 172], [6.180789, 49.108337, 172], [6.180786, 49.108178, 171], [6.180742, 49.108015, 171], [6.180929, 49.107744, 171], [6.180975, 49.1077, 171], [6.181035, 49.107661, 171], [6.181123, 49.107629, 171], [6.18118, 49.107621, 171], [6.181239, 49.107612, 171], [6.182549, 49.107696, 171], [6.182987, 49.107726, 173], [6.182989, 49.107706, 172], [6.182999, 49.107611, 172], [6.183005, 49.107571, 172], [6.183014, 49.107518, 171], [6.183185, 49.107531, 170], [6.183229, 49.107515, 170], [6.183244, 49.107491, 170], [6.183329, 49.107497, 170], [6.183412, 49.107502, 170], [6.183617, 49.107512, 170], [6.183634, 49.107418, 170], [6.183859, 49.107434, 170], [6.183901, 49.107437, 170], [6.184711, 49.106606, 170], [6.184962, 49.106624, 170], [6.185078, 49.106632, 169], [6.185147, 49.106637, 169], [6.185174, 49.106639, 168], [6.185218, 49.10664, 168], [6.185325, 49.106642, 168], [6.185347, 49.106642, 168], [6.185463, 49.106656, 166], [6.185673, 49.106671, 165], [6.185666, 49.106638, 165], [6.185654, 49.106619, 166], [6.185666, 49.106638, 165], [6.185673, 49.106671, 165], [6.185463, 49.106656, 166], [6.185347, 49.106642, 168], [6.185325, 49.106642, 168], [6.185218, 49.10664, 168], [6.185174, 49.106639, 168], [6.185147, 49.106637, 169], [6.185078, 49.106632, 169], [6.184962, 49.106624, 170], [6.184964, 49.106609, 169], [6.184962, 49.106624, 170], [6.185078, 49.106632, 169], [6.18514, 49.10674, 169], [6.185214, 49.10695, 168], [6.185224, 49.107016, 168], [6.185232, 49.107528, 169], [6.185246, 49.107683, 168], [6.185257, 49.108213, 168], [6.185288, 49.108218, 167], [6.185425, 49.108227, 166], [6.185341, 49.108825, 167], [6.185373, 49.108911, 166], [6.185376, 49.109002, 167], [6.185248, 49.109329, 170], [6.185203, 49.109501, 171], [6.18517, 49.10955, 171], [6.185211, 49.110516, 171], [6.185214, 49.110529, 171], [6.185259, 49.111462, 171], [6.185263, 49.111531, 171], [6.185267, 49.111596, 171], [6.18527, 49.111618, 171], [6.185285, 49.111997, 171], [6.185214, 49.111949, 171], [6.185151, 49.111992, 171], [6.185106, 49.112018, 171], [6.184939, 49.112063, 172], [6.184883, 49.112065, 172], [6.184833, 49.112062, 173], [6.184836, 49.112126, 173], [6.184824, 49.112219, 173], [6.184723, 49.112475, 171], [6.184577, 49.112607, 173], [6.184192, 49.112896, 172], [6.184117, 49.112945, 171], [6.183943, 49.11303, 170], [6.183815, 49.113069, 170], [6.183694, 49.113085, 171], [6.183697, 49.113131, 171], [6.183702, 49.11318, 170], [6.183749, 49.113221, 170], [6.183838, 49.113289, 170], [6.183892, 49.113325, 170], [6.183969, 49.113455, 170], [6.184375, 49.11375, 170], [6.184443, 49.113799, 170], [6.184491, 49.113833, 170], [6.184778, 49.114041, 169], [6.18486, 49.114178, 168], [6.184903, 49.1143, 168], [6.184947, 49.114423, 168], [6.184995, 49.114637, 169], [6.185014, 49.114707, 170], [6.185032, 49.11485, 170], [6.185081, 49.116031, 170], [6.185096, 49.116177, 170], [6.185111, 49.11624, 170], [6.185232, 49.116565, 171], [6.185375, 49.116911, 171], [6.185428, 49.117038, 170], [6.185442, 49.117118, 170], [6.185472, 49.117181, 169], [6.185401, 49.117227, 170], [6.185347, 49.117246, 171], [6.185298, 49.117268, 172], [6.185335, 49.117342, 172], [6.185372, 49.117416, 170], [6.185312, 49.117489, 172], [6.185236, 49.117684, 173], [6.18523, 49.117698, 173], [6.18519, 49.117795, 173], [6.185217, 49.117797, 173], [6.185359, 49.117807, 173], [6.185435, 49.117822, 173], [6.185525, 49.117832, 173], [6.185564, 49.11783, 173], [6.185525, 49.117832, 173], [6.185435, 49.117822, 173], [6.185359, 49.117807, 173], [6.185217, 49.117797, 173], [6.18519, 49.117795, 173], [6.185177, 49.117823, 173], [6.185124, 49.117815, 173], [6.185079, 49.117809, 173], [6.185072, 49.117839, 173], [6.18499, 49.11783, 173], [6.185004, 49.117779, 173], [6.18488, 49.117774, 172], [6.184859, 49.117774, 172], [6.184815, 49.117772, 172], [6.184658, 49.117767, 172], [6.183944, 49.117743, 171], [6.183273, 49.117717, 171], [6.183235, 49.117716, 171], [6.183137, 49.117713, 171], [6.183057, 49.117708, 171], [6.183018, 49.117706, 171], [6.182662, 49.117686, 171], [6.182491, 49.117689, 171], [6.182311, 49.1177, 171], [6.181942, 49.117742, 171], [6.181793, 49.117762, 171], [6.181735, 49.117722, 171], [6.18165, 49.117687, 171], [6.181138, 49.117478, 170], [6.181026, 49.117433, 170], [6.180963, 49.117407, 170], [6.1809, 49.117367, 170], [6.180298, 49.11699, 169], [6.180188, 49.116921, 169], [6.18011, 49.116872, 169], [6.18004, 49.116819, 169], [6.18002, 49.116805, 169], [6.179984, 49.116781, 169], [6.179866, 49.116734, 169], [6.179802, 49.116724, 169], [6.179594, 49.11672, 169], [6.179447, 49.116726, 169], [6.179154, 49.116737, 170], [6.17911, 49.116739, 170], [6.179047, 49.116741, 170], [6.17887, 49.116748, 170], [6.178832, 49.116749, 170], [6.178796, 49.116755, 170], [6.178553, 49.11679, 172], [6.178295, 49.116845, 173], [6.178091, 49.116897, 173], [6.177915, 49.116688, 174], [6.177685, 49.116414, 174], [6.177654, 49.116377, 174], [6.177613, 49.11632, 174], [6.177506, 49.116175, 174], [6.177407, 49.116014, 174], [6.177282, 49.115809, 174], [6.177033, 49.115522, 175], [6.176867, 49.115387, 174]]}}, {"type": "Feature", "properties": {"id": "technopole-cheneau", "nom": "Le Technopole et la Cheneau", "couleur": "#A34F6B"}, "geometry": {"type": "LineString", "coordinates": [[6.176867, 49.115387, 174], [6.177033, 49.115522, 175], [6.177282, 49.115809, 174], [6.177407, 49.116014, 174], [6.177638, 49.115894, 174], [6.177899, 49.115777, 174], [6.17813, 49.115696, 174], [6.178491, 49.115625, 172], [6.178522, 49.115599, 172], [6.178541, 49.115569, 172], [6.17852, 49.115391, 172], [6.178604, 49.115368, 171], [6.178859, 49.115352, 171], [6.178932, 49.115348, 171], [6.178969, 49.115237, 171], [6.179027, 49.115244, 171], [6.179067, 49.115153, 170], [6.179106, 49.115017, 170], [6.179181, 49.115029, 170], [6.179287, 49.115044, 170], [6.179665, 49.115101, 170], [6.179929, 49.115138, 170], [6.180024, 49.115162, 170], [6.180128, 49.115176, 170], [6.180795, 49.115272, 169], [6.18084, 49.115273, 169], [6.180912, 49.115248, 169], [6.180962, 49.115183, 169], [6.181011, 49.115054, 169], [6.181133, 49.114689, 169], [6.181158, 49.114618, 169], [6.181196, 49.114554, 169], [6.181222, 49.114523, 169], [6.18127, 49.11453, 169], [6.181387, 49.114548, 169], [6.181814, 49.114613, 168], [6.181897, 49.114602, 168], [6.181934, 49.114594, 168], [6.182026, 49.114575, 168], [6.182003, 49.11453, 168], [6.181995, 49.114516, 168], [6.182049, 49.114492, 168], [6.182188, 49.114293, 169], [6.182476, 49.113909, 169], [6.182672, 49.113644, 169], [6.182723, 49.113563, 169], [6.182811, 49.113446, 169], [6.182901, 49.113345, 169], [6.182933, 49.113342, 170], [6.18305, 49.113347, 170], [6.183117, 49.11335, 170], [6.183212, 49.113419, 170], [6.183303, 49.11337, 170], [6.183356, 49.113341, 170], [6.183445, 49.113292, 170], [6.183543, 49.113238, 170], [6.183579, 49.113219, 170], [6.183702, 49.11318, 170], [6.183749, 49.113221, 170], [6.183838, 49.113289, 170], [6.183892, 49.113325, 170], [6.183927, 49.113321, 170], [6.184028, 49.113269, 170], [6.184269, 49.113125, 171], [6.184281, 49.113076, 172], [6.184321, 49.113, 172], [6.184685, 49.112734, 172], [6.184716, 49.112718, 172], [6.18479, 49.112703, 172], [6.184873, 49.112711, 172], [6.184923, 49.112727, 171], [6.184986, 49.112759, 171], [6.185033, 49.11273, 171], [6.185103, 49.112696, 171], [6.185165, 49.112698, 171], [6.185217, 49.112699, 171], [6.185317, 49.112705, 170], [6.185303, 49.11287, 170], [6.185318, 49.112906, 170], [6.185346, 49.11294, 169], [6.185705, 49.113196, 168], [6.185743, 49.113224, 169], [6.18583, 49.113263, 170], [6.186081, 49.113351, 171], [6.186237, 49.113406, 171], [6.186284, 49.11342, 171], [6.186356, 49.113443, 171], [6.186446, 49.113468, 171], [6.186698, 49.113635, 171], [6.186963, 49.113812, 171], [6.187226, 49.113987, 173], [6.187378, 49.114088, 172], [6.187497, 49.114154, 172], [6.187736, 49.114284, 172], [6.187768, 49.114291, 172], [6.188152, 49.11429, 173], [6.18833, 49.114316, 172], [6.188562, 49.114356, 173], [6.189337, 49.114505, 175], [6.189461, 49.114545, 175], [6.189647, 49.114624, 175], [6.189763, 49.11466, 175], [6.189865, 49.114669, 175], [6.190505, 49.114629, 177], [6.190946, 49.114605, 177], [6.191047, 49.11459, 177], [6.191151, 49.114562, 178], [6.191233, 49.114526, 177], [6.191379, 49.114413, 177], [6.191522, 49.114295, 178], [6.191616, 49.114182, 179], [6.191729, 49.114213, 178], [6.191833, 49.114228, 178], [6.192001, 49.114215, 178], [6.192564, 49.114157, 178], [6.193025, 49.114109, 178], [6.193828, 49.114023, 178], [6.194012, 49.114001, 178], [6.194439, 49.113988, 178], [6.194779, 49.113977, 178], [6.196241, 49.11399, 180], [6.196338, 49.113994, 180], [6.196384, 49.113996, 180], [6.196432, 49.113998, 180], [6.196819, 49.114039, 180], [6.19694, 49.114048, 180], [6.197476, 49.1141, 181], [6.197617, 49.114108, 182], [6.198121, 49.114118, 182], [6.19826, 49.114119, 182], [6.198381, 49.114134, 183], [6.198597, 49.114165, 183], [6.198662, 49.114174, 183], [6.199088, 49.114236, 184], [6.199325, 49.114274, 184], [6.199336, 49.114276, 184], [6.199452, 49.114294, 184], [6.200962, 49.114515, 184], [6.201016, 49.11447, 184], [6.20137, 49.114269, 184], [6.201605, 49.114102, 184], [6.20175, 49.113999, 184], [6.201912, 49.113864, 184], [6.202123, 49.113669, 184], [6.202147, 49.113635, 184], [6.202159, 49.113612, 184], [6.202169, 49.113595, 184], [6.202317, 49.113624, 184], [6.202446, 49.113656, 185], [6.202489, 49.113553, 185], [6.202573, 49.113569, 185], [6.20261, 49.113496, 185], [6.202679, 49.113433, 185], [6.202755, 49.113387, 186], [6.202772, 49.113352, 186], [6.20288, 49.113352, 186], [6.202989, 49.113367, 186], [6.203132, 49.11317, 186], [6.203328, 49.113227, 187], [6.203479, 49.113195, 187], [6.20361, 49.113237, 187], [6.203699, 49.113113, 187], [6.203725, 49.113077, 187], [6.203742, 49.113053, 187], [6.203912, 49.11311, 188], [6.203742, 49.113053, 187], [6.203551, 49.112996, 187], [6.203038, 49.112842, 187], [6.202958, 49.112817, 187], [6.202903, 49.112801, 187], [6.202952, 49.112742, 187], [6.203094, 49.112567, 188], [6.203007, 49.112521, 188], [6.202413, 49.112297, 190], [6.202154, 49.112201, 191], [6.202192, 49.112158, 191], [6.202105, 49.112122, 192], [6.202012, 49.112093, 192], [6.202136, 49.111985, 192], [6.202216, 49.111968, 192], [6.202305, 49.111915, 192], [6.20233, 49.111872, 192], [6.202341, 49.111817, 192], [6.20232, 49.11178, 192], [6.202237, 49.111744, 192], [6.202219, 49.111702, 193], [6.202222, 49.111562, 193], [6.202241, 49.111505, 194], [6.202263, 49.111445, 194], [6.20226, 49.111406, 194], [6.20224, 49.111347, 194], [6.202205, 49.111307, 194], [6.202255, 49.11126, 194], [6.20228, 49.111206, 194], [6.202261, 49.11114, 195], [6.202163, 49.110925, 196], [6.20221, 49.110868, 197], [6.202146, 49.110845, 197], [6.202007, 49.110857, 197], [6.201902, 49.110865, 197], [6.201842, 49.110846, 197], [6.201782, 49.110827, 197], [6.201719, 49.110807, 197], [6.201687, 49.110797, 197], [6.201501, 49.110738, 198], [6.201301, 49.110675, 198], [6.200546, 49.110439, 200], [6.200485, 49.110423, 200], [6.200206, 49.110346, 201], [6.199865, 49.11023, 202], [6.199609, 49.110132, 202], [6.19951, 49.110089, 202], [6.199431, 49.110055, 203], [6.199225, 49.109965, 203], [6.196912, 49.108958, 207], [6.196785, 49.10889, 207], [6.196669, 49.108837, 207], [6.19625, 49.10868, 206], [6.196197, 49.10866, 206], [6.195988, 49.108582, 206], [6.195103, 49.108251, 204], [6.194997, 49.108212, 204], [6.194914, 49.108178, 204], [6.194316, 49.10792, 203], [6.19413, 49.107858, 202], [6.194069, 49.107841, 202], [6.194, 49.107831, 201], [6.193892, 49.107812, 200], [6.193795, 49.107786, 198], [6.19356, 49.107691, 198], [6.19354, 49.107681, 198], [6.193506, 49.107663, 199], [6.193202, 49.107482, 202], [6.192586, 49.107115, 199], [6.192536, 49.107085, 199], [6.192473, 49.107048, 199], [6.192291, 49.10694, 198], [6.192266, 49.106927, 198], [6.19202, 49.106804, 198], [6.191882, 49.106756, 198], [6.191745, 49.106719, 198], [6.191669, 49.106698, 197], [6.191594, 49.10677, 197], [6.191392, 49.106925, 196], [6.191278, 49.106871, 196], [6.191108, 49.106803, 196], [6.190967, 49.106789, 196], [6.19071, 49.106802, 194], [6.190617, 49.106807, 194], [6.190504, 49.106045, 190], [6.190489, 49.105942, 190], [6.190471, 49.105825, 190], [6.190464, 49.105778, 190], [6.190246, 49.105798, 189], [6.190044, 49.105792, 186], [6.189714, 49.105767, 184], [6.189614, 49.105775, 183], [6.189508, 49.105793, 182], [6.189383, 49.105815, 180], [6.189232, 49.105817, 180], [6.18905, 49.105859, 178], [6.188919, 49.105906, 177], [6.188569, 49.105973, 174], [6.188528, 49.10598, 174], [6.187622, 49.10617, 169], [6.187562, 49.106182, 169], [6.187529, 49.106189, 169], [6.187476, 49.106199, 169], [6.187462, 49.106153, 169], [6.187449, 49.106091, 169], [6.187401, 49.106097, 168], [6.187373, 49.1061, 168], [6.187318, 49.106107, 168], [6.187, 49.106145, 168], [6.186652, 49.106188, 168], [6.186414, 49.10621, 168], [6.186346, 49.10621, 168], [6.186342, 49.106249, 167], [6.186325, 49.106278, 167], [6.186145, 49.107324, 168], [6.186119, 49.107352, 168], [6.18611, 49.107406, 168], [6.18608, 49.107591, 168], [6.185232, 49.107528, 169], [6.185224, 49.107016, 168], [6.185214, 49.10695, 168], [6.18514, 49.10674, 169], [6.185078, 49.106632, 169], [6.184962, 49.106624, 170], [6.184964, 49.106609, 169], [6.184962, 49.106624, 170], [6.184711, 49.106606, 170], [6.183901, 49.107437, 170], [6.183859, 49.107434, 170], [6.183634, 49.107418, 170], [6.183617, 49.107512, 170], [6.183412, 49.107502, 170], [6.183329, 49.107497, 170], [6.183244, 49.107491, 170], [6.183229, 49.107515, 170], [6.183185, 49.107531, 170], [6.183014, 49.107518, 171], [6.183005, 49.107571, 172], [6.182999, 49.107611, 172], [6.182989, 49.107706, 172], [6.182987, 49.107726, 173], [6.182549, 49.107696, 171], [6.181239, 49.107612, 171], [6.18118, 49.107621, 171], [6.181123, 49.107629, 171], [6.181035, 49.107661, 171], [6.180975, 49.1077, 171], [6.180929, 49.107744, 171], [6.180742, 49.108015, 171], [6.180642, 49.108161, 171], [6.180345, 49.108653, 172], [6.18027, 49.108608, 172], [6.180221, 49.108783, 172], [6.180155, 49.108808, 172], [6.180118, 49.108842, 172], [6.180057, 49.108947, 172], [6.180137, 49.108969, 172], [6.180189, 49.108985, 173], [6.180135, 49.109057, 173], [6.179898, 49.109469, 173], [6.179085, 49.110838, 172], [6.179042, 49.110902, 172], [6.179025, 49.11093, 172], [6.179143, 49.110983, 172], [6.179044, 49.111083, 172], [6.179008, 49.111116, 172], [6.178939, 49.111155, 172], [6.17891, 49.111279, 172], [6.17882, 49.111527, 172], [6.178802, 49.111587, 172], [6.178775, 49.111676, 172], [6.178757, 49.111732, 172], [6.178739, 49.111792, 172], [6.178714, 49.111806, 172], [6.17869, 49.111838, 172], [6.178624, 49.111829, 172], [6.178599, 49.111825, 172], [6.178541, 49.111816, 172], [6.178403, 49.112203, 172], [6.178402, 49.112271, 172], [6.178437, 49.112303, 172], [6.178475, 49.112356, 172], [6.178469, 49.112525, 171], [6.178469, 49.112535, 171], [6.178485, 49.112633, 171], [6.178489, 49.112655, 171], [6.178493, 49.112675, 171], [6.178519, 49.112706, 171], [6.178503, 49.112852, 171], [6.178481, 49.11295, 171], [6.178431, 49.113223, 171], [6.178408, 49.113324, 171], [6.178375, 49.113374, 171], [6.17832, 49.113478, 171], [6.178247, 49.113552, 171], [6.178248, 49.11366, 171], [6.17823, 49.113814, 171], [6.178212, 49.113868, 171], [6.178177, 49.113924, 171], [6.178123, 49.113977, 171], [6.178093, 49.114002, 171], [6.178059, 49.114018, 171], [6.177311, 49.114249, 172], [6.177156, 49.1143, 173], [6.177009, 49.114359, 174], [6.17664, 49.114518, 174], [6.176365, 49.114643, 174], [6.175921, 49.11479, 174], [6.176163, 49.11492, 174], [6.176179, 49.11493, 174], [6.176374, 49.11504, 174], [6.176627, 49.115193, 174], [6.176867, 49.115387, 175]]}}, {"type": "Feature", "properties": {"id": "nouvelle-ville-eau", "nom": "La Nouvelle Ville et l'eau", "couleur": "#C2703D"}, "geometry": {"type": "LineString", "coordinates": [[6.176867, 49.115387, 174], [6.176627, 49.115193, 174], [6.176374, 49.11504, 174], [6.176179, 49.11493, 174], [6.176163, 49.11492, 174], [6.175921, 49.11479, 174], [6.176365, 49.114643, 174], [6.17664, 49.114518, 174], [6.177009, 49.114359, 174], [6.176971, 49.114323, 174], [6.176948, 49.114301, 174], [6.17688, 49.11423, 174], [6.176819, 49.114194, 174], [6.176448, 49.114008, 174], [6.176377, 49.113973, 174], [6.176417, 49.113938, 174], [6.176546, 49.11384, 174], [6.17669, 49.113755, 173], [6.177129, 49.113495, 172], [6.177232, 49.113434, 172], [6.177211, 49.113419, 172], [6.177158, 49.113381, 172], [6.177093, 49.113311, 172], [6.177084, 49.11312, 173], [6.177073, 49.112879, 172], [6.177091, 49.112848, 172], [6.177163, 49.112791, 172], [6.177124, 49.112689, 172], [6.177106, 49.112636, 172], [6.177081, 49.112324, 172], [6.177102, 49.112302, 172], [6.177072, 49.112229, 173], [6.177062, 49.112178, 173], [6.177057, 49.112111, 173], [6.177045, 49.112024, 173], [6.177025, 49.111811, 173], [6.177022, 49.111778, 173], [6.177024, 49.111743, 174], [6.17709, 49.11174, 173], [6.17716, 49.111728, 173], [6.177158, 49.111696, 173], [6.177156, 49.111665, 173], [6.177156, 49.111632, 173], [6.177155, 49.111579, 173], [6.177153, 49.111496, 174], [6.177152, 49.111462, 174], [6.177154, 49.111405, 174], [6.177115, 49.111385, 174], [6.177108, 49.111374, 174], [6.177134, 49.110983, 174], [6.177136, 49.110712, 174], [6.177146, 49.110604, 174], [6.177147, 49.110595, 174], [6.17715, 49.110568, 174], [6.177057, 49.110531, 174], [6.176946, 49.110488, 174], [6.176944, 49.110406, 174], [6.176638, 49.110254, 174], [6.176661, 49.110233, 174], [6.176737, 49.110166, 174], [6.17678, 49.110128, 174], [6.176962, 49.110015, 174], [6.17701, 49.109977, 174], [6.177006, 49.1099, 176], [6.177037, 49.109872, 176], [6.177134, 49.109788, 178], [6.177304, 49.10963, 180], [6.177363, 49.109573, 180], [6.177313, 49.10954, 180], [6.177291, 49.109529, 180], [6.177166, 49.109469, 180], [6.177103, 49.109437, 180], [6.177154, 49.109393, 180], [6.176977, 49.109308, 179], [6.176592, 49.109122, 179], [6.17654, 49.109167, 180], [6.176479, 49.109139, 180], [6.176285, 49.109045, 179], [6.176262, 49.109032, 178], [6.176235, 49.109019, 178], [6.176169, 49.109076, 177], [6.176096, 49.109137, 175], [6.176065, 49.109161, 175], [6.176049, 49.109172, 175], [6.175973, 49.109166, 174], [6.175844, 49.109256, 174], [6.175803, 49.109289, 174], [6.175758, 49.10933, 174], [6.17573, 49.109356, 174], [6.175634, 49.109444, 174], [6.175621, 49.109457, 174], [6.175334, 49.109313, 174], [6.17526, 49.109375, 174], [6.175227, 49.109403, 174], [6.175136, 49.109454, 174], [6.175103, 49.10946, 174], [6.175013, 49.109539, 174], [6.175019, 49.109596, 174], [6.174918, 49.109607, 174], [6.174867, 49.109629, 174], [6.174832, 49.109644, 174], [6.1747, 49.10975, 174], [6.174568, 49.109686, 174], [6.174553, 49.109679, 174], [6.174466, 49.109641, 175], [6.174413, 49.109688, 175], [6.174138, 49.109924, 176], [6.174112, 49.109947, 176], [6.17406, 49.110018, 176], [6.174029, 49.110063, 176], [6.173579, 49.1099, 177], [6.17335, 49.109831, 177], [6.172921, 49.109681, 177], [6.172361, 49.109478, 178], [6.172298, 49.109448, 178], [6.172215, 49.109409, 178], [6.172008, 49.109286, 178], [6.171984, 49.109263, 178], [6.171904, 49.109196, 178], [6.171867, 49.109163, 178], [6.17163, 49.108998, 178], [6.171588, 49.108975, 178], [6.171479, 49.108924, 178], [6.171409, 49.108879, 179], [6.170425, 49.108177, 179], [6.170133, 49.107963, 180], [6.170072, 49.107907, 180], [6.16998, 49.107877, 180], [6.170004, 49.107838, 180], [6.169934, 49.107821, 180], [6.169882, 49.10785, 180], [6.169701, 49.107895, 180], [6.16956, 49.107931, 180], [6.169566, 49.108002, 180], [6.169521, 49.108002, 180], [6.16946, 49.108002, 181], [6.169394, 49.108004, 181], [6.169355, 49.108015, 181], [6.169298, 49.108031, 181], [6.169253, 49.108043, 181], [6.16921, 49.108052, 181], [6.169186, 49.108017, 181], [6.169155, 49.108025, 181], [6.169136, 49.10803, 181], [6.169106, 49.108038, 181], [6.169049, 49.108012, 181], [6.168144, 49.108266, 182], [6.167802, 49.108373, 182], [6.167563, 49.108455, 182], [6.167482, 49.108481, 182], [6.167415, 49.108502, 182], [6.167319, 49.108533, 182], [6.167421, 49.108673, 182], [6.16763, 49.108971, 182], [6.167282, 49.109066, 183], [6.166974, 49.109152, 183], [6.166862, 49.109183, 183], [6.166813, 49.109198, 183], [6.166913, 49.109338, 183], [6.167249, 49.10994, 183], [6.167276, 49.109988, 183], [6.167294, 49.110021, 183], [6.167367, 49.110154, 183], [6.167381, 49.110214, 183], [6.167387, 49.110266, 183], [6.167389, 49.11028, 183], [6.167401, 49.11032, 183], [6.167452, 49.11041, 183], [6.167486, 49.110423, 183], [6.167673, 49.110726, 183], [6.168083, 49.111411, 183], [6.168127, 49.111484, 183], [6.16839, 49.111923, 183], [6.168399, 49.111948, 183], [6.168385, 49.111991, 183], [6.168481, 49.11215, 183], [6.168524, 49.112189, 183], [6.168574, 49.112217, 183], [6.168617, 49.112234, 183], [6.168646, 49.11225, 182], [6.168641, 49.112266, 182], [6.168633, 49.112296, 182], [6.168638, 49.112322, 182], [6.168727, 49.112413, 182], [6.16875, 49.112428, 183], [6.168835, 49.112443, 183], [6.168881, 49.112466, 183], [6.168884, 49.112499, 184], [6.168895, 49.112512, 184], [6.168938, 49.112562, 184], [6.168884, 49.112586, 184], [6.168852, 49.112613, 184], [6.16883, 49.112647, 184], [6.168809, 49.112701, 184], [6.168876, 49.112727, 184], [6.169399, 49.113079, 184], [6.169574, 49.11321, 184], [6.169663, 49.113296, 184], [6.169707, 49.113352, 184], [6.169829, 49.113471, 184], [6.169985, 49.113628, 184], [6.170085, 49.113723, 184], [6.170149, 49.113783, 184], [6.170222, 49.113872, 184], [6.170264, 49.113914, 184], [6.170474, 49.114124, 183], [6.170482, 49.114133, 183], [6.170476, 49.114135, 183], [6.17117, 49.114817, 183], [6.170582, 49.115076, 184], [6.170466, 49.115127, 184], [6.170513, 49.115172, 184], [6.170731, 49.115378, 182], [6.170802, 49.115446, 182], [6.170111, 49.115778, 182], [6.170242, 49.115895, 181], [6.170282, 49.115931, 181], [6.170334, 49.115912, 181], [6.170391, 49.115905, 181], [6.17045, 49.115909, 181], [6.170503, 49.115925, 181], [6.170547, 49.11595, 181], [6.170552, 49.115955, 181], [6.170578, 49.115987, 181], [6.170589, 49.116028, 181], [6.170579, 49.116069, 181], [6.170548, 49.116105, 181], [6.170501, 49.116133, 181], [6.170534, 49.116162, 181], [6.170632, 49.11625, 182], [6.170123, 49.116497, 182], [6.169573, 49.116763, 180], [6.169493, 49.116805, 179], [6.169377, 49.116832, 178], [6.16931, 49.116839, 178], [6.169095, 49.116851, 177], [6.16882, 49.116795, 176], [6.16879, 49.1168, 176], [6.168706, 49.116813, 176], [6.168646, 49.116825, 176], [6.168532, 49.116847, 174], [6.168459, 49.116859, 172], [6.168391, 49.116871, 172], [6.168237, 49.116876, 170], [6.168053, 49.116849, 168], [6.167908, 49.116784, 168], [6.167789, 49.116696, 168], [6.167768, 49.116636, 169], [6.167566, 49.116594, 167], [6.167475, 49.116612, 167], [6.167036, 49.116137, 167], [6.167156, 49.116081, 167], [6.167156, 49.116081, 167], [6.167036, 49.116137, 167], [6.166449, 49.115563, 169], [6.166424, 49.115516, 169], [6.166256, 49.11548, 168], [6.166192, 49.115471, 168], [6.165346, 49.115509, 169], [6.165272, 49.115529, 170], [6.165254, 49.115473, 169], [6.165234, 49.115357, 168], [6.16524, 49.115287, 168], [6.165305, 49.115016, 167], [6.165056, 49.115027, 167], [6.1649, 49.114987, 167], [6.164706, 49.114955, 167], [6.16432, 49.114923, 166], [6.164246, 49.114924, 166], [6.163594, 49.115022, 167], [6.163247, 49.115095, 166], [6.162509, 49.1153, 167], [6.16239, 49.115347, 167], [6.162326, 49.115392, 167], [6.162269, 49.115442, 167], [6.162118, 49.115635, 167], [6.161806, 49.116392, 166], [6.16174, 49.116581, 166], [6.161691, 49.116775, 167], [6.161635, 49.117418, 167], [6.161562, 49.117688, 167], [6.161502, 49.117906, 167], [6.161481, 49.117941, 167], [6.161389, 49.117923, 167], [6.161209, 49.117916, 168], [6.161043, 49.117934, 169], [6.16086, 49.117971, 170], [6.160817, 49.11803, 170], [6.160777, 49.118115, 170], [6.160723, 49.118247, 169], [6.160615, 49.118823, 168], [6.160584, 49.119032, 170], [6.160593, 49.119081, 170], [6.160631, 49.11914, 170], [6.16068, 49.119187, 170], [6.160754, 49.119236, 169], [6.160811, 49.119311, 168], [6.160836, 49.119383, 168], [6.160889, 49.119437, 168], [6.16088, 49.119462, 168], [6.160803, 49.119683, 167], [6.160904, 49.1197, 167], [6.161112, 49.119795, 168], [6.161243, 49.120109, 167], [6.161245, 49.120114, 167], [6.161581, 49.120162, 167], [6.161957, 49.120216, 167], [6.162391, 49.120279, 167], [6.16281, 49.120338, 167], [6.162897, 49.120366, 167], [6.163036, 49.120371, 167], [6.163088, 49.120372, 167], [6.163111, 49.120364, 167], [6.16319, 49.120388, 167], [6.163255, 49.120394, 167], [6.163687, 49.120415, 168], [6.164121, 49.120388, 167], [6.16424, 49.120363, 167], [6.164311, 49.120341, 168], [6.164489, 49.120308, 168], [6.164753, 49.120269, 168], [6.165063, 49.120233, 168], [6.16543, 49.120204, 168], [6.165551, 49.120185, 168], [6.165683, 49.120155, 168], [6.165768, 49.120116, 168], [6.165919, 49.120012, 168], [6.165937, 49.119984, 168], [6.165935, 49.119947, 168], [6.166001, 49.119926, 168], [6.166125, 49.119972, 168], [6.166175, 49.119991, 168], [6.166261, 49.119988, 168], [6.166316, 49.11998, 168], [6.166385, 49.119957, 168], [6.166494, 49.119898, 168], [6.166562, 49.119863, 168], [6.16663, 49.119826, 168], [6.166707, 49.119894, 168], [6.166845, 49.120016, 168], [6.166953, 49.119965, 168], [6.167025, 49.11994, 168], [6.167122, 49.11994, 168], [6.167216, 49.119949, 168], [6.16732, 49.119974, 168], [6.167388, 49.120011, 167], [6.167438, 49.119985, 167], [6.167501, 49.120024, 167], [6.168021, 49.120308, 166], [6.168055, 49.120312, 166], [6.168084, 49.120316, 166], [6.168107, 49.120308, 166], [6.16813, 49.120266, 166], [6.168202, 49.120285, 168], [6.168266, 49.120293, 168], [6.168348, 49.120312, 169], [6.168471, 49.120222, 168], [6.16868, 49.120111, 169], [6.168833, 49.120043, 169], [6.169206, 49.119917, 168], [6.169369, 49.119899, 168], [6.169478, 49.119893, 168], [6.169812, 49.11989, 168], [6.169917, 49.119876, 169], [6.169981, 49.11988, 169], [6.170089, 49.119903, 169], [6.170079, 49.119931, 169], [6.170149, 49.119905, 169], [6.170246, 49.119849, 169], [6.170295, 49.119816, 169], [6.170921, 49.119416, 168], [6.170992, 49.119384, 170], [6.171022, 49.11939, 170], [6.171074, 49.119352, 171], [6.171135, 49.119319, 171], [6.171405, 49.119532, 169], [6.171469, 49.119569, 169], [6.171522, 49.119594, 169], [6.17163, 49.119568, 170], [6.171877, 49.11951, 172], [6.171999, 49.119461, 173], [6.172539, 49.119333, 175], [6.172918, 49.11924, 177], [6.173312, 49.119142, 177], [6.173525, 49.119089, 178], [6.173948, 49.118889, 179], [6.174043, 49.118849, 180], [6.174537, 49.118687, 181], [6.175045, 49.118497, 180], [6.175008, 49.118461, 180], [6.175053, 49.118439, 180], [6.176007, 49.117857, 178], [6.176117, 49.117782, 178], [6.176212, 49.117727, 178], [6.176965, 49.117401, 176], [6.177257, 49.117275, 175], [6.178006, 49.11694, 173], [6.178091, 49.116897, 173], [6.177915, 49.116688, 174], [6.177685, 49.116414, 174], [6.177654, 49.116377, 174], [6.177613, 49.11632, 174], [6.177506, 49.116175, 174], [6.177407, 49.116014, 174], [6.177282, 49.115809, 174], [6.177033, 49.115522, 175], [6.176867, 49.115387, 174]]}}, {"type": "Feature", "properties": {"id": "saint-julien-grimont", "nom": "Les hauts de Saint-Julien et le bois de Grimont", "couleur": "#8C3B2E"}, "geometry": {"type": "LineString", "coordinates": [[6.18105, 49.108425, 171], [6.181322, 49.108646, 171], [6.181601, 49.108618, 171], [6.181671, 49.108635, 171], [6.181686, 49.108609, 171], [6.18204, 49.108572, 171], [6.182208, 49.108618, 171], [6.182197, 49.108639, 171], [6.182031, 49.10865, 171], [6.182087, 49.109087, 171], [6.182093, 49.109135, 171], [6.181927, 49.109235, 171], [6.181852, 49.109326, 171], [6.181744, 49.10947, 171], [6.181663, 49.109521, 171], [6.181632, 49.109541, 172], [6.182208, 49.109915, 172], [6.182278, 49.109988, 173], [6.182426, 49.110084, 175], [6.182706, 49.110236, 172], [6.182901, 49.110312, 172], [6.182982, 49.110342, 172], [6.183058, 49.110379, 172], [6.183158, 49.110431, 172], [6.183252, 49.110487, 172], [6.183229, 49.110542, 172], [6.183208, 49.110605, 172], [6.184151, 49.111226, 172], [6.184949, 49.111769, 171], [6.185214, 49.111949, 171], [6.185285, 49.111997, 171], [6.18537, 49.11205, 169], [6.185388, 49.112102, 168], [6.185395, 49.11212, 168], [6.185391, 49.1122, 168], [6.185317, 49.112705, 170], [6.185303, 49.11287, 170], [6.185318, 49.112906, 170], [6.185346, 49.11294, 169], [6.185705, 49.113196, 168], [6.185743, 49.113224, 169], [6.18583, 49.113263, 170], [6.186081, 49.113351, 171], [6.186237, 49.113406, 171], [6.186284, 49.11342, 171], [6.186356, 49.113443, 171], [6.186446, 49.113468, 171], [6.186698, 49.113635, 171], [6.186963, 49.113812, 171], [6.187226, 49.113987, 173], [6.187378, 49.114088, 172], [6.187497, 49.114154, 172], [6.187736, 49.114284, 172], [6.187768, 49.114291, 172], [6.188152, 49.11429, 173], [6.18833, 49.114316, 172], [6.188562, 49.114356, 173], [6.188508, 49.114476, 172], [6.188425, 49.114663, 173], [6.18838, 49.114756, 174], [6.188363, 49.114797, 174], [6.188766, 49.114883, 175], [6.188931, 49.114899, 175], [6.189144, 49.114909, 174], [6.189338, 49.11491, 174], [6.189499, 49.114902, 174], [6.189701, 49.114895, 175], [6.189883, 49.115146, 176], [6.19018, 49.115555, 176], [6.190172, 49.115615, 176], [6.190223, 49.115654, 175], [6.190343, 49.115719, 175], [6.190467, 49.115765, 175], [6.190625, 49.115789, 175], [6.190706, 49.115798, 175], [6.190712, 49.115835, 175], [6.190721, 49.115888, 177], [6.191447, 49.115814, 176], [6.192167, 49.115789, 180], [6.192899, 49.115771, 182], [6.19333, 49.115969, 185], [6.193508, 49.116057, 187], [6.193577, 49.116074, 187], [6.193809, 49.116187, 188], [6.194135, 49.116352, 190], [6.194439, 49.116533, 190], [6.194676, 49.116688, 191], [6.194631, 49.116732, 191], [6.194564, 49.116822, 192], [6.194432, 49.117256, 192], [6.194417, 49.117328, 192], [6.194249, 49.117983, 195], [6.194248, 49.118054, 195], [6.194248, 49.118115, 195], [6.194444, 49.118487, 196], [6.19495, 49.119345, 198], [6.194978, 49.119425, 198], [6.194979, 49.119463, 198], [6.19498, 49.119523, 198], [6.194945, 49.119768, 199], [6.194941, 49.1198, 199], [6.194927, 49.119872, 199], [6.19492, 49.119911, 199], [6.194904, 49.11999, 199], [6.19489, 49.120079, 199], [6.1948, 49.120654, 201], [6.194752, 49.121048, 203], [6.194712, 49.121267, 203], [6.194699, 49.121338, 203], [6.194672, 49.121505, 203], [6.194657, 49.121599, 203], [6.194643, 49.121687, 203], [6.194631, 49.121757, 203], [6.194714, 49.121764, 203], [6.194874, 49.121775, 203], [6.195143, 49.121794, 204], [6.195127, 49.121879, 204], [6.194928, 49.122995, 205], [6.194984, 49.122999, 206], [6.195054, 49.123062, 206], [6.19559, 49.123437, 205], [6.195732, 49.123506, 206], [6.195857, 49.12353, 206], [6.195953, 49.123502, 206], [6.196058, 49.123486, 206], [6.196172, 49.123475, 206], [6.196295, 49.123479, 206], [6.196441, 49.123507, 206], [6.196677, 49.123598, 205], [6.196724, 49.123595, 204], [6.196847, 49.123511, 204], [6.197063, 49.12351, 202], [6.196999, 49.123627, 202], [6.196663, 49.123978, 197], [6.196518, 49.124163, 196], [6.196272, 49.124393, 193], [6.196016, 49.124696, 189], [6.195791, 49.124927, 188], [6.195591, 49.125123, 187], [6.19531, 49.125357, 186], [6.195058, 49.125538, 186], [6.194974, 49.125688, 184], [6.194848, 49.125887, 180], [6.194669, 49.126093, 178], [6.194432, 49.126272, 176], [6.193764, 49.126546, 174], [6.193483, 49.126709, 172], [6.19336, 49.126825, 170], [6.19332, 49.126919, 169], [6.193213, 49.12699, 168], [6.193287, 49.127002, 168], [6.193584, 49.127028, 168], [6.193783, 49.127176, 168], [6.194268, 49.127535, 168], [6.194555, 49.127748, 166], [6.194599, 49.127781, 166], [6.194623, 49.127798, 166], [6.194841, 49.12796, 166], [6.194923, 49.128021, 167], [6.195007, 49.128083, 167], [6.194947, 49.12812, 167], [6.194925, 49.128139, 166], [6.194861, 49.128186, 166], [6.194722, 49.128317, 166], [6.194659, 49.128413, 165], [6.194612, 49.128503, 165], [6.194601, 49.128606, 164], [6.194672, 49.129019, 164], [6.194698, 49.12925, 164], [6.194733, 49.129416, 165], [6.194747, 49.129567, 165], [6.194877, 49.12957, 166], [6.195102, 49.129606, 166], [6.195109, 49.129636, 165], [6.195318, 49.129862, 164], [6.195359, 49.129918, 164], [6.195405, 49.129954, 164], [6.19554, 49.130034, 164], [6.195639, 49.130115, 164], [6.195779, 49.130189, 164], [6.195855, 49.130263, 164], [6.195898, 49.130329, 164], [6.196042, 49.130271, 164], [6.196099, 49.130341, 164], [6.196042, 49.130271, 164], [6.195898, 49.130329, 164], [6.195952, 49.130387, 164], [6.196002, 49.130447, 164], [6.196035, 49.130504, 164], [6.196092, 49.130573, 164], [6.196112, 49.130665, 164], [6.196134, 49.130718, 164], [6.196162, 49.130771, 164], [6.196227, 49.130858, 164], [6.196142, 49.130887, 164], [6.195948, 49.130955, 164], [6.195766, 49.131018, 164], [6.195914, 49.131159, 164], [6.195971, 49.131213, 164], [6.195947, 49.13135, 164], [6.195962, 49.131404, 164], [6.196023, 49.131489, 164], [6.196177, 49.131601, 164], [6.196324, 49.131712, 164], [6.196462, 49.131808, 164], [6.196621, 49.13192, 164], [6.196761, 49.132018, 164], [6.196918, 49.132132, 164], [6.197082, 49.132245, 164], [6.197209, 49.132332, 164], [6.197361, 49.132439, 164], [6.197464, 49.132503, 165], [6.19756, 49.132593, 164], [6.197621, 49.132587, 165], [6.197675, 49.132572, 165], [6.197721, 49.132573, 165], [6.197783, 49.132594, 165], [6.197886, 49.132668, 165], [6.197924, 49.132744, 166], [6.198002, 49.132883, 166], [6.198051, 49.132975, 165], [6.198154, 49.13295, 165], [6.198339, 49.133303, 165], [6.198531, 49.133685, 165], [6.19858, 49.133689, 165], [6.198624, 49.133708, 165], [6.198696, 49.133724, 165], [6.1988, 49.133737, 165], [6.198899, 49.133753, 165], [6.19899, 49.133768, 165], [6.199145, 49.133825, 165], [6.199244, 49.133879, 165], [6.199342, 49.133963, 165], [6.199365, 49.133997, 165], [6.199413, 49.134087, 165], [6.199446, 49.1342, 165], [6.199466, 49.134334, 165], [6.199491, 49.13437, 165], [6.199549, 49.134423, 165], [6.199645, 49.134477, 165], [6.199726, 49.1345, 165], [6.19984, 49.134514, 165], [6.199967, 49.134519, 165], [6.200346, 49.134488, 166], [6.200391, 49.134486, 167], [6.20036, 49.134687, 166], [6.200668, 49.134727, 168], [6.200943, 49.134724, 173], [6.201258, 49.134792, 180], [6.201343, 49.134826, 181], [6.201627, 49.134999, 184], [6.202005, 49.135319, 192], [6.202983, 49.135094, 197], [6.202977, 49.135078, 197], [6.202971, 49.135063, 197], [6.203879, 49.134828, 195], [6.204107, 49.135248, 196], [6.204187, 49.135374, 197], [6.204276, 49.135481, 198], [6.204376, 49.135573, 198], [6.204509, 49.135677, 199], [6.205609, 49.136464, 204], [6.204911, 49.136754, 208], [6.204112, 49.137041, 210], [6.204255, 49.137334, 212], [6.204384, 49.137375, 213], [6.204604, 49.13758, 216], [6.204792, 49.137761, 217], [6.205172, 49.138346, 226], [6.205251, 49.138451, 227], [6.205361, 49.138653, 230], [6.205301, 49.138678, 230], [6.205603, 49.139263, 235], [6.206033, 49.139826, 242], [6.206156, 49.139981, 242], [6.206405, 49.140287, 244], [6.206729, 49.140648, 245], [6.20694, 49.14087, 247], [6.207313, 49.141319, 248], [6.207335, 49.141384, 248], [6.207238, 49.141546, 246], [6.20718, 49.141531, 246], [6.207238, 49.141546, 246], [6.207227, 49.141582, 246], [6.207228, 49.14161, 245], [6.207311, 49.141635, 246], [6.207336, 49.141661, 245], [6.207316, 49.141717, 245], [6.207235, 49.141781, 244], [6.207168, 49.14181, 243], [6.207129, 49.141827, 242], [6.207309, 49.14198, 242], [6.208011, 49.14269, 241], [6.208279, 49.143013, 239], [6.208557, 49.143427, 237], [6.209057, 49.144236, 235], [6.20998, 49.145744, 233], [6.211775, 49.145166, 218], [6.212135, 49.145043, 218], [6.213616, 49.144261, 228], [6.214431, 49.143854, 236], [6.214667, 49.143664, 238], [6.214796, 49.143426, 242], [6.214946, 49.143236, 244], [6.215139, 49.143117, 246], [6.21539, 49.14304, 248], [6.215901, 49.142948, 250], [6.216696, 49.14284, 253], [6.217217, 49.142746, 255], [6.21771, 49.142704, 257], [6.217862, 49.142817, 256], [6.218181, 49.142999, 255], [6.218423, 49.143176, 254], [6.218579, 49.143282, 253], [6.21872, 49.143346, 253], [6.218875, 49.143406, 253], [6.218985, 49.143423, 253], [6.219099, 49.143424, 253], [6.218985, 49.143423, 253], [6.218875, 49.143406, 253], [6.21872, 49.143346, 253], [6.218579, 49.143282, 253], [6.218423, 49.143176, 254], [6.218181, 49.142999, 255], [6.217862, 49.142817, 256], [6.21771, 49.142704, 257], [6.217532, 49.142605, 257], [6.216152, 49.141699, 262], [6.216113, 49.141674, 262], [6.21631, 49.141512, 262], [6.217121, 49.140827, 262], [6.217297, 49.140686, 262], [6.21726, 49.140577, 262], [6.217112, 49.140042, 260], [6.216847, 49.139081, 255], [6.217116, 49.138229, 250], [6.217204, 49.137892, 249], [6.217262, 49.137837, 249], [6.217306, 49.137794, 249], [6.217224, 49.137758, 249], [6.217255, 49.137728, 249], [6.217785, 49.137218, 247], [6.217657, 49.137052, 246], [6.217042, 49.136672, 244], [6.216899, 49.136593, 244], [6.216817, 49.136528, 244], [6.216524, 49.136361, 243], [6.21647, 49.136336, 243], [6.215157, 49.135652, 241], [6.215461, 49.135396, 241], [6.215469, 49.135359, 241], [6.215452, 49.135321, 241], [6.214644, 49.134861, 240], [6.214611, 49.134841, 240], [6.214555, 49.134807, 240], [6.21461, 49.134785, 240], [6.214733, 49.134717, 240], [6.214832, 49.134653, 240], [6.215113, 49.134455, 240], [6.215049, 49.134414, 240], [6.215027, 49.134399, 240], [6.21402, 49.133786, 240], [6.213986, 49.133756, 240], [6.21398, 49.133724, 240], [6.213988, 49.133691, 240], [6.214014, 49.133663, 240], [6.214338, 49.133434, 240], [6.214469, 49.133342, 240], [6.21452, 49.133307, 240], [6.214623, 49.133308, 240], [6.214663, 49.13333, 241], [6.214885, 49.133169, 241], [6.214842, 49.132645, 241], [6.214519, 49.132417, 242], [6.214587, 49.132345, 241], [6.214822, 49.132172, 241], [6.214933, 49.132251, 241], [6.215067, 49.132164, 240], [6.215224, 49.132049, 240], [6.215017, 49.131923, 240], [6.214918, 49.131862, 240], [6.215046, 49.13177, 239], [6.215122, 49.131717, 239], [6.215269, 49.131739, 239], [6.215492, 49.13156, 238], [6.215521, 49.131444, 237], [6.215671, 49.131306, 236], [6.21607, 49.130915, 232], [6.216215, 49.130729, 231], [6.21594, 49.130671, 232], [6.215666, 49.130612, 233], [6.215298, 49.130424, 233], [6.214948, 49.130261, 233], [6.214565, 49.130105, 233], [6.214204, 49.129973, 233], [6.214222, 49.129936, 232], [6.214297, 49.129864, 232], [6.214407, 49.12978, 231], [6.214476, 49.129722, 231], [6.21453, 49.129655, 230], [6.214578, 49.129563, 229], [6.214612, 49.129475, 228], [6.214674, 49.129396, 228], [6.21472, 49.129328, 228], [6.214877, 49.129099, 226], [6.215084, 49.128845, 224], [6.215215, 49.128772, 223], [6.215591, 49.128517, 219], [6.215635, 49.128457, 219], [6.215466, 49.128397, 219], [6.214862, 49.128188, 219], [6.214066, 49.127949, 218], [6.213599, 49.127824, 218], [6.213122, 49.127712, 218], [6.212542, 49.127586, 220], [6.212231, 49.127524, 219], [6.212169, 49.127485, 219], [6.212219, 49.127457, 218], [6.212262, 49.127422, 218], [6.212385, 49.127038, 214], [6.212402, 49.126959, 214], [6.212389, 49.126839, 212], [6.21236, 49.126736, 211], [6.212319, 49.126677, 211], [6.212167, 49.126531, 210], [6.212018, 49.126458, 210], [6.211914, 49.126398, 209], [6.212028, 49.12633, 208], [6.212422, 49.125498, 191], [6.212128, 49.125439, 190], [6.211907, 49.125416, 190], [6.211918, 49.125395, 190], [6.211942, 49.125387, 189], [6.212054, 49.125389, 189], [6.212062, 49.125373, 189], [6.212054, 49.125343, 188], [6.212019, 49.125272, 187], [6.211973, 49.12521, 186], [6.211925, 49.12516, 185], [6.211796, 49.125085, 184], [6.211751, 49.125043, 184], [6.211698, 49.124952, 182], [6.211682, 49.124884, 181], [6.211682, 49.124825, 180], [6.211665, 49.124766, 180], [6.21158, 49.124658, 178], [6.211535, 49.124564, 177], [6.211515, 49.124539, 176], [6.211285, 49.124248, 172], [6.211032, 49.124239, 172], [6.211038, 49.12415, 171], [6.210986, 49.124137, 171], [6.210761, 49.124041, 170], [6.210743, 49.124028, 170], [6.210676, 49.124002, 170], [6.210613, 49.123957, 170], [6.210451, 49.123778, 169], [6.21041, 49.123744, 169], [6.210295, 49.123604, 169], [6.210112, 49.123482, 169], [6.210064, 49.123429, 170], [6.210036, 49.123387, 170], [6.209907, 49.123282, 169], [6.209856, 49.123242, 169], [6.209776, 49.123202, 169], [6.209599, 49.123186, 169], [6.209484, 49.123191, 169], [6.209427, 49.1232, 169], [6.209309, 49.123243, 168], [6.209217, 49.123241, 168], [6.20902, 49.12318, 169], [6.208893, 49.12316, 169], [6.208783, 49.123199, 169], [6.208609, 49.123226, 168], [6.20836, 49.123297, 169], [6.208101, 49.123349, 169], [6.207753, 49.123407, 170], [6.207545, 49.123435, 169], [6.20749, 49.12343, 169], [6.20737, 49.1235, 168], [6.207301, 49.123524, 168], [6.207184, 49.123554, 168], [6.206688, 49.123655, 170], [6.206628, 49.123636, 170], [6.2066, 49.123616, 170], [6.206154, 49.123729, 168], [6.206041, 49.123489, 169], [6.205918, 49.123229, 170], [6.205904, 49.1232, 170], [6.205896, 49.123184, 170], [6.205854, 49.123094, 170], [6.205658, 49.123126, 170], [6.205589, 49.123137, 170], [6.205278, 49.123201, 170], [6.204973, 49.123273, 170], [6.204752, 49.122929, 174], [6.204652, 49.122724, 177], [6.204531, 49.122501, 182], [6.204353, 49.122269, 188], [6.20427, 49.12213, 190], [6.204058, 49.121799, 200], [6.203968, 49.12178, 200], [6.203925, 49.121811, 200], [6.203828, 49.121839, 200], [6.203424, 49.12185, 203], [6.203292, 49.121845, 203], [6.203345, 49.121742, 204], [6.203364, 49.121626, 205], [6.203357, 49.121346, 207], [6.203345, 49.120907, 208], [6.203343, 49.12089, 209], [6.203342, 49.120852, 209], [6.203612, 49.12079, 209], [6.203597, 49.120756, 209], [6.20355, 49.120681, 209], [6.203271, 49.120326, 209], [6.203216, 49.120323, 209], [6.203152, 49.120309, 209], [6.203071, 49.120283, 209], [6.202576, 49.120161, 208], [6.202446, 49.120155, 208], [6.2021, 49.120041, 208], [6.202043, 49.120015, 208], [6.201975, 49.119983, 208], [6.201947, 49.119962, 208], [6.20192, 49.119941, 208], [6.201628, 49.119797, 207], [6.201448, 49.119727, 207], [6.201061, 49.119593, 206], [6.20072, 49.119478, 206], [6.200563, 49.11944, 205], [6.200472, 49.119422, 205], [6.200195, 49.119373, 206], [6.200052, 49.119355, 206], [6.199826, 49.119327, 206], [6.199719, 49.119313, 206], [6.199396, 49.119301, 205], [6.199217, 49.119295, 205], [6.198128, 49.119219, 204], [6.198037, 49.119189, 204], [6.197806, 49.119178, 202], [6.197711, 49.119221, 202], [6.197655, 49.119217, 202], [6.197144, 49.119182, 201], [6.197154, 49.119126, 201], [6.197175, 49.119013, 201], [6.197208, 49.118839, 201], [6.197264, 49.118539, 200], [6.197208, 49.118535, 200], [6.197243, 49.118314, 199], [6.197123, 49.118276, 198], [6.196968, 49.118248, 198], [6.196845, 49.11826, 198], [6.196688, 49.118304, 198], [6.196635, 49.1183, 198], [6.196547, 49.118282, 198], [6.196464, 49.118267, 198], [6.196476, 49.118177, 198], [6.196458, 49.118086, 198], [6.196465, 49.118029, 198], [6.196487, 49.117995, 198], [6.196557, 49.117929, 197], [6.196579, 49.117896, 197], [6.196596, 49.117824, 197], [6.196606, 49.117727, 196], [6.19663, 49.117619, 196], [6.196686, 49.117435, 196], [6.196728, 49.117337, 196], [6.196713, 49.117278, 195], [6.196688, 49.117264, 195], [6.196699, 49.117183, 195], [6.195933, 49.117143, 194], [6.195846, 49.117139, 194], [6.195684, 49.117111, 193], [6.195563, 49.117061, 193], [6.195478, 49.116985, 192], [6.195342, 49.116771, 192], [6.195253, 49.116785, 191], [6.195143, 49.116796, 192], [6.195019, 49.116787, 192], [6.194819, 49.116747, 191], [6.194676, 49.116688, 191], [6.194439, 49.116533, 190], [6.194135, 49.116352, 190], [6.193809, 49.116187, 188], [6.193577, 49.116074, 187], [6.193508, 49.116057, 187], [6.19333, 49.115969, 185], [6.192899, 49.115771, 182], [6.192167, 49.115789, 180], [6.191447, 49.115814, 176], [6.190721, 49.115888, 177], [6.190712, 49.115835, 175], [6.190706, 49.115798, 175], [6.190625, 49.115789, 175], [6.190467, 49.115765, 175], [6.190343, 49.115719, 175], [6.190223, 49.115654, 175], [6.190172, 49.115615, 176], [6.19018, 49.115555, 176], [6.189883, 49.115146, 176], [6.189701, 49.114895, 175], [6.189499, 49.114902, 174], [6.189338, 49.11491, 174], [6.189144, 49.114909, 174], [6.188931, 49.114899, 175], [6.188766, 49.114883, 175], [6.188363, 49.114797, 174], [6.18838, 49.114756, 174], [6.188425, 49.114663, 173], [6.188508, 49.114476, 172], [6.188562, 49.114356, 173], [6.18833, 49.114316, 172], [6.188152, 49.11429, 173], [6.187768, 49.114291, 172], [6.187736, 49.114284, 172], [6.187497, 49.114154, 172], [6.187378, 49.114088, 172], [6.187226, 49.113987, 173], [6.186963, 49.113812, 171], [6.186698, 49.113635, 171], [6.186446, 49.113468, 171], [6.186356, 49.113443, 171], [6.186284, 49.11342, 171], [6.186237, 49.113406, 171], [6.186081, 49.113351, 171], [6.18583, 49.113263, 170], [6.185743, 49.113224, 169], [6.185705, 49.113196, 168], [6.185346, 49.11294, 169], [6.185318, 49.112906, 170], [6.185303, 49.11287, 170], [6.185317, 49.112705, 170], [6.185391, 49.1122, 168], [6.185395, 49.11212, 168], [6.185388, 49.112102, 168], [6.18537, 49.11205, 169], [6.185285, 49.111997, 171], [6.185214, 49.111949, 171], [6.184949, 49.111769, 171], [6.184151, 49.111226, 172], [6.183208, 49.110605, 172], [6.183229, 49.110542, 172], [6.183252, 49.110487, 172], [6.183158, 49.110431, 172], [6.183058, 49.110379, 172], [6.182982, 49.110342, 172], [6.182901, 49.110312, 172], [6.182706, 49.110236, 172], [6.182426, 49.110084, 175], [6.182278, 49.109988, 173], [6.182208, 49.109915, 172], [6.181632, 49.109541, 172], [6.181663, 49.109521, 171], [6.181744, 49.10947, 171], [6.181852, 49.109326, 171], [6.181927, 49.109235, 171], [6.182093, 49.109135, 171], [6.182087, 49.109087, 171], [6.182031, 49.10865, 171], [6.182197, 49.108639, 171], [6.182208, 49.108618, 171], [6.18204, 49.108572, 171], [6.181686, 49.108609, 171], [6.181671, 49.108635, 171], [6.181601, 49.108618, 171], [6.181322, 49.108646, 171], [6.18105, 49.108425, 172]]}}, {"type": "Feature", "properties": {"id": "saint-julien-grimont-parmentiers", "nom": "Saint-Julien et Grimont, depuis la rue des Parmentiers", "couleur": "#B5654F"}, "geometry": {"type": "LineString", "coordinates": [[6.176867, 49.115387, 174], [6.177033, 49.115522, 175], [6.177282, 49.115809, 174], [6.177407, 49.116014, 174], [6.177506, 49.116175, 174], [6.177613, 49.11632, 174], [6.177654, 49.116377, 174], [6.177685, 49.116414, 174], [6.177915, 49.116688, 174], [6.178091, 49.116897, 173], [6.178295, 49.116845, 173], [6.178553, 49.11679, 172], [6.178796, 49.116755, 170], [6.178832, 49.116749, 170], [6.17887, 49.116748, 170], [6.178955, 49.117138, 170], [6.178983, 49.117296, 170], [6.179018, 49.117457, 171], [6.178976, 49.117584, 171], [6.178972, 49.117598, 171], [6.17896, 49.117631, 171], [6.178893, 49.117815, 171], [6.178929, 49.117845, 171], [6.178972, 49.11789, 171], [6.178949, 49.117898, 171], [6.179038, 49.117993, 171], [6.179202, 49.11813, 172], [6.179188, 49.118196, 173], [6.179194, 49.118225, 174], [6.179272, 49.118315, 174], [6.179532, 49.118525, 176], [6.179753, 49.118686, 177], [6.179997, 49.118843, 179], [6.180265, 49.11899, 178], [6.180288, 49.119003, 178], [6.180558, 49.119163, 178], [6.180907, 49.119253, 176], [6.180915, 49.119255, 176], [6.180973, 49.119268, 175], [6.18103, 49.119271, 174], [6.181061, 49.119286, 174], [6.181079, 49.119322, 176], [6.181064, 49.119351, 177], [6.181175, 49.11939, 176], [6.181514, 49.119505, 172], [6.181611, 49.119533, 172], [6.181678, 49.119555, 172], [6.181901, 49.119631, 169], [6.182014, 49.11964, 168], [6.182054, 49.119707, 168], [6.182642, 49.119936, 168], [6.182658, 49.119962, 168], [6.182669, 49.119959, 168], [6.182696, 49.119967, 168], [6.182728, 49.119979, 168], [6.18275, 49.11997, 168], [6.183099, 49.120105, 168], [6.183632, 49.120324, 168], [6.183768, 49.120377, 168], [6.183771, 49.120388, 168], [6.183756, 49.120404, 168], [6.183782, 49.120411, 168], [6.18382, 49.120423, 168], [6.183857, 49.120437, 168], [6.183872, 49.120442, 168], [6.183854, 49.120468, 168], [6.183869, 49.120472, 168], [6.183909, 49.120482, 168], [6.183953, 49.120495, 168], [6.18397, 49.120505, 168], [6.184005, 49.120522, 168], [6.184046, 49.120489, 168], [6.184459, 49.120652, 169], [6.184534, 49.120686, 169], [6.184658, 49.120755, 169], [6.184885, 49.120904, 168], [6.184969, 49.120982, 168], [6.185015, 49.121005, 168], [6.185163, 49.121048, 168], [6.185274, 49.121107, 168], [6.185365, 49.121142, 168], [6.185529, 49.121285, 168], [6.185617, 49.12138, 168], [6.185683, 49.121474, 168], [6.185728, 49.121549, 168], [6.18587, 49.121905, 167], [6.185989, 49.122166, 167], [6.186075, 49.122417, 167], [6.186093, 49.12253, 167], [6.18609, 49.122587, 167], [6.18608, 49.122722, 167], [6.18606, 49.122783, 167], [6.186178, 49.122798, 166], [6.186651, 49.122844, 168], [6.186686, 49.122848, 168], [6.186801, 49.122858, 170], [6.187301, 49.122907, 171], [6.187495, 49.122926, 170], [6.187622, 49.122939, 170], [6.187767, 49.122953, 171], [6.187782, 49.122999, 171], [6.187779, 49.123085, 171], [6.187776, 49.123208, 171], [6.187706, 49.123624, 172], [6.187661, 49.123983, 172], [6.187595, 49.124336, 172], [6.187476, 49.124873, 172], [6.187475, 49.124874, 172], [6.187407, 49.125127, 172], [6.187339, 49.125335, 172], [6.187263, 49.125442, 171], [6.187255, 49.125464, 171], [6.187269, 49.125554, 171], [6.187285, 49.125588, 171], [6.187335, 49.125612, 171], [6.187374, 49.125626, 171], [6.187462, 49.125631, 172], [6.18754, 49.125637, 172], [6.18762, 49.12562, 171], [6.187668, 49.125604, 171], [6.187761, 49.125573, 171], [6.18803, 49.125569, 171], [6.188238, 49.125671, 170], [6.188481, 49.125771, 170], [6.189316, 49.126091, 170], [6.189393, 49.126299, 169], [6.189392, 49.126387, 168], [6.189443, 49.126338, 169], [6.189577, 49.1264, 169], [6.189752, 49.126385, 169], [6.190068, 49.126362, 169], [6.190448, 49.126446, 170], [6.191179, 49.126586, 170], [6.192305, 49.126816, 170], [6.192562, 49.126868, 170], [6.192993, 49.126956, 169], [6.193213, 49.12699, 168], [6.193287, 49.127002, 168], [6.193584, 49.127028, 168], [6.193783, 49.127176, 168], [6.194268, 49.127535, 168], [6.194555, 49.127748, 166], [6.194599, 49.127781, 166], [6.194623, 49.127798, 166], [6.194841, 49.12796, 166], [6.194923, 49.128021, 167], [6.195007, 49.128083, 167], [6.194947, 49.12812, 167], [6.194925, 49.128139, 166], [6.194861, 49.128186, 166], [6.194722, 49.128317, 166], [6.194659, 49.128413, 165], [6.194612, 49.128503, 165], [6.194601, 49.128606, 164], [6.194672, 49.129019, 164], [6.194698, 49.12925, 164], [6.194733, 49.129416, 165], [6.194747, 49.129567, 165], [6.194877, 49.12957, 166], [6.195102, 49.129606, 166], [6.195109, 49.129636, 165], [6.195318, 49.129862, 164], [6.195359, 49.129918, 164], [6.195405, 49.129954, 164], [6.19554, 49.130034, 164], [6.195639, 49.130115, 164], [6.195779, 49.130189, 164], [6.195855, 49.130263, 164], [6.195898, 49.130329, 164], [6.196042, 49.130271, 164], [6.196099, 49.130341, 164], [6.196042, 49.130271, 164], [6.195898, 49.130329, 164], [6.195952, 49.130387, 164], [6.196002, 49.130447, 164], [6.196035, 49.130504, 164], [6.196092, 49.130573, 164], [6.196112, 49.130665, 164], [6.196134, 49.130718, 164], [6.196162, 49.130771, 164], [6.196227, 49.130858, 164], [6.196142, 49.130887, 164], [6.195948, 49.130955, 164], [6.195766, 49.131018, 164], [6.195914, 49.131159, 164], [6.195971, 49.131213, 164], [6.195947, 49.13135, 164], [6.195962, 49.131404, 164], [6.196023, 49.131489, 164], [6.196177, 49.131601, 164], [6.196324, 49.131712, 164], [6.196462, 49.131808, 164], [6.196621, 49.13192, 164], [6.196761, 49.132018, 164], [6.196918, 49.132132, 164], [6.197082, 49.132245, 164], [6.197209, 49.132332, 164], [6.197361, 49.132439, 164], [6.197464, 49.132503, 165], [6.19756, 49.132593, 164], [6.197621, 49.132587, 165], [6.197675, 49.132572, 165], [6.197721, 49.132573, 165], [6.197783, 49.132594, 165], [6.197886, 49.132668, 165], [6.197924, 49.132744, 166], [6.198002, 49.132883, 166], [6.198051, 49.132975, 165], [6.198154, 49.13295, 165], [6.198339, 49.133303, 165], [6.198531, 49.133685, 165], [6.19858, 49.133689, 165], [6.198624, 49.133708, 165], [6.198696, 49.133724, 165], [6.1988, 49.133737, 165], [6.198899, 49.133753, 165], [6.19899, 49.133768, 165], [6.199145, 49.133825, 165], [6.199244, 49.133879, 165], [6.199342, 49.133963, 165], [6.199365, 49.133997, 165], [6.199413, 49.134087, 165], [6.199446, 49.1342, 165], [6.199466, 49.134334, 165], [6.199491, 49.13437, 165], [6.199549, 49.134423, 165], [6.199645, 49.134477, 165], [6.199726, 49.1345, 165], [6.19984, 49.134514, 165], [6.199967, 49.134519, 165], [6.200346, 49.134488, 166], [6.200391, 49.134486, 167], [6.20036, 49.134687, 166], [6.200668, 49.134727, 168], [6.200943, 49.134724, 173], [6.201258, 49.134792, 180], [6.201343, 49.134826, 181], [6.201627, 49.134999, 184], [6.202005, 49.135319, 192], [6.202983, 49.135094, 197], [6.202977, 49.135078, 197], [6.202971, 49.135063, 197], [6.203879, 49.134828, 195], [6.204107, 49.135248, 196], [6.204187, 49.135374, 197], [6.204276, 49.135481, 198], [6.204376, 49.135573, 198], [6.204509, 49.135677, 199], [6.205609, 49.136464, 204], [6.204911, 49.136754, 208], [6.204112, 49.137041, 210], [6.204255, 49.137334, 212], [6.204384, 49.137375, 213], [6.204604, 49.13758, 216], [6.204792, 49.137761, 217], [6.205172, 49.138346, 226], [6.205251, 49.138451, 227], [6.205361, 49.138653, 230], [6.205301, 49.138678, 230], [6.205603, 49.139263, 235], [6.206033, 49.139826, 242], [6.206156, 49.139981, 242], [6.206405, 49.140287, 244], [6.206729, 49.140648, 245], [6.20694, 49.14087, 247], [6.207313, 49.141319, 248], [6.207335, 49.141384, 248], [6.207238, 49.141546, 246], [6.20718, 49.141531, 246], [6.207238, 49.141546, 246], [6.207227, 49.141582, 246], [6.207228, 49.14161, 245], [6.207311, 49.141635, 246], [6.207336, 49.141661, 245], [6.207316, 49.141717, 245], [6.207235, 49.141781, 244], [6.207168, 49.14181, 243], [6.207129, 49.141827, 242], [6.207309, 49.14198, 242], [6.208011, 49.14269, 241], [6.208279, 49.143013, 239], [6.208557, 49.143427, 237], [6.209057, 49.144236, 235], [6.20998, 49.145744, 233], [6.211775, 49.145166, 218], [6.212135, 49.145043, 218], [6.213616, 49.144261, 228], [6.214431, 49.143854, 236], [6.214667, 49.143664, 238], [6.214796, 49.143426, 242], [6.214946, 49.143236, 244], [6.215139, 49.143117, 246], [6.21539, 49.14304, 248], [6.215901, 49.142948, 250], [6.216696, 49.14284, 253], [6.217217, 49.142746, 255], [6.21771, 49.142704, 257], [6.217862, 49.142817, 256], [6.218181, 49.142999, 255], [6.218423, 49.143176, 254], [6.218579, 49.143282, 253], [6.21872, 49.143346, 253], [6.218875, 49.143406, 253], [6.218985, 49.143423, 253], [6.219099, 49.143424, 253], [6.218985, 49.143423, 253], [6.218875, 49.143406, 253], [6.21872, 49.143346, 253], [6.218579, 49.143282, 253], [6.218423, 49.143176, 254], [6.218181, 49.142999, 255], [6.217862, 49.142817, 256], [6.21771, 49.142704, 257], [6.217532, 49.142605, 257], [6.216152, 49.141699, 262], [6.216113, 49.141674, 262], [6.21631, 49.141512, 262], [6.217121, 49.140827, 262], [6.217297, 49.140686, 262], [6.21726, 49.140577, 262], [6.217112, 49.140042, 260], [6.216847, 49.139081, 255], [6.217116, 49.138229, 250], [6.217204, 49.137892, 249], [6.217262, 49.137837, 249], [6.217306, 49.137794, 249], [6.217224, 49.137758, 249], [6.217255, 49.137728, 249], [6.217785, 49.137218, 247], [6.217657, 49.137052, 246], [6.217042, 49.136672, 244], [6.216899, 49.136593, 244], [6.216817, 49.136528, 244], [6.216524, 49.136361, 243], [6.21647, 49.136336, 243], [6.215157, 49.135652, 241], [6.215461, 49.135396, 241], [6.215469, 49.135359, 241], [6.215452, 49.135321, 241], [6.214644, 49.134861, 240], [6.214611, 49.134841, 240], [6.214555, 49.134807, 240], [6.21461, 49.134785, 240], [6.214733, 49.134717, 240], [6.214832, 49.134653, 240], [6.215113, 49.134455, 240], [6.215049, 49.134414, 240], [6.215027, 49.134399, 240], [6.21402, 49.133786, 240], [6.213986, 49.133756, 240], [6.21398, 49.133724, 240], [6.213988, 49.133691, 240], [6.214014, 49.133663, 240], [6.214338, 49.133434, 240], [6.214469, 49.133342, 240], [6.21452, 49.133307, 240], [6.214623, 49.133308, 240], [6.214663, 49.13333, 241], [6.214885, 49.133169, 241], [6.214842, 49.132645, 241], [6.214519, 49.132417, 242], [6.214587, 49.132345, 241], [6.214822, 49.132172, 241], [6.214933, 49.132251, 241], [6.215067, 49.132164, 240], [6.215224, 49.132049, 240], [6.215017, 49.131923, 240], [6.214918, 49.131862, 240], [6.215046, 49.13177, 239], [6.215122, 49.131717, 239], [6.215269, 49.131739, 239], [6.215492, 49.13156, 238], [6.215521, 49.131444, 237], [6.215671, 49.131306, 236], [6.21607, 49.130915, 232], [6.216215, 49.130729, 231], [6.21594, 49.130671, 232], [6.215666, 49.130612, 233], [6.215298, 49.130424, 233], [6.214948, 49.130261, 233], [6.214565, 49.130105, 233], [6.214204, 49.129973, 233], [6.214222, 49.129936, 232], [6.214297, 49.129864, 232], [6.214407, 49.12978, 231], [6.214476, 49.129722, 231], [6.21453, 49.129655, 230], [6.214578, 49.129563, 229], [6.214612, 49.129475, 228], [6.214674, 49.129396, 228], [6.21472, 49.129328, 228], [6.214877, 49.129099, 226], [6.215084, 49.128845, 224], [6.215215, 49.128772, 223], [6.215591, 49.128517, 219], [6.215635, 49.128457, 219], [6.215466, 49.128397, 219], [6.214862, 49.128188, 219], [6.214066, 49.127949, 218], [6.213599, 49.127824, 218], [6.213122, 49.127712, 218], [6.212542, 49.127586, 220], [6.212231, 49.127524, 219], [6.212169, 49.127485, 219], [6.212219, 49.127457, 218], [6.212262, 49.127422, 218], [6.212385, 49.127038, 214], [6.212402, 49.126959, 214], [6.212389, 49.126839, 212], [6.21236, 49.126736, 211], [6.212319, 49.126677, 211], [6.212167, 49.126531, 210], [6.212018, 49.126458, 210], [6.211914, 49.126398, 209], [6.212028, 49.12633, 208], [6.212422, 49.125498, 191], [6.212128, 49.125439, 190], [6.211907, 49.125416, 190], [6.211918, 49.125395, 190], [6.211942, 49.125387, 189], [6.212054, 49.125389, 189], [6.212062, 49.125373, 189], [6.212054, 49.125343, 188], [6.212019, 49.125272, 187], [6.211973, 49.12521, 186], [6.211925, 49.12516, 185], [6.211796, 49.125085, 184], [6.211751, 49.125043, 184], [6.211698, 49.124952, 182], [6.211682, 49.124884, 181], [6.211682, 49.124825, 180], [6.211665, 49.124766, 180], [6.21158, 49.124658, 178], [6.211535, 49.124564, 177], [6.211515, 49.124539, 176], [6.211285, 49.124248, 172], [6.211032, 49.124239, 172], [6.211038, 49.12415, 171], [6.210986, 49.124137, 171], [6.210761, 49.124041, 170], [6.210743, 49.124028, 170], [6.210676, 49.124002, 170], [6.210613, 49.123957, 170], [6.210451, 49.123778, 169], [6.21041, 49.123744, 169], [6.210295, 49.123604, 169], [6.210112, 49.123482, 169], [6.210064, 49.123429, 170], [6.210036, 49.123387, 170], [6.209907, 49.123282, 169], [6.209856, 49.123242, 169], [6.209776, 49.123202, 169], [6.209599, 49.123186, 169], [6.209484, 49.123191, 169], [6.209427, 49.1232, 169], [6.209309, 49.123243, 168], [6.209217, 49.123241, 168], [6.20902, 49.12318, 169], [6.208893, 49.12316, 169], [6.208783, 49.123199, 169], [6.208609, 49.123226, 168], [6.20836, 49.123297, 169], [6.208101, 49.123349, 169], [6.207753, 49.123407, 170], [6.207545, 49.123435, 169], [6.20749, 49.12343, 169], [6.20737, 49.1235, 168], [6.207301, 49.123524, 168], [6.207184, 49.123554, 168], [6.206688, 49.123655, 170], [6.206628, 49.123636, 170], [6.2066, 49.123616, 170], [6.206154, 49.123729, 168], [6.206041, 49.123489, 169], [6.205918, 49.123229, 170], [6.205904, 49.1232, 170], [6.205896, 49.123184, 170], [6.205854, 49.123094, 170], [6.205658, 49.123126, 170], [6.205589, 49.123137, 170], [6.205278, 49.123201, 170], [6.204973, 49.123273, 170], [6.204752, 49.122929, 174], [6.204652, 49.122724, 177], [6.204531, 49.122501, 182], [6.204353, 49.122269, 188], [6.20427, 49.12213, 190], [6.204058, 49.121799, 200], [6.203968, 49.12178, 200], [6.203925, 49.121811, 200], [6.203828, 49.121839, 200], [6.203424, 49.12185, 203], [6.203292, 49.121845, 203], [6.203345, 49.121742, 204], [6.203364, 49.121626, 205], [6.203357, 49.121346, 207], [6.203295, 49.121347, 207], [6.202935, 49.121351, 207], [6.202802, 49.12136, 207], [6.202638, 49.121342, 207], [6.202473, 49.121351, 207], [6.202137, 49.121411, 208], [6.201732, 49.121131, 209], [6.201658, 49.121054, 209], [6.201642, 49.121023, 209], [6.201315, 49.121084, 209], [6.201244, 49.121097, 209], [6.20115, 49.120813, 210], [6.201168, 49.120778, 210], [6.20122, 49.120509, 210], [6.200301, 49.120507, 209], [6.200355, 49.120243, 208], [6.200269, 49.12023, 208], [6.200216, 49.120205, 208], [6.200148, 49.120219, 208], [6.20009, 49.120218, 208], [6.199802, 49.120211, 208], [6.19959, 49.120205, 207], [6.198758, 49.120201, 206], [6.198165, 49.120203, 206], [6.198131, 49.120203, 206], [6.198072, 49.120203, 206], [6.198071, 49.120131, 206], [6.198065, 49.119558, 204], [6.198064, 49.119477, 204], [6.197918, 49.119466, 204], [6.19761, 49.119442, 202], [6.19735, 49.119422, 202], [6.196381, 49.119347, 201], [6.196307, 49.119341, 200], [6.19629, 49.119433, 200], [6.196267, 49.119558, 201], [6.195751, 49.119539, 200], [6.195629, 49.119531, 200], [6.19507, 49.119493, 198], [6.195072, 49.119422, 198], [6.194978, 49.119425, 198], [6.194916, 49.119436, 198], [6.194684, 49.119431, 198], [6.19439, 49.11944, 198], [6.193496, 49.119401, 198], [6.193382, 49.119373, 198], [6.192943, 49.119267, 198], [6.192785, 49.119217, 197], [6.192691, 49.119174, 197], [6.192341, 49.118969, 196], [6.192229, 49.118877, 195], [6.191789, 49.118568, 196], [6.191491, 49.118343, 192], [6.191391, 49.118265, 192], [6.191209, 49.118151, 191], [6.191038, 49.118065, 191], [6.190909, 49.118011, 190], [6.19069, 49.117934, 190], [6.190527, 49.1179, 190], [6.190048, 49.117849, 188], [6.189982, 49.117849, 187], [6.189927, 49.117881, 187], [6.189797, 49.117921, 187], [6.189769, 49.11793, 186], [6.189735, 49.117942, 186], [6.189686, 49.117891, 186], [6.189635, 49.117842, 186], [6.189483, 49.117726, 184], [6.189395, 49.117674, 184], [6.189292, 49.117626, 184], [6.189169, 49.117603, 184], [6.189086, 49.117601, 184], [6.188992, 49.117611, 183], [6.188904, 49.117643, 182], [6.188826, 49.117688, 182], [6.18876, 49.117747, 182], [6.188712, 49.117828, 181], [6.1886, 49.117794, 180], [6.188509, 49.117792, 178], [6.187812, 49.11787, 178], [6.187744, 49.117858, 178], [6.187729, 49.117848, 178], [6.187714, 49.117809, 178], [6.187718, 49.11776, 178], [6.187744, 49.11768, 177], [6.187755, 49.117672, 176], [6.187773, 49.11767, 176], [6.18779, 49.117681, 176], [6.187795, 49.117696, 176], [6.18781, 49.1177, 176], [6.187824, 49.117697, 176], [6.187832, 49.117687, 176], [6.187835, 49.117584, 175], [6.187811, 49.117516, 174], [6.187745, 49.117454, 174], [6.187736, 49.117426, 175], [6.187577, 49.11741, 177], [6.186148, 49.117393, 173], [6.18593, 49.117389, 169], [6.185467, 49.117384, 168], [6.185372, 49.117416, 170], [6.185335, 49.117342, 172], [6.185298, 49.117268, 172], [6.185233, 49.11728, 173], [6.185192, 49.117295, 173], [6.185137, 49.117317, 172], [6.18506, 49.11733, 172], [6.185009, 49.117329, 172], [6.184934, 49.117328, 172], [6.184915, 49.117052, 172], [6.184833, 49.116788, 172], [6.184701, 49.116779, 172], [6.18412, 49.116713, 171], [6.183879, 49.116664, 171], [6.183686, 49.116603, 171], [6.183488, 49.116519, 171], [6.183005, 49.11626, 170], [6.182964, 49.116239, 170], [6.182844, 49.116169, 170], [6.182699, 49.116115, 170], [6.182506, 49.115974, 170], [6.182443, 49.115939, 169], [6.182056, 49.115758, 168], [6.182026, 49.115747, 168], [6.181678, 49.115595, 169], [6.18165, 49.115584, 169], [6.181622, 49.115572, 169], [6.181453, 49.115741, 169], [6.18139, 49.11572, 169], [6.181337, 49.115705, 169], [6.181305, 49.115739, 168], [6.181278, 49.115774, 168], [6.181253, 49.11577, 168], [6.18113, 49.115751, 168], [6.180912, 49.115722, 168], [6.180829, 49.115735, 168], [6.180585, 49.115739, 168], [6.17985, 49.115767, 169], [6.179831, 49.115768, 169], [6.179104, 49.115801, 170], [6.179087, 49.11569, 170], [6.178979, 49.115696, 171], [6.178613, 49.115716, 171], [6.178603, 49.115708, 171], [6.178539, 49.115661, 172], [6.178491, 49.115625, 172], [6.17813, 49.115696, 174], [6.177899, 49.115777, 174], [6.177638, 49.115894, 174], [6.177407, 49.116014, 174], [6.177282, 49.115809, 174], [6.177033, 49.115522, 175], [6.176867, 49.115387, 174]]}}, {"type": "Feature", "properties": {"id": "grange-aux-bois-lacs", "nom": "Grange-aux-Bois et les lacs du Technopole", "couleur": "#2F6690"}, "geometry": {"type": "LineString", "coordinates": [[6.18105, 49.108425, 171], [6.180864, 49.108274, 172], [6.180996, 49.108051, 171], [6.181122, 49.107839, 171], [6.180929, 49.107744, 171], [6.180975, 49.1077, 171], [6.181035, 49.107661, 171], [6.181123, 49.107629, 171], [6.18118, 49.107621, 171], [6.181239, 49.107612, 171], [6.182549, 49.107696, 171], [6.182987, 49.107726, 173], [6.182989, 49.107706, 172], [6.182999, 49.107611, 172], [6.183005, 49.107571, 172], [6.183014, 49.107518, 171], [6.183185, 49.107531, 170], [6.183229, 49.107515, 170], [6.183244, 49.107491, 170], [6.183329, 49.107497, 170], [6.183412, 49.107502, 170], [6.183617, 49.107512, 170], [6.183634, 49.107418, 170], [6.183859, 49.107434, 170], [6.183901, 49.107437, 170], [6.184217, 49.107459, 170], [6.184545, 49.107479, 170], [6.18483, 49.107499, 170], [6.184929, 49.107506, 170], [6.185232, 49.107528, 169], [6.18608, 49.107591, 168], [6.18611, 49.107406, 168], [6.186119, 49.107352, 168], [6.186145, 49.107324, 168], [6.186325, 49.106278, 167], [6.186342, 49.106249, 167], [6.186346, 49.10621, 168], [6.186414, 49.10621, 168], [6.186652, 49.106188, 168], [6.187, 49.106145, 168], [6.187318, 49.106107, 168], [6.187373, 49.1061, 168], [6.187401, 49.106097, 168], [6.187449, 49.106091, 169], [6.187462, 49.106153, 169], [6.187476, 49.106199, 169], [6.187529, 49.106188, 169], [6.187561, 49.106182, 169], [6.187622, 49.106169, 169], [6.18853, 49.105985, 174], [6.18857, 49.105977, 174], [6.188919, 49.105906, 177], [6.18905, 49.105859, 178], [6.189232, 49.105817, 180], [6.189383, 49.105815, 180], [6.189508, 49.105793, 182], [6.189614, 49.105775, 183], [6.189714, 49.105767, 184], [6.190044, 49.105792, 186], [6.190246, 49.105798, 189], [6.190464, 49.105778, 190], [6.19046, 49.105663, 190], [6.190476, 49.105568, 190], [6.19051, 49.10547, 191], [6.190665, 49.10512, 194], [6.190737, 49.104961, 195], [6.190783, 49.104769, 196], [6.190777, 49.104666, 197], [6.190766, 49.104482, 198], [6.190763, 49.104438, 198], [6.190734, 49.104325, 198], [6.190837, 49.104315, 199], [6.19123, 49.104367, 200], [6.191469, 49.104401, 200], [6.192428, 49.104544, 202], [6.19297, 49.10465, 203], [6.193471, 49.104779, 203], [6.193529, 49.104793, 204], [6.193581, 49.104801, 204], [6.193653, 49.104715, 204], [6.19376, 49.104605, 204], [6.194176, 49.104225, 206], [6.194321, 49.103986, 206], [6.194696, 49.103384, 205], [6.19477, 49.10329, 205], [6.194804, 49.103298, 205], [6.19485, 49.103308, 205], [6.195169, 49.103395, 206], [6.195428, 49.103463, 206], [6.195604, 49.103491, 207], [6.195704, 49.103509, 207], [6.195817, 49.103539, 207], [6.196122, 49.103622, 208], [6.196232, 49.10365, 208], [6.196203, 49.103703, 208], [6.196309, 49.103735, 209], [6.196471, 49.103748, 209], [6.196557, 49.103746, 209], [6.196563, 49.103723, 209], [6.1966, 49.103693, 208], [6.196677, 49.103661, 208], [6.196849, 49.103606, 208], [6.196849, 49.103606, 208], [6.196677, 49.103661, 208], [6.1966, 49.103693, 208], [6.196563, 49.103723, 209], [6.196557, 49.103746, 209], [6.196471, 49.103748, 209], [6.196309, 49.103735, 209], [6.196203, 49.103703, 208], [6.196232, 49.10365, 208], [6.196122, 49.103622, 208], [6.195817, 49.103539, 207], [6.195704, 49.103509, 207], [6.195604, 49.103491, 207], [6.195428, 49.103463, 206], [6.195169, 49.103395, 206], [6.19485, 49.103308, 205], [6.194804, 49.103298, 205], [6.19477, 49.10329, 205], [6.194775, 49.103281, 205], [6.19481, 49.103214, 204], [6.194873, 49.103091, 204], [6.194903, 49.103034, 204], [6.194946, 49.102954, 203], [6.194951, 49.102877, 202], [6.194959, 49.10277, 202], [6.194935, 49.102455, 196], [6.194917, 49.102375, 195], [6.19492, 49.102307, 194], [6.194967, 49.101595, 187], [6.195002, 49.101529, 187], [6.195024, 49.101497, 187], [6.195036, 49.101461, 187], [6.195128, 49.101203, 188], [6.195192, 49.10102, 188], [6.195247, 49.100867, 189], [6.195301, 49.100713, 188], [6.195629, 49.099995, 184], [6.19565, 49.099944, 184], [6.194948, 49.099761, 182], [6.194871, 49.099739, 182], [6.194883, 49.09972, 182], [6.194895, 49.099702, 182], [6.195091, 49.099412, 184], [6.195133, 49.09929, 184], [6.195166, 49.09916, 186], [6.195169, 49.099051, 185], [6.195146, 49.098975, 185], [6.195109, 49.098925, 185], [6.195022, 49.098887, 184], [6.195098, 49.09871, 183], [6.195214, 49.098505, 182], [6.195235, 49.098427, 180], [6.195251, 49.098373, 180], [6.195298, 49.098286, 180], [6.195381, 49.098277, 180], [6.195816, 49.098233, 181], [6.195827, 49.098262, 181], [6.195838, 49.098292, 181], [6.195947, 49.098596, 184], [6.195995, 49.098836, 188], [6.195992, 49.099031, 190], [6.196058, 49.09903, 190], [6.196615, 49.099011, 192], [6.196669, 49.09902, 192], [6.196714, 49.099042, 192], [6.196739, 49.09908, 193], [6.196801, 49.099131, 193], [6.196865, 49.099167, 194], [6.197393, 49.099149, 197], [6.197926, 49.099086, 200], [6.198556, 49.099054, 203], [6.198854, 49.099006, 204], [6.199034, 49.098983, 205], [6.199163, 49.098971, 205], [6.199601, 49.098952, 207], [6.200117, 49.098881, 209], [6.200273, 49.098866, 210], [6.200393, 49.098853, 210], [6.200724, 49.098801, 212], [6.200962, 49.098694, 212], [6.201407, 49.098562, 213], [6.201413, 49.098469, 213], [6.201568, 49.098477, 213], [6.201636, 49.098641, 214], [6.201646, 49.098749, 214], [6.201835, 49.098761, 214], [6.201943, 49.098782, 214], [6.202497, 49.098969, 215], [6.202541, 49.098987, 215], [6.202582, 49.099011, 215], [6.20262, 49.099, 215], [6.202663, 49.098961, 215], [6.20271, 49.098895, 215], [6.202721, 49.098792, 215], [6.202842, 49.098807, 215], [6.202918, 49.0987, 216], [6.203037, 49.098563, 216], [6.203134, 49.098469, 216], [6.203179, 49.098441, 216], [6.203246, 49.098399, 216], [6.203307, 49.098457, 216], [6.204118, 49.09921, 218], [6.204197, 49.099181, 219], [6.204217, 49.09918, 219], [6.204259, 49.099194, 219], [6.204351, 49.099247, 219], [6.204652, 49.099433, 219], [6.204753, 49.099487, 219], [6.205448, 49.099813, 218], [6.205552, 49.099847, 218], [6.205747, 49.099936, 217], [6.20585, 49.099972, 217], [6.205795, 49.100016, 217], [6.205868, 49.100049, 217], [6.205893, 49.100022, 217], [6.206254, 49.100192, 216], [6.206319, 49.100243, 216], [6.206327, 49.100265, 216], [6.206317, 49.100284, 216], [6.206273, 49.100324, 216], [6.206351, 49.100363, 216], [6.206488, 49.10043, 215], [6.206521, 49.100403, 215], [6.206556, 49.100354, 215], [6.206772, 49.100385, 214], [6.206915, 49.10044, 214], [6.207023, 49.100498, 213], [6.208147, 49.101041, 208], [6.208182, 49.101078, 208], [6.208304, 49.101011, 208], [6.208705, 49.100834, 208], [6.208838, 49.100763, 208], [6.209625, 49.100222, 208], [6.210432, 49.099734, 210], [6.210705, 49.099557, 210], [6.210853, 49.099517, 210], [6.211886, 49.099012, 208], [6.211961, 49.098976, 208], [6.212083, 49.098963, 208], [6.212117, 49.098944, 207], [6.212131, 49.098882, 207], [6.212682, 49.098612, 206], [6.213146, 49.098407, 206], [6.213894, 49.098089, 205], [6.214892, 49.097611, 204], [6.215147, 49.0975, 203], [6.216922, 49.096862, 202], [6.217278, 49.096725, 202], [6.217381, 49.096686, 202], [6.216645, 49.096032, 202], [6.216748, 49.095899, 206], [6.217619, 49.094778, 206], [6.218707, 49.095013, 207], [6.219142, 49.09444, 208], [6.219162, 49.094409, 208], [6.219185, 49.094379, 208], [6.219459, 49.094016, 208], [6.219529, 49.093923, 209], [6.2202, 49.093047, 211], [6.220351, 49.092856, 211], [6.221002, 49.091994, 212], [6.221081, 49.092006, 212], [6.221557, 49.092083, 214], [6.22171, 49.092107, 214], [6.222041, 49.09216, 214], [6.222709, 49.092272, 216], [6.222908, 49.092345, 217], [6.222984, 49.09238, 218], [6.223023, 49.092425, 218], [6.223011, 49.092537, 218], [6.223035, 49.092604, 217], [6.223071, 49.092653, 218], [6.223059, 49.092671, 217], [6.223209, 49.09272, 218], [6.22331, 49.092776, 218], [6.223424, 49.092781, 218], [6.223553, 49.09277, 218], [6.223676, 49.092739, 218], [6.223739, 49.092779, 218], [6.223921, 49.092866, 217], [6.224358, 49.093103, 216], [6.224483, 49.093159, 216], [6.224769, 49.093252, 215], [6.225081, 49.093303, 216], [6.225334, 49.093321, 215], [6.225412, 49.093328, 216], [6.228284, 49.093531, 216], [6.228741, 49.093565, 217], [6.228811, 49.093572, 217], [6.228865, 49.093593, 217], [6.228933, 49.093648, 216], [6.228948, 49.093676, 216], [6.228964, 49.093774, 216], [6.229071, 49.093766, 216], [6.229191, 49.093757, 215], [6.229273, 49.093751, 215], [6.229359, 49.093745, 216], [6.229385, 49.093743, 216], [6.229528, 49.093642, 216], [6.229677, 49.093651, 216], [6.22985, 49.093672, 216], [6.230381, 49.093698, 215], [6.230447, 49.093702, 215], [6.23056, 49.093677, 215], [6.232057, 49.093777, 217], [6.232496, 49.093825, 214], [6.232526, 49.093828, 214], [6.232535, 49.093777, 214], [6.232545, 49.093733, 214], [6.233735, 49.093812, 214], [6.233874, 49.093805, 214], [6.233952, 49.093785, 214], [6.234061, 49.093715, 214], [6.234118, 49.093708, 213], [6.234233, 49.093709, 214], [6.234305, 49.093713, 214], [6.234346, 49.093771, 214], [6.234429, 49.093822, 214], [6.234485, 49.093842, 214], [6.234466, 49.093882, 214], [6.234449, 49.093918, 214], [6.23446, 49.093958, 214], [6.234482, 49.094026, 213], [6.234507, 49.094054, 213], [6.234554, 49.094101, 213], [6.234631, 49.094157, 212], [6.23473, 49.094129, 212], [6.23487, 49.094113, 212], [6.235025, 49.094104, 212], [6.235166, 49.094116, 212], [6.235569, 49.094198, 212], [6.235657, 49.094226, 212], [6.235751, 49.094296, 212], [6.235844, 49.09438, 212], [6.235893, 49.094469, 212], [6.235923, 49.094572, 212], [6.235972, 49.09482, 211], [6.236003, 49.094892, 211], [6.236045, 49.094955, 212], [6.236116, 49.095013, 212], [6.236279, 49.095099, 212], [6.236379, 49.095152, 212], [6.236495, 49.095229, 212], [6.236622, 49.095322, 212], [6.23669, 49.09539, 212], [6.236755, 49.095489, 212], [6.236846, 49.095588, 212], [6.236967, 49.095667, 211], [6.237267, 49.095796, 212], [6.237458, 49.09586, 212], [6.23759, 49.095915, 212], [6.237718, 49.095979, 212], [6.237788, 49.096024, 212], [6.23782, 49.096065, 212], [6.237828, 49.096096, 212], [6.238397, 49.096138, 212], [6.238431, 49.096141, 212], [6.238562, 49.09617, 212], [6.238608, 49.096173, 212], [6.238748, 49.096183, 212], [6.238754, 49.096152, 212], [6.238986, 49.096166, 212], [6.23978, 49.096225, 214], [6.240102, 49.096267, 214], [6.240426, 49.096338, 216], [6.240573, 49.096381, 216], [6.240687, 49.096254, 216], [6.240875, 49.096092, 217], [6.241126, 49.095926, 218], [6.241539, 49.095695, 218], [6.241577, 49.095679, 218], [6.241764, 49.095625, 218], [6.241891, 49.09561, 219], [6.24212, 49.095584, 219], [6.242358, 49.095604, 219], [6.242537, 49.095639, 220], [6.242596, 49.095657, 220], [6.242628, 49.095685, 220], [6.242887, 49.095809, 220], [6.242628, 49.095685, 220], [6.242596, 49.095657, 220], [6.242537, 49.095639, 220], [6.242358, 49.095604, 219], [6.24212, 49.095584, 219], [6.241891, 49.09561, 219], [6.241764, 49.095625, 218], [6.241577, 49.095679, 218], [6.24157, 49.095792, 218], [6.241632, 49.09622, 218], [6.241482, 49.096409, 217], [6.241241, 49.09661, 217], [6.241164, 49.096656, 217], [6.24114, 49.096676, 217], [6.241042, 49.096758, 217], [6.240467, 49.09724, 216], [6.240093, 49.097553, 217], [6.239842, 49.097763, 217], [6.239811, 49.097789, 217], [6.239779, 49.097816, 217], [6.239746, 49.097843, 217], [6.239649, 49.097931, 217], [6.239389, 49.098149, 217], [6.238628, 49.098763, 214], [6.238573, 49.09882, 214], [6.238558, 49.098845, 214], [6.238472, 49.098815, 214], [6.237803, 49.098585, 213], [6.237764, 49.098628, 213], [6.237698, 49.098616, 213], [6.237588, 49.09882, 214], [6.237394, 49.099179, 214], [6.237255, 49.099442, 215], [6.237238, 49.099473, 215], [6.23707, 49.099795, 215], [6.237035, 49.099853, 215], [6.236861, 49.100189, 215], [6.236807, 49.100186, 214], [6.236592, 49.100304, 214], [6.236536, 49.100324, 214], [6.236518, 49.100337, 214], [6.236459, 49.100351, 214], [6.236513, 49.100426, 214], [6.236556, 49.100507, 214], [6.2366, 49.100759, 215], [6.236637, 49.100855, 215], [6.236684, 49.101017, 216], [6.236739, 49.101158, 216], [6.236744, 49.101235, 216], [6.236762, 49.101321, 217], [6.236771, 49.101448, 218], [6.236794, 49.101603, 218], [6.236782, 49.101741, 219], [6.236791, 49.10186, 220], [6.236833, 49.101969, 220], [6.236899, 49.102079, 221], [6.236956, 49.102194, 222], [6.237007, 49.102363, 224], [6.237012, 49.102457, 224], [6.236991, 49.102513, 225], [6.236867, 49.1027, 227], [6.236825, 49.103105, 231], [6.236397, 49.103112, 225], [6.235859, 49.103119, 225], [6.235534, 49.103127, 230], [6.235345, 49.103118, 230], [6.235113, 49.103093, 229], [6.235003, 49.103088, 228], [6.23474, 49.103105, 227], [6.233683, 49.103153, 224], [6.232746, 49.103234, 221], [6.23227, 49.103237, 220], [6.231933, 49.103205, 220], [6.231636, 49.103094, 219], [6.231434, 49.102947, 218], [6.231211, 49.10272, 218], [6.230871, 49.102517, 217], [6.230246, 49.102258, 215], [6.229681, 49.102098, 214], [6.228772, 49.101896, 215], [6.228244, 49.101522, 214], [6.227443, 49.101982, 214], [6.227452, 49.101989, 214], [6.227387, 49.102027, 214], [6.226368, 49.101297, 212], [6.225865, 49.10094, 211], [6.225712, 49.100851, 211], [6.225543, 49.100783, 211], [6.225307, 49.10072, 211], [6.225076, 49.100692, 210], [6.22493, 49.100685, 210], [6.224446, 49.100686, 210], [6.224441, 49.100785, 210], [6.224422, 49.100784, 210], [6.22436, 49.100782, 210], [6.224226, 49.100777, 210], [6.224178, 49.100776, 210], [6.224166, 49.100775, 210], [6.224076, 49.100773, 210], [6.224079, 49.100684, 210], [6.223528, 49.100664, 209], [6.22271, 49.100616, 207], [6.222487, 49.100617, 207], [6.222076, 49.100623, 206], [6.221854, 49.100635, 206], [6.221753, 49.100689, 206], [6.221668, 49.100712, 205], [6.221451, 49.100751, 205], [6.221279, 49.100746, 204], [6.221195, 49.100744, 204], [6.220113, 49.100724, 202], [6.219458, 49.100708, 201], [6.2188, 49.100689, 198], [6.218643, 49.100683, 198], [6.218607, 49.100705, 198], [6.218001, 49.101072, 196], [6.217945, 49.101117, 196], [6.21792, 49.101113, 196], [6.217798, 49.101094, 196], [6.217653, 49.10108, 196], [6.217586, 49.101073, 196], [6.217459, 49.101059, 196], [6.217367, 49.101061, 197], [6.217273, 49.101093, 197], [6.217103, 49.101252, 197], [6.217021, 49.101355, 197], [6.217032, 49.1014, 197], [6.217044, 49.101535, 196], [6.217022, 49.101805, 195], [6.217023, 49.101918, 194], [6.217044, 49.102062, 194], [6.217076, 49.102184, 193], [6.216978, 49.102539, 192], [6.21689, 49.102693, 192], [6.216855, 49.102946, 192], [6.216812, 49.10305, 192], [6.216754, 49.103148, 192], [6.216619, 49.103263, 193], [6.216589, 49.103292, 194], [6.216547, 49.103334, 194], [6.216457, 49.103394, 194], [6.216207, 49.103541, 196], [6.216062, 49.103638, 197], [6.215909, 49.103748, 197], [6.215824, 49.10382, 197], [6.215761, 49.103921, 197], [6.215481, 49.104234, 196], [6.215283, 49.104514, 196], [6.215266, 49.104567, 196], [6.215239, 49.104579, 196], [6.215154, 49.104667, 196], [6.215052, 49.104739, 196], [6.21495, 49.1048, 196], [6.214941, 49.104805, 196], [6.214884, 49.104834, 196], [6.214731, 49.104913, 196], [6.214702, 49.104928, 196], [6.214681, 49.104948, 196], [6.214648, 49.104978, 196], [6.214616, 49.105007, 196], [6.214598, 49.105026, 196], [6.214635, 49.105079, 196], [6.214638, 49.105114, 196], [6.214573, 49.105206, 197], [6.214493, 49.105305, 197], [6.214439, 49.105345, 196], [6.21424, 49.105593, 196], [6.214195, 49.105679, 196], [6.21399, 49.10594, 196], [6.21349, 49.10655, 196], [6.213463, 49.10657, 196], [6.213389, 49.106556, 197], [6.213264, 49.106519, 197], [6.213171, 49.106481, 197], [6.21243, 49.106383, 198], [6.212091, 49.106318, 199], [6.211858, 49.106222, 199], [6.211438, 49.106022, 200], [6.211343, 49.105987, 200], [6.211248, 49.105956, 200], [6.211093, 49.105922, 200], [6.210743, 49.105822, 201], [6.210448, 49.105678, 201], [6.210244, 49.105607, 201], [6.210132, 49.105549, 202], [6.209929, 49.10547, 203], [6.209895, 49.105503, 203], [6.209829, 49.105575, 203], [6.209792, 49.105616, 202], [6.2097, 49.105598, 202], [6.209578, 49.105592, 202], [6.209481, 49.105619, 202], [6.209352, 49.105684, 202], [6.209142, 49.105775, 202], [6.208615, 49.106027, 202], [6.208031, 49.106424, 202], [6.207958, 49.106542, 202], [6.207958, 49.106585, 202], [6.207901, 49.106587, 202], [6.207852, 49.106587, 202], [6.207804, 49.106602, 202], [6.207788, 49.106626, 202], [6.207773, 49.10667, 202], [6.207758, 49.106718, 202], [6.207717, 49.106728, 202], [6.207662, 49.106752, 202], [6.206215, 49.107831, 203], [6.206034, 49.107971, 203], [6.205877, 49.108106, 203], [6.205607, 49.108345, 204], [6.205631, 49.108365, 203], [6.205643, 49.108395, 203], [6.205653, 49.108423, 203], [6.205782, 49.108476, 202], [6.205729, 49.108522, 202], [6.205656, 49.10859, 202], [6.205609, 49.108629, 202], [6.205439, 49.108621, 202], [6.205262, 49.108748, 203], [6.205108, 49.108868, 202], [6.204801, 49.109084, 202], [6.204296, 49.109436, 199], [6.203847, 49.109739, 198], [6.20319, 49.110186, 197], [6.203095, 49.11024, 197], [6.20277, 49.110434, 197], [6.202552, 49.110588, 197], [6.202351, 49.11074, 196], [6.202258, 49.11081, 197], [6.20221, 49.110868, 197], [6.202163, 49.110925, 196], [6.202261, 49.11114, 195], [6.20228, 49.111206, 194], [6.202255, 49.11126, 194], [6.202205, 49.111307, 194], [6.20224, 49.111347, 194], [6.20226, 49.111406, 194], [6.202263, 49.111445, 194], [6.202241, 49.111505, 193], [6.202263, 49.111445, 194], [6.20226, 49.111406, 194], [6.20224, 49.111347, 194], [6.202205, 49.111307, 194], [6.202255, 49.11126, 194], [6.20228, 49.111206, 194], [6.202261, 49.11114, 195], [6.202163, 49.110925, 196], [6.20221, 49.110868, 197], [6.202146, 49.110845, 197], [6.202007, 49.110857, 197], [6.201902, 49.110865, 197], [6.201842, 49.110846, 197], [6.201782, 49.110827, 197], [6.201719, 49.110807, 197], [6.201687, 49.110797, 197], [6.201501, 49.110738, 198], [6.201301, 49.110675, 198], [6.200546, 49.110439, 200], [6.200485, 49.110423, 200], [6.200206, 49.110346, 201], [6.199865, 49.11023, 202], [6.199609, 49.110132, 202], [6.19951, 49.110089, 202], [6.199431, 49.110055, 203], [6.199225, 49.109965, 203], [6.196912, 49.108958, 207], [6.196785, 49.10889, 207], [6.196669, 49.108837, 207], [6.19625, 49.10868, 206], [6.196197, 49.10866, 206], [6.195988, 49.108582, 206], [6.195103, 49.108251, 204], [6.194997, 49.108212, 204], [6.194914, 49.108178, 204], [6.194316, 49.10792, 203], [6.19413, 49.107858, 202], [6.194069, 49.107841, 202], [6.194, 49.107831, 201], [6.193892, 49.107812, 200], [6.193795, 49.107786, 198], [6.19356, 49.107691, 198], [6.19354, 49.107681, 198], [6.193506, 49.107663, 199], [6.193202, 49.107482, 202], [6.192586, 49.107115, 199], [6.192536, 49.107085, 199], [6.192473, 49.107048, 199], [6.192291, 49.10694, 198], [6.192266, 49.106927, 198], [6.19202, 49.106804, 198], [6.191882, 49.106756, 198], [6.191745, 49.106719, 198], [6.191669, 49.106698, 197], [6.191594, 49.10677, 197], [6.191392, 49.106925, 196], [6.191278, 49.106871, 196], [6.191108, 49.106803, 196], [6.190967, 49.106789, 196], [6.19071, 49.106802, 194], [6.190617, 49.106807, 194], [6.190504, 49.106045, 190], [6.190489, 49.105942, 190], [6.190471, 49.105825, 190], [6.190464, 49.105778, 190], [6.190246, 49.105798, 189], [6.190044, 49.105792, 186], [6.189714, 49.105767, 184], [6.189614, 49.105775, 183], [6.189508, 49.105793, 182], [6.189383, 49.105815, 180], [6.189232, 49.105817, 180], [6.18905, 49.105859, 178], [6.188919, 49.105906, 177], [6.18857, 49.105977, 174], [6.18853, 49.105985, 174], [6.187622, 49.106169, 169], [6.187561, 49.106182, 169], [6.187529, 49.106188, 169], [6.187476, 49.106199, 169], [6.187462, 49.106153, 169], [6.187449, 49.106091, 169], [6.187401, 49.106097, 168], [6.187373, 49.1061, 168], [6.187318, 49.106107, 168], [6.187, 49.106145, 168], [6.186652, 49.106188, 168], [6.186414, 49.10621, 168], [6.186346, 49.10621, 168], [6.186342, 49.106249, 167], [6.186325, 49.106278, 167], [6.186145, 49.107324, 168], [6.186119, 49.107352, 168], [6.18611, 49.107406, 168], [6.18608, 49.107591, 168], [6.185232, 49.107528, 169], [6.184929, 49.107506, 170], [6.18483, 49.107499, 170], [6.184545, 49.107479, 170], [6.184217, 49.107459, 170], [6.183901, 49.107437, 170], [6.183859, 49.107434, 170], [6.183634, 49.107418, 170], [6.183617, 49.107512, 170], [6.183412, 49.107502, 170], [6.183329, 49.107497, 170], [6.183244, 49.107491, 170], [6.183229, 49.107515, 170], [6.183185, 49.107531, 170], [6.183014, 49.107518, 171], [6.183005, 49.107571, 172], [6.182999, 49.107611, 172], [6.182989, 49.107706, 172], [6.182987, 49.107726, 173], [6.182549, 49.107696, 171], [6.181239, 49.107612, 171], [6.18118, 49.107621, 171], [6.181123, 49.107629, 171], [6.181035, 49.107661, 171], [6.180975, 49.1077, 171], [6.180929, 49.107744, 171], [6.181122, 49.107839, 171], [6.180996, 49.108051, 171], [6.180864, 49.108274, 172], [6.18105, 49.108425, 171]]}}, {"type": "Feature", "properties": {"id": "parcs-de-montigny", "nom": "Les parcs de Montigny et le chateau de Courcelles", "couleur": "#5B7F3A"}, "geometry": {"type": "LineString", "coordinates": [[6.18105, 49.108425, 171], [6.180864, 49.108274, 172], [6.180996, 49.108051, 171], [6.181122, 49.107839, 171], [6.180929, 49.107744, 171], [6.180878, 49.10772, 171], [6.180827, 49.107694, 171], [6.18077, 49.107666, 171], [6.180814, 49.107571, 171], [6.180786, 49.107519, 171], [6.18072, 49.10749, 171], [6.179863, 49.107432, 172], [6.179814, 49.107429, 172], [6.179303, 49.107394, 172], [6.179307, 49.107361, 172], [6.179312, 49.107331, 171], [6.179318, 49.107287, 171], [6.179319, 49.107275, 170], [6.179288, 49.107243, 170], [6.179283, 49.107212, 170], [6.179268, 49.107211, 170], [6.179225, 49.107209, 170], [6.179173, 49.107207, 170], [6.179132, 49.107205, 170], [6.179145, 49.107153, 170], [6.17912, 49.107156, 170], [6.179074, 49.107157, 170], [6.178557, 49.107124, 170], [6.178474, 49.107113, 170], [6.178405, 49.107088, 170], [6.178255, 49.107015, 170], [6.178097, 49.106909, 170], [6.178909, 49.106441, 169], [6.178931, 49.106414, 169], [6.178993, 49.105967, 169], [6.178941, 49.105953, 169], [6.178887, 49.105919, 169], [6.17865, 49.105631, 169], [6.178618, 49.105578, 169], [6.178594, 49.105545, 169], [6.178548, 49.105496, 169], [6.178518, 49.105454, 170], [6.178487, 49.105423, 170], [6.178414, 49.105348, 170], [6.17831, 49.105192, 170], [6.178223, 49.105056, 170], [6.178196, 49.104933, 170], [6.178174, 49.104884, 170], [6.178114, 49.104766, 170], [6.178089, 49.104712, 170], [6.178057, 49.104695, 170], [6.178021, 49.104676, 170], [6.17799, 49.104616, 170], [6.17792, 49.104462, 170], [6.177899, 49.10442, 170], [6.177895, 49.104388, 170], [6.177878, 49.104341, 170], [6.177864, 49.104322, 170], [6.177797, 49.104141, 170], [6.177756, 49.104023, 170], [6.17772, 49.103895, 170], [6.177689, 49.103788, 170], [6.177662, 49.103689, 170], [6.177635, 49.103597, 170], [6.177609, 49.103504, 170], [6.177587, 49.103365, 171], [6.177594, 49.103331, 171], [6.177557, 49.103233, 171], [6.177541, 49.103191, 171], [6.177538, 49.103183, 171], [6.177529, 49.103151, 171], [6.177514, 49.1031, 171], [6.177497, 49.103075, 171], [6.177481, 49.103051, 171], [6.177427, 49.102758, 171], [6.177386, 49.102389, 171], [6.17744, 49.102355, 171], [6.17743, 49.101803, 171], [6.177426, 49.101637, 171], [6.177426, 49.101616, 171], [6.177384, 49.101602, 171], [6.177381, 49.101552, 171], [6.177378, 49.101501, 171], [6.17738, 49.101201, 171], [6.177396, 49.101149, 171], [6.177389, 49.101102, 171], [6.177408, 49.10091, 171], [6.177438, 49.10081, 171], [6.177437, 49.100677, 171], [6.177428, 49.100591, 171], [6.177423, 49.100537, 171], [6.177454, 49.100297, 172], [6.177479, 49.100121, 172], [6.177491, 49.100073, 172], [6.177501, 49.100035, 172], [6.177514, 49.09999, 172], [6.17752, 49.099972, 172], [6.177185, 49.099938, 172], [6.176044, 49.099797, 175], [6.175964, 49.099776, 176], [6.175975, 49.099762, 176], [6.175949, 49.099732, 176], [6.175952, 49.099663, 176], [6.175937, 49.099625, 176], [6.175938, 49.099603, 176], [6.175895, 49.099579, 176], [6.175851, 49.099555, 177], [6.175816, 49.099566, 177], [6.175794, 49.099566, 177], [6.175762, 49.099559, 177], [6.175739, 49.099544, 177], [6.175683, 49.099547, 178], [6.175675, 49.099423, 178], [6.175688, 49.099051, 178], [6.175675, 49.098969, 178], [6.175649, 49.098905, 178], [6.175492, 49.09864, 179], [6.175388, 49.098511, 179], [6.175278, 49.09839, 179], [6.175019, 49.098142, 180], [6.174783, 49.097971, 180], [6.174681, 49.097926, 180], [6.174559, 49.097827, 180], [6.174475, 49.097711, 179], [6.174401, 49.097741, 180], [6.174324, 49.097694, 180], [6.174262, 49.097653, 179], [6.174176, 49.097657, 180], [6.173866, 49.097639, 180], [6.173773, 49.097628, 180], [6.17367, 49.09756, 180], [6.172948, 49.097455, 182], [6.172321, 49.097375, 183], [6.172243, 49.097371, 183], [6.172253, 49.09734, 183], [6.172256, 49.097331, 183], [6.17225, 49.097311, 183], [6.17228, 49.097206, 183], [6.172285, 49.097136, 183], [6.172387, 49.09683, 182], [6.172411, 49.096799, 182], [6.172533, 49.096425, 183], [6.172646, 49.096435, 182], [6.172682, 49.09639, 182], [6.172696, 49.096324, 182], [6.172748, 49.096186, 182], [6.17275, 49.096142, 182], [6.172898, 49.096156, 181], [6.173012, 49.096264, 181], [6.173072, 49.096307, 180], [6.173138, 49.096327, 180], [6.173207, 49.096318, 180], [6.173337, 49.096257, 179], [6.17339, 49.096206, 179], [6.173424, 49.096136, 178], [6.173471, 49.096202, 178], [6.173424, 49.096136, 178], [6.17339, 49.096206, 179], [6.173337, 49.096257, 179], [6.173207, 49.096318, 180], [6.173138, 49.096327, 180], [6.173072, 49.096307, 180], [6.173012, 49.096264, 181], [6.172898, 49.096156, 181], [6.17275, 49.096142, 182], [6.172585, 49.096129, 182], [6.172566, 49.096128, 183], [6.172595, 49.095983, 182], [6.172537, 49.095976, 183], [6.172855, 49.095118, 181], [6.17289, 49.095043, 181], [6.172937, 49.094962, 181], [6.172977, 49.094898, 181], [6.173288, 49.094491, 182], [6.173191, 49.094441, 182], [6.173143, 49.094409, 182], [6.173095, 49.094376, 182], [6.17402, 49.093819, 183], [6.174684, 49.093427, 186], [6.174722, 49.093405, 186], [6.174739, 49.093395, 186], [6.174679, 49.093356, 186], [6.174725, 49.093288, 186], [6.174723, 49.093251, 185], [6.174685, 49.093207, 185], [6.174524, 49.093105, 185], [6.174272, 49.092972, 185], [6.173775, 49.092816, 186], [6.173655, 49.092772, 186], [6.173662, 49.092734, 186], [6.17363, 49.092724, 186], [6.173582, 49.092711, 186], [6.173538, 49.092698, 186], [6.17338, 49.09265, 186], [6.173292, 49.092606, 186], [6.1732, 49.092648, 186], [6.173153, 49.092674, 186], [6.173075, 49.092743, 185], [6.172918, 49.092898, 185], [6.172518, 49.093294, 184], [6.172311, 49.093488, 184], [6.172125, 49.093648, 184], [6.172098, 49.093672, 184], [6.172073, 49.093694, 184], [6.172048, 49.093714, 184], [6.17175, 49.093967, 183], [6.171605, 49.094091, 183], [6.171558, 49.094127, 183], [6.171477, 49.094175, 183], [6.171398, 49.09421, 182], [6.171319, 49.094237, 182], [6.171207, 49.094264, 182], [6.171137, 49.094274, 182], [6.171002, 49.094272, 183], [6.170927, 49.094265, 183], [6.170785, 49.094237, 184], [6.170504, 49.094181, 185], [6.170447, 49.09417, 185], [6.170312, 49.094144, 185], [6.169927, 49.09408, 184], [6.16978, 49.094065, 184], [6.168639, 49.093961, 184], [6.168625, 49.094033, 183], [6.168616, 49.094117, 181], [6.168613, 49.094154, 180], [6.168605, 49.094287, 180], [6.168598, 49.094404, 180], [6.167913, 49.094389, 180], [6.167659, 49.09439, 181], [6.16722, 49.09439, 181], [6.16709, 49.09439, 181], [6.166818, 49.094394, 180], [6.166155, 49.094409, 180], [6.165593, 49.09443, 180], [6.165514, 49.094444, 180], [6.165268, 49.094504, 180], [6.164989, 49.094569, 180], [6.164787, 49.094617, 180], [6.164264, 49.094741, 181], [6.16393, 49.094788, 181], [6.163779, 49.094801, 181], [6.163629, 49.094802, 182], [6.163471, 49.094781, 182], [6.16338, 49.094754, 182], [6.163265, 49.094702, 183], [6.163167, 49.094646, 184], [6.163088, 49.094584, 184], [6.162737, 49.094282, 188], [6.162714, 49.094262, 188], [6.162697, 49.094247, 188], [6.162629, 49.094185, 188], [6.16252, 49.094215, 188], [6.162499, 49.094221, 188], [6.162456, 49.094232, 188], [6.16098, 49.094611, 188], [6.159125, 49.095127, 188], [6.159053, 49.095147, 188], [6.15863, 49.095267, 189], [6.158536, 49.095294, 188], [6.158441, 49.095324, 188], [6.158289, 49.095141, 188], [6.158204, 49.095176, 188], [6.157813, 49.095331, 188], [6.157298, 49.095549, 188], [6.156689, 49.094923, 188], [6.156599, 49.09483, 188], [6.15618, 49.094458, 188], [6.155709, 49.094037, 188], [6.155333, 49.094209, 188], [6.155014, 49.093941, 188], [6.154788, 49.094043, 188], [6.154527, 49.094161, 188], [6.154848, 49.094438, 188], [6.154198, 49.094753, 188], [6.153531, 49.095072, 189], [6.15381, 49.095303, 188], [6.154017, 49.095487, 188], [6.154209, 49.095695, 186], [6.154265, 49.095756, 186], [6.15429, 49.095795, 185], [6.154311, 49.09585, 184], [6.154383, 49.096356, 185], [6.154413, 49.096431, 186], [6.154545, 49.096551, 186], [6.154678, 49.096673, 188], [6.154751, 49.096737, 188], [6.154716, 49.096756, 188], [6.154657, 49.096791, 188], [6.154582, 49.096832, 188], [6.153888, 49.097215, 188], [6.153609, 49.097344, 188], [6.153291, 49.097488, 187], [6.153189, 49.097518, 187], [6.152628, 49.097764, 185], [6.152699, 49.097838, 186], [6.152841, 49.097967, 186], [6.153461, 49.098535, 186], [6.153518, 49.098588, 186], [6.153592, 49.098657, 186], [6.153998, 49.099029, 185], [6.154716, 49.099687, 185], [6.154782, 49.099748, 185], [6.154836, 49.099797, 185], [6.154963, 49.099913, 185], [6.154998, 49.099945, 185], [6.155024, 49.099968, 185], [6.1547, 49.100025, 184], [6.15409, 49.100131, 184], [6.153934, 49.100172, 184], [6.153796, 49.100157, 183], [6.153449, 49.100094, 182], [6.153392, 49.100093, 182], [6.153336, 49.100109, 182], [6.153289, 49.100132, 182], [6.153248, 49.100163, 181], [6.153187, 49.100214, 181], [6.153122, 49.100263, 181], [6.153016, 49.100317, 181], [6.152902, 49.100235, 181], [6.152834, 49.100264, 181], [6.152902, 49.100235, 181], [6.153016, 49.100317, 181], [6.153122, 49.100263, 181], [6.153187, 49.100214, 181], [6.153248, 49.100163, 181], [6.153289, 49.100132, 182], [6.153336, 49.100109, 182], [6.153392, 49.100093, 182], [6.153449, 49.100094, 182], [6.153796, 49.100157, 183], [6.153934, 49.100172, 184], [6.154025, 49.100277, 184], [6.154352, 49.100569, 184], [6.154466, 49.100668, 184], [6.154356, 49.100722, 184], [6.154213, 49.100792, 184], [6.1543, 49.100872, 184], [6.154266, 49.100887, 184], [6.154286, 49.100906, 183], [6.154195, 49.100948, 183], [6.154164, 49.100921, 183], [6.154118, 49.100942, 182], [6.154108, 49.100947, 182], [6.154176, 49.101002, 182], [6.154094, 49.10104, 181], [6.153991, 49.101091, 180], [6.153944, 49.101118, 180], [6.153659, 49.101282, 179], [6.153615, 49.101307, 179], [6.153537, 49.101353, 178], [6.153386, 49.101439, 176], [6.153102, 49.10161, 174], [6.152333, 49.102067, 169], [6.151808, 49.102404, 169], [6.151519, 49.102614, 169], [6.151479, 49.102643, 169], [6.151541, 49.102675, 169], [6.151586, 49.102705, 169], [6.151297, 49.102911, 169], [6.150588, 49.103359, 168], [6.150544, 49.103394, 168], [6.150582, 49.103429, 168], [6.150583, 49.103471, 168], [6.150543, 49.103524, 168], [6.150045, 49.103888, 168], [6.150018, 49.103908, 168], [6.149986, 49.10393, 168], [6.149945, 49.103947, 168], [6.1501, 49.104042, 168], [6.150266, 49.10414, 168], [6.150401, 49.104219, 168], [6.150425, 49.104232, 169], [6.150475, 49.104265, 169], [6.150564, 49.104333, 169], [6.150594, 49.104355, 169], [6.150627, 49.104376, 169], [6.150668, 49.104402, 169], [6.150783, 49.104319, 168], [6.150832, 49.104337, 168], [6.150874, 49.104352, 168], [6.150953, 49.104376, 168], [6.151792, 49.104482, 168], [6.151889, 49.104488, 168], [6.152128, 49.104504, 168], [6.152374, 49.104521, 168], [6.152515, 49.10454, 168], [6.153219, 49.104635, 167], [6.154392, 49.104792, 167], [6.154403, 49.1048, 167], [6.155123, 49.104886, 167], [6.155172, 49.105117, 167], [6.155248, 49.105184, 167], [6.155336, 49.105223, 167], [6.155385, 49.105258, 167], [6.155472, 49.105339, 167], [6.155607, 49.105411, 167], [6.155678, 49.105472, 167], [6.155744, 49.105413, 167], [6.155773, 49.105377, 167], [6.155838, 49.105378, 167], [6.155773, 49.105377, 167], [6.155744, 49.105413, 167], [6.155678, 49.105472, 167], [6.155749, 49.105523, 167], [6.155842, 49.105563, 167], [6.155926, 49.105573, 167], [6.156125, 49.105576, 167], [6.156138, 49.105636, 167], [6.156267, 49.105877, 167], [6.156324, 49.105953, 167], [6.15637, 49.10606, 167], [6.15637, 49.10614, 167], [6.156382, 49.106192, 167], [6.156422, 49.106238, 168], [6.156798, 49.106243, 168], [6.157404, 49.106253, 169], [6.157466, 49.106253, 169], [6.157525, 49.106265, 169], [6.157551, 49.106317, 169], [6.157555, 49.106384, 169], [6.157557, 49.106409, 169], [6.15756, 49.106446, 169], [6.157976, 49.106457, 170], [6.158228, 49.106479, 170], [6.158238, 49.106447, 170], [6.158239, 49.106431, 170], [6.158242, 49.106348, 170], [6.158251, 49.106293, 170], [6.158218, 49.106254, 170], [6.15812, 49.106173, 169], [6.158515, 49.105998, 170], [6.158326, 49.105813, 170], [6.158943, 49.105529, 175], [6.159026, 49.105482, 176], [6.15905, 49.105467, 176], [6.158739, 49.105262, 174], [6.158694, 49.1052, 173], [6.158634, 49.105145, 172], [6.158207, 49.104753, 172], [6.158126, 49.104678, 172], [6.157999, 49.104611, 172], [6.157373, 49.104344, 172], [6.157263, 49.104314, 172], [6.157114, 49.104256, 172], [6.156844, 49.10412, 172], [6.156679, 49.104002, 173], [6.156467, 49.10382, 174], [6.156076, 49.103447, 176], [6.156108, 49.103434, 176], [6.156134, 49.10342, 177], [6.156194, 49.103466, 177], [6.156254, 49.103454, 177], [6.156383, 49.103449, 178], [6.156494, 49.103445, 178], [6.156609, 49.103433, 178], [6.156612, 49.103344, 178], [6.15667, 49.103259, 178], [6.156723, 49.103185, 178], [6.15667, 49.103259, 178], [6.156612, 49.103344, 178], [6.156609, 49.103433, 178], [6.156741, 49.103691, 176], [6.156808, 49.103824, 176], [6.156876, 49.103907, 176], [6.156983, 49.103973, 176], [6.157138, 49.104028, 175], [6.15731, 49.104042, 176], [6.157471, 49.104035, 176], [6.157773, 49.103966, 176], [6.158007, 49.103799, 177], [6.158153, 49.103862, 176], [6.15826, 49.103756, 176], [6.158355, 49.103793, 176], [6.158577, 49.10388, 176], [6.158669, 49.103917, 176], [6.159026, 49.103548, 178], [6.159371, 49.103718, 178], [6.159523, 49.103796, 178], [6.159455, 49.10384, 178], [6.159395, 49.10391, 178], [6.159416, 49.103922, 178], [6.159474, 49.10396, 178], [6.1595, 49.103989, 178], [6.159519, 49.104038, 178], [6.159515, 49.104074, 178], [6.159579, 49.104076, 178], [6.15966, 49.104089, 178], [6.159724, 49.104108, 178], [6.159805, 49.104148, 178], [6.15982, 49.104235, 178], [6.159932, 49.104316, 178], [6.160056, 49.104372, 178], [6.160272, 49.104447, 178], [6.160317, 49.104456, 178], [6.160365, 49.104452, 178], [6.160458, 49.104517, 178], [6.160643, 49.10463, 179], [6.160728, 49.104683, 179], [6.160695, 49.104701, 179], [6.160633, 49.104708, 179], [6.160633, 49.104708, 179], [6.160695, 49.104701, 179], [6.160728, 49.104683, 179], [6.160849, 49.104757, 179], [6.16087, 49.104795, 179], [6.160771, 49.104854, 179], [6.160771, 49.104945, 179], [6.16075, 49.105013, 178], [6.16072, 49.105053, 178], [6.160671, 49.105049, 178], [6.160645, 49.105054, 178], [6.16045, 49.105198, 178], [6.160102, 49.105438, 178], [6.160024, 49.105493, 178], [6.159793, 49.105652, 178], [6.159719, 49.105702, 178], [6.159701, 49.105714, 178], [6.159612, 49.105772, 178], [6.15957, 49.105802, 178], [6.160043, 49.106072, 178], [6.160323, 49.106198, 178], [6.160764, 49.106436, 178], [6.161275, 49.106694, 178], [6.161354, 49.10676, 178], [6.161642, 49.106908, 178], [6.161656, 49.106915, 178], [6.16247, 49.107341, 180], [6.162566, 49.107386, 179], [6.162645, 49.107434, 179], [6.162836, 49.107578, 179], [6.162924, 49.107661, 180], [6.163382, 49.108169, 180], [6.163437, 49.108219, 180], [6.163513, 49.10829, 180], [6.163549, 49.108324, 180], [6.163769, 49.108528, 180], [6.163996, 49.108722, 180], [6.164441, 49.109087, 180], [6.164775, 49.109343, 180], [6.164863, 49.109402, 180], [6.164964, 49.10946, 181], [6.165367, 49.109698, 181], [6.165656, 49.109833, 181], [6.165806, 49.10989, 182], [6.165874, 49.109916, 182], [6.166105, 49.109976, 182], [6.166364, 49.110029, 182], [6.166615, 49.110075, 182], [6.166869, 49.110108, 182], [6.167084, 49.110143, 182], [6.167223, 49.110165, 183], [6.167381, 49.110214, 183], [6.167387, 49.110266, 183], [6.167389, 49.11028, 183], [6.167545, 49.110321, 183], [6.167798, 49.110328, 182], [6.169351, 49.110438, 182], [6.170506, 49.11052, 180], [6.170601, 49.110566, 180], [6.170667, 49.110565, 180], [6.170724, 49.110564, 180], [6.170783, 49.110549, 180], [6.170836, 49.110535, 180], [6.171303, 49.110523, 179], [6.171808, 49.11051, 179], [6.171868, 49.110508, 179], [6.171952, 49.110492, 179], [6.172045, 49.110471, 179], [6.172384, 49.110413, 179], [6.172781, 49.110367, 178], [6.173017, 49.11037, 178], [6.173223, 49.110387, 177], [6.173714, 49.110428, 177], [6.17385, 49.110431, 176], [6.173967, 49.11044, 176], [6.174107, 49.110443, 176], [6.174246, 49.110438, 176], [6.17443, 49.110416, 176], [6.174577, 49.110385, 176], [6.174642, 49.110364, 176], [6.174735, 49.110331, 176], [6.174883, 49.110302, 175], [6.175917, 49.110019, 174], [6.175958, 49.110086, 174], [6.175987, 49.110132, 174], [6.175994, 49.110144, 174], [6.176057, 49.110174, 173], [6.176148, 49.110151, 174], [6.176221, 49.110134, 174], [6.176343, 49.110111, 174], [6.176638, 49.110254, 174], [6.176661, 49.110233, 174], [6.176737, 49.110166, 174], [6.17678, 49.110128, 174], [6.176962, 49.110015, 174], [6.17701, 49.109977, 174], [6.177064, 49.109929, 175], [6.177096, 49.1099, 176], [6.177196, 49.109814, 178], [6.177369, 49.109662, 180], [6.177431, 49.109607, 180], [6.177451, 49.10959, 180], [6.177644, 49.109423, 179], [6.177731, 49.109345, 179], [6.177855, 49.109235, 179], [6.177935, 49.109165, 179], [6.178123, 49.109, 179], [6.178537, 49.108634, 176], [6.178578, 49.108597, 176], [6.178965, 49.108637, 174], [6.179032, 49.108629, 174], [6.17923, 49.108603, 172], [6.179477, 49.10859, 172], [6.17959, 49.108489, 172], [6.179953, 49.108699, 172], [6.180009, 49.108723, 172], [6.180032, 49.108707, 172], [6.180072, 49.108681, 172], [6.180105, 49.108656, 172], [6.180121, 49.108642, 172], [6.180171, 49.108599, 172], [6.180195, 49.108564, 172], [6.180304, 49.108364, 172], [6.180421, 49.108172, 172], [6.180469, 49.10815, 172], [6.180536, 49.108036, 171], [6.180614, 49.108042, 171], [6.180742, 49.108015, 171], [6.180929, 49.107744, 171], [6.181122, 49.107839, 171], [6.180996, 49.108051, 171], [6.180864, 49.108274, 172], [6.18105, 49.108425, 171]]}}]}